text,label
mike traumatic season parent hospital little sister missing girlfriend going upside forever like closed ... lot,-1
"bad yall. wth writing, pacing volume bad too. bored till jonathan nancy scene shouldve died scene but didnt. literally 0 stake dumb show. main character plot armor.",-1
not single shot final episode,0
rated j jesus box office blasphemy hollywood cant stop saying name,0
hollyweird ever stop attacking christianity. blasphemy season burned ears. disgusting evil. believe story hear hollyweird. satanist,-1
watching finale room 31st mum drag church,0
netflix ruined series glorifying homosexuality. disgrace.,-1
watching volume 2 realize 3 episodes... wtf happens finale,0
"watching it, realized welcome derry better series full agenda",0
season disappointment far. karen arch good thing it!i think headed finale got...,-1
"confession lame powerful badly acted, actor dialogue could better thats huge crux storyline",-1
"holly played major key role season, took limelight regular cast el far less screentime but guess finale williamsteveeddie maxholly, best team season",1
"release date fake, still not out.",-1
stupid! spent 10 minute kid cry could say gay. america. fool,-1
"die, die. guess netflix ! subscription die ..........",-1
nancy think shes arniewill fruity two shoesrobyn confused moron talk much television everthe rest master downing shit burgerswhat absolute shit show turned,-1
shit show,-1
whole volume cry eye mix excitement. beginning end everything. expect major emotional moment finale well lot things.,1
"finishing volume 2 realizing fact actually holly falling sky, messed poor girl enough.",-1
watch know finale,0
bro not even single clip last episode suppose waittttttttttt,-1
"holy shit watch just. vol 2. worm hole science included awesome. amazing. cant say much amazing. upside dream asal vo myth nikla . actually reason tho dark matter tha jo wall ko attract kr ke roke hue tha . .that blow scifi idea. aur aisi movie arts,commerce etc wale ke palle nhi padne wala ....as science student say this.",1
heard vecna say time...for new world. yet?,0
3v1 lifetime,0
not single clip finale..,-1
season called last one? sure vecna defeated everything restored season? estimated vecna powerful way defeat season 6......one season....please,-1
please release finale indian cinema too.,1
please release finale indian cinema too.,1
please release finale indian cinema too.,1
please release finale indian cinema too.,1
please release finale indian cinema too.,1
please release finale indian cinema too.,1
please release finale indian cinema too.,1
please release finale indian cinema too.,1
please release finale indian cinema too.,1
please release finale indian cinema too.,1
please release finale indian cinema too.,1
please release finale indian cinema too.,1
please release finale indian cinema too.,1
please release finale indian cinema too.,1
please release finale indian cinema too. ive heard released cinema u,1
please release finale indian cinema too.,1
will gay theme really bring series me. obvious addressed several episode scene throughout series. kicking dead horse. waste episode.,-1
actress kali forgot act volume 2 reciting dialogue without invoking emotion,-1
wait episode 8,0
honestly max stole show season.fkn amazing acting,1
stranger thing based genocyber?,0
gonna talk abt ho 0 vids ep 8...,0
"so... canceled nf subscription... apparently, according story, accepting gay key saving th universe wish joking",-1
three episode stranger thing noooo,-1
volume 2 saving max vecna,0
ever directed season 5 sentenced prison life,-1
feel like im way passionate series boring writing.,-1
guy dropped ball bigtimesetting first half like completely throw away crazy. like wanted end show worst possible way lolwhy yo force dei us? bad enough robin entire character beinggay but too? doesnt matter happens last episode completely sucked ruined show. hollywood always ruin everything.,-1
tf thought holly falling,-1
underwhelming sure,-1
"there two scene finale first trailer, one none",-1
"nancy always stupid person proved right. one people think brave correct, know doing, although wrong, something great. god feel good let watching s5 e5",0
"yall tweakers, wasnt eddie falling sky",-1
keep making better better everytime!???i cried much eye hurt,1
spoiler lucas one spartan,0
"penultimate episode full different emotions! ive kind person who, since childhood, watch movies, listens music, play games, im there, side screen, experience everything along characters. ive developed habit pausing show sitting while, thinking, digesting ive heard seen, containing emotions.god, even plot line end completely unexpected way me, ill still overjoyed, or, contrary, ill weep like last creature earth, but ill incredibly grateful universe creator watched divine series!i pray goodness, unbreakable health, happiness, blessing everyone created starred seriesits miracle! ... p.s. heartfelt thank ordinary, mortal viewer russia!",1
"let everyone know, not single clip episode 8 trailer wtfff would happen episode 8 no idea look insane",-1
woke crap didnt think duffer br would but,-1
"finished watching volume 2. me, anyone else disappointed volume 2? really hoping final episode make it.",-1
whats side? ...death chill,-1
dustin right. everything upside knew wrong,0
"idk me, but need voice this. really hate typical hero stuff, forever stereotype hero never recognized hated criticized public extent become runaway outcast but still put cloak hat save people hate them. mean, come eleven perceived enemy since season 1, always run one other. even last season, still hasnt gained recognition anyone except friend new friend goup ie robin max. watching hunted like dangerous villain earth no resident hawkins know good way meanwhile girl working head save friends, hawkins world point doesnt even rest, what? freak?? cant sit right one, personally",-1
"vol 2 cant match like v1 !!! disappointing.,....",-1
came back byler officially dead,-1
there nothing finale not single clip,-1
millie bobby brown terrible acting wow,-1
11 8 gonna die,-1
hate kaliiii,-1
another 5 day wait finale absolutely disgusting,-1
volume 2 letdown! like wth duffer brother hyped much. noah acting lumax good thing. coming half hawkins joke,-1
trailer better entire season.,1
show shouldve ended way earlier...,-1
underwhelming vol 2.,-1
who finishing volume 2?,0
0025 reminds peacemaker,0
yall hating volume 2 btw,-1
hot take vol 2 flawed but incredibly overhated,-1
yaay,1
checked scene vol 2. no new one finale!,0
gun shot music,0
byers cringe,-1
"derek,holly sadie scene interesting",1
hate making gay duffer brother,-1
came watching vol 2,0
watching volume 2,0
no vi el beso de mike,0
hell no clue finale trailer?,-1
who find scene finale episode?,0
nancy pulling insane kda...,0
kid ate mcdonalds growing hormone injected chicken look like adult,-1
vol 2,0
011,0
"disappointed lot also didnt like season 4 thought gonna make something awesome season but like soup dont think gonna save whole season finale episode. dont know, childhood deserved better",-1
watched s5s57,1
"015 wait rest entered tunnel sorcerer. mean since max holly travel vecnas mind memory must mean travel wills, right? also key moment right robin give speech leading getting powers. think escape will mind.",0
rewatching trailer realizing not single clip finale,0
die die plssssss no,-1
rewatching trailer watched volume 2,0
karen best st character ever?,0
duffer brother right. theory wrong except maybe wormhole but nothing time jump.,-1
finished volume 2 soo.... everything going happen final episode!,-1
damn trailer better vol 2...,1
"saw end avenger era, approaching end stranger thing era.",0
volume 1 volume 2 volume 2 disappointed,-1
"not single scene trailer new year eve episode, omg, guy planningggggg",-1
back watching vol2. not even single shot ep8.,0
"watching episode 7 bridge, here predicted death ranking finale hear out, line saw 1. kali whole arc season emotionally heavy tied eleven choices. shes basically pitching suicidestyle plan el collapse bridge forever, story feel like heading tragic end. 2. eleven shes core, but episode 7 end maybe agreeing kali plan. hesitation feel like setup huge risk might stay behind. 3. he emotionally connected group moral center he accepted publicly, but vecnas targeting personally before, connection bridge make real target. 4. steve front group plan, right danger zone. death would hit hard emotionally, especially bond dustinhes mentoring protecting season, dustin would feel loss deeply. 5. hopper protective figure eleven emotional anchor group survival uncertain, especially story put sacrificial role save eleven. 6. holly pulled around upside down, nearly captured multiple times, trapped vecnas lair, situation extremely precarious. one wrong move could gone instant. 7. dustin usually clever resourceful, but episode 7 put constant danger. monster move steve possibly sacrificing himself, dustin could face lifeordeath situation test limits. let see actually make it! like comment finale prediction rightor roast theyre wrong.p.s. think character top 5 wouldnt make it.",-1
"well, season worst.the writing boring, pure torture watch!",-1
video good,1
noah acting peak,1
holly falling nobody guessed omg,-1
"dont like series anymore shut hell go worthless, collapsing, fragile little life leave goddamn awesome series alone, cause least theyre successful unlike freak thats insecure stuck mindset old shitty times.",-1
who volume 2,0
"shithead need lick ass shut hell up, specifically part came gay. bunch asshole saying waste time, fact, lot people thats part lgbtq much successful sucker much better life have. defending theyre not homophobic but feel coming part waste, well guess big deal vecna know showed didnt come alone biggest secret, he gay wasnt able fully accept he scared people might think guess another he right world doesnt need lecture god made male female shouldnt gay anything well people invent technology god time wasnt? but hey, people benefited accepted it, people life became easier didnt? well letting someone accept themselves.maybe people thats jealous free without hiding pretending anything someone yet everyone love still love him, something nasty shithead might not thats found disturbing, bunch satan little dolls.",-1
bro loved dustin volume 2 but even trailer couldnt dress zero action episode 57,0
"dont know why, but theory guessing vecna snape harry potter, protecting whole time. guess, eight, would villain create memory nested memories, henry trapped eight mind.. kind thingand came hive mind vol2 el, but henry didnt try stop el, like why? want there?",0
volume 2 pretty good though bit disappointed it.,1
f show. stopped watching soon came fag! tired bs. ruined show. not mention acting straight trash,-1
"action missing, expecting volume 2. not good stranger thing",-1
who watching volume 2??,0
vol2 horrible wtf wrote,-1
love series but vol 2 total disappointment,-1
sound track,0
finished vol 2 who,0
who volume 2???,0
"far theyduffers literally betrayed every character. hopper still stuck anxiety losing eleven. murray cliche nothing new add story. eleven still acting like child cant think herself. mike still follower refuse listen literally didnt hear found holly busy screaming, nobody care jonathan nancy, could shown happy end would achieved same, neither one changed grew experience. dustin steve real organic character growth gotten season 5. mean god sakes, nancy killed people act didnt feel guilt shame it. blah blah blah, gay but wasted 10 damn minute screen time something pointless. everybody sitting around cry would not real reaction. nobody care like men. world collapsing think genitals find attractive. wokeness real mind flayer here. netflix executive trying destroy another series pointless garbage instead write meaningful interesting story.and shit company buying harry potter. god help u all!!!",-1
who finishing volume 2?,0
steve die ok but steve die dieeee,-1
nancy looked badass last scene. damn,1
"guy nothing yet happened steve,duffer brother please keep way",0
"phenomenal ending volume 1, volume 2 bit letdown overall. hopefully land plane finale..",1
well.. wait last episode january 1 disappoint not,0
hospital disappointing...no deaths? thats crazy.but still good volume,-1
bro woke shit still show !!!,-1
nancy jonathan surviving spoiler trailer,0
"goddamn, literally stupid waste time come closet everyone knew guy obvious. literally waste time, made no damn sense put there. wow!!! dense!!!!",-1
"favourite web series stranger thing excited part 5,6,7 video",1
"worst 3 hour ever! hell thought idea third world called abyss nothing anything leading point? clearly came last minute vecnas original plan reshape hawkins never dragged abyss previous episodes. vecna upside library anyway? monologue character tiresome. im trying really hard picture ending satisfying given one episode left, but cant see it. even plot hole before!",-1
already trying figure thing,0
"first episode series much better every way whole 5 season acting, visuals, cgieffects, background music.. every single thing one episode thrilling this. cost fraction cost",1
vol 2 dissapointing,-1
volume two let hope finale make,1
"im screaming get rid kali! cause vecna dead, kali going show true self! also, im glad hop see it! hope plan! im sure does! but see starting ending will. he going die. going sad! but got hug came seen real friend going hard see go smh cried nancy jon broke but wasnt breaking happened",0
vol 2 badddd,-1
yo unrelease t righr,0
not single scene episode 8 btw ducisjsixisjsjsjzj,0
"finished watching vol 2 hour ago still cant get shocking was. crazy, jaw dropped",-1
come back watching vol2 crazy masterpiece love show sad one episode ep6 one best episode ever watched many question many cool moment watch vol2 crazy,1
finished volume 2 feel rather disappointed.,-1
"glad didnt watch trailer released, reveals lot",0
dont check comment u dont want spoilersso turn everything true dosent like girls..,0
wait finale trailer,0
who finishing volume 2?!,0
really disappointed editing.,-1
who watching volume 2?,0
"saw 3 episode drama hype part 2 nothing, no one die, add gay message minor emotiion!!!!!!!",-1
whole moment could cut 30 seconds. didnt need 15 minute crap there limited time left finish hell lot important stuff.,-1
who watching volume 2,0
someone waching vol.2? cant wait finale!,1
keep dragging it......... .....,-1
who volume 2,0
volume 2 okayish. . didnt set pace much waited finale,-1
029 steve mother god,0
im staying awake night fr,0
2 episode insane,-1
finished watching volume 2 cant wait finale volume new year,1
coming tomorrow,0
"im episode 6, no word",-1
watching part 2?,0
steve died,-1
comeou,0
spoiler steve officially passed away,-1
"released, first comment",0
yo. stranger thing no running hill. no one want hear song again.,-1
excited!!,1
5 min left,0
136 die... die...,-1
new sexy,1
faltammm 30 minutoooosssss,1
hear guy 138 show 11 ripping stuff im guessing took someone maybe but someone got taken theyre ripping little tentacle whatever,-1
"obvious gonna die, tied like harry potter voldemort, demogorgon burned ep 4, fainted started convulsing, demo were....",-1
die die wow,-1
sooooooooooooo excited 1hr!!!!!!!!!!!!!!!!,1
cannot believe end like oh god watching since 7,-1
rain thunder big double body slam mr.whatsit max holly escape,0
someone know love im gonna fight air,1
hour blessed,1
noah interview may leaked thing said vecna misunderstood,0
robin dying,-1
tell safest character mike,0
everyones gay. end. saved lot time people. dont know woke went back time but is.,-1
come 1 hour 50 min btw,1
think one gonna emotional,0
every trailer vecna time,0
2 hour guy,0
140 mind flyer ?,0
darth vader beat vecna. good battle. honor james earl jones.,1
trailer craziest one soo far love ittt,1
last hour till childhood,0
think cause see max holly go multiple door dimension door but find right one go present day not past maybe vecna chasing aswell?,0
who taking cup water thursday,0
not able handle sad ending,-1
drew character pencil stranger thing fan love,1
steve dustin dy die,-1
im redy,0
merry christmas guys!!,1
5 hour remaining!!!,1
5 hour receive 4 hour stranger thing greatness,1
wouldnt wasnt waiting show. im 20 kid otw,1
no one asks question?if upside creation mind......than demigorgons ............,-1
mr whatsit,0
waited 5 fking season boy showoff,-1
merry christmas who excited volume 2,1
"steve die ,you doe",-1
"guy found something, watch 118 someone falling, maybe sacrifice season 5,but dont want steve dustin die",-1
change song? stranger thing running hill period,0
lucas plssssss buy spotify premium,0
aint u late??,0
042 muzan,-1
032 wait kinda look like dead light,0
today coming outttt!!!!,1
like staying awake till 1am bringe watch new episodes.,0
today day,1
"basically shock jock episode , something bad happens steve everybody think steves dead. but steve reappears crucial time making plot twist.",0
protect steve harrington,0
bring 2 theory 1kali upside studied ability used create energy hawkins lab rise ugly walls2in main trailer vecna said william youll help one last time didnt said vol 1 lead betrayal vol 2 finale,0
bring 2 theory 1kali upside studied ability used create energy hawkins lab rise ugly walls2in main trailer vecna said william youll help one last time didnt said vol 1 lead betrayal vol 2 finale,0
"think choice choosing side song not good all. show mystery suddenly song add upbeat element it, match mood all.",-1
cant wait,1
timeee yesssss,1
vecna looking like swamp thing every passing day,-1
"man sorcerer episode, hyped vol. 2 drop! really hope max holly escape upside down.",1
everything started going end william.......,0
everything ever assumed upside dead wrong bro im scared happen volume 2,-1
"ha, stupid soldier brought gun nancy fight",-1
gun shot fire,0
pls dont tell steve going die,-1
finally tomorrow,0
upside creature,-1
"or,all story real but upside world real world trapped fake world?",0
"think whole story based dungeon dragons, 4 child mike, dustin, lucas imagining upside world created imagination got missing",0
hour volume 2,1
yeahhhhhhhhh. steve dy,-1
guy crazy fan theory blow mind bro tell netflix reply comment,1
christmas day trailer say christmas day . but netflix say friday he lying he lying !!! finale wont new year,-1
dec 25. still not on. think yer pulling middle legs....,-1
avenger endgame vibe....,0
chrissy alive died stranger thing season 5,0
vecna time,0
legendary show one hit season another. final season another hit really hope nail ending perfectly.,1
noooooo! not ready,-1
sinnax trailer watch trailer,0
so...... vecnas transforming another version???? vecna promax 3.0????,0
let gooooo,1
.,0
,1
yes december 25,0
dropped hell lot pretty hard watch honest .. massively rushed no story ... exactly expected.. want w8 year shoe come netflix get it. thats diddy smashed netflix coz dumbos,-1
going epic thing ever seen,1
ready tomorrow,0
"also think there no happy end, feel like, many character die",-1
"hours left volume2, cant wait anymoreeee! dont even try hurt steve duffer else ready episode 9",1
honestly guy prepared ending going break many heart .it not going happy ending. else whats point vecna.,-1
"chance end upcoming ep. , get see 011 002 . make 013 saw beginning 13 come dice demo chhuu mantar .",0
tomorrow could upside down. drop like agree,0
eddie 115,0
christmas day no stranger thing,1
mariah carey timeeeevecna time.,0
show gift generation,1
anyone watching christmas,0
dustin die. lost alot,-1
338,0
,-1
honestly even though last season wouldnt surprised pulled fast one u said there movie finale coming next year,0
cooking,0
lucas get buzz,0
please dont let steve diethen im gonna uninstall netflix,-1
im,0
perfect song choice,1
"die, die. dont feel great this...",-1
die die,-1
steve,1
crazy excited,1
"024 peacemaker season 2 ending, peacemaker walked door. peacemaker came stranger things universe",0
"hearing case eleven step dad, show look disgusting. seen acting. look like cooking something private.",-1
8 min,0
vecna huge clock still saying season time,1
"die, netflix die.",-1
vecna timepizza time,0
verna struggling choose skin,0
today,0
nancy look eerily similar sarah connor shoot gun?,0
"steve gonna die, gonna die, max gonna die, holly gonna die, basically everyone gonna die except derek.",-1
25th december. volume 2,0
steve bhai ko pure india ka support h,1
tomorrow,0
tommorow,0
know doesnt government bomb upside,-1
give vecna gonna clap wooden butt way upside down.,0
"dont cry over, smile happened dr. seuss",1
today!,1
fahhhhh also vecna picking skin type,0
steve dy die really irl sue guy,-1
out. image 5 season series 11 years. image could ended 3. brother really draw show out. almost beat to..,0
but christmas today na?,0
stranger thing tomorrowwwww,0
feeling nobody going die? lol . thought someone going die season 4 nobody did.,-1
,1
hopefully dustin less emo part. couldnt stand first four episodes. he usually one favorite character,0
im gonna puke im excirdd,1
el new airbender?,0
let fuckin go!,1
115 mil hug dustin,0
tomorrow guys!!!!!!!,1
050 u still alive?!,0
yall im still ep trying find,0
vickie cooked,0
never ending story not end volume ima crashout,-1
,1
118 thats not steve thats holly,0
christmas stranger thing volume two,0
time,0
henry switchingskins wtf,-1
tomorrow babyy,0
vibe like umbrel academy,0
no one going die mark word,-1
"die, die. die die.if either die netflix subscription",-1
121 great vecna practically shapeshift im sarcastic,0
119 holly cooked,1
volume bouta dope,1
dude mind flayer bouta final villain,0
giving avenger infinity war vibe love,1
christmas wheres new ssn??,0
real ost song trailer?,0
locked tf,-1
im excited tomorrow but imma finish like couple hour,1
steve dy next episode vanishing duffer brother,-1
"right cause tell u there going series finale new year eve. slimy, netflix, absolutely slimy.",-1
frikin hate dr kay,-1
seaosn 2 flashbacks. hospital anyway.. karen ted hospital max.. demodogs there. yeah dunno.,0
superb,1
robin better not die,-1
roben cooked demodogs.,-1
wait find clip robin talking took demogorgons? cause ended right killed them.,0
nahh yall saw 107,0
steve fallinggggg,-1
bro kali,0
isnt anyone talking cross eyed vecna look last scene,0
"die, die",-1
133 someone explain happend,0
show pretty much watch netflix,1
r waiting,1
playing final episode damn theater new year eve,-1
"duffer brother even touch hair dustin, mike, steven, will, nancy, robin, jonathan, lucas, hopper, joyce, delightful derek, erica, holly, max, karen, ted, sue emotional damage",-1
"one day left, really wish give u happy ending, dont want die, enough",1
peakkkkkkkkkkkkkkkkkkkkkkkk,0
steve death coming,-1
hell yea fire,1
see tonight.,1
102 part trailer amazing,1
"die, die.my reaction watching noooooooooooo",-1
vecna onion bhajji man,0
byler,0
ik ive waiting butim not ready.,-1
1daysss,1
scene fireeeeeeeeeeeeeeeeee,1
everybody think steve going die. think dustin,-1
watching christmas eve,0
"read jesus much love want heart. strongly proclaim giving life jesus best decision ever made. couldnt life without him. anyone need talk, please fill free message me! god bless!",1
"read jesus much love want heart. strongly proclaim giving life jesus best decision ever made. couldnt life without him. anyone need talk, please fill free message me! god bless!",1
"today yall, today 1200 a.m.!!!!omg omg omggg merry christmas eve, christmas!!",1
120 max holly cooked,1
last,0
"way, want know get magic",0
chick eating disorder weighs 70 pound rambo? no,-1
thank giving u stranger things.,1
completed stranger thing today really excited volume 2,1
109 damn! turned small mike like heck small looking face,-1
"im futuresteve, dustin, karen, robin, gonna die",0
"im futuresteve, dustin, karen, robin gonna die",-1
"booooring watched first half within 40min hard skiping, much nothingness happening",-1
"die, diethere conformation steve lives, relax people",0
nice,1
please steve dustin dont die,0
no one dying please,-1
118 steve?? u see something someone falling sky,0
"vecna vol 1 time ... you, willvecna vol 2 time ... you, dustin stevevecna vol 3 time ...",0
duffer brother dead,-1
today?,0
049 perfect sync,1
cant wait,1
no steve,-1
117 idk but one falling think eleven zoomed saw red short maybe right..maybe el,0
"die, die.i hope die",-1
yooo gave nancy gold scar?,-1
holy shit. think holly important max holly escaping. remember mike said holly heroic cleric create door different dimension visualising them? think would able visualise door finally lead escaping. body covered goosebump,1
welcome back kali,1
1 day left let goooooo,1
vecna said time said time what? die yeah know,0
"die, die stfu",-1
"008,011, 001 defeat vecna cause see use play dd roll 20 u defeat vecna 811120 team able defeat vecna together",0
steveeeeee omgggg,-1
chat 2 day,0
steve dustin want always together......until death....136 139love real buddy,1
yo bring back lockwood co,0
henry creel trying choose skin,0
doesnt power swear..,-1
confirmed steve dy,-1
nice,1
sad realise end era missing soo much stranger thing,-1
max still running hill fr,-1
please tell ted walk em wheeler power,0
nancy wheeler cool little woman,1
duffer brother hurt holly sue,-1
"steve, dustin, karen, robin gonna die",-1
yall ready steve dustin death,0
mariah timeeeeeeeeeeeevecna slash one slash henry slash mr whatsit time,0
hello,0
thing,0
chat mutted,0
hello everybody,0
119 bro changing skin,-1
waiting...,0
steve die die dustin die die netlix die subcripshion,0
,0
last ep nancy die,-1
neither steve dustin die.,0
"excited see vol.2, cant wait see unleash power vecnas forces.",1
cant waitttt,1
love editing,1
doggy gorgon,0
guess lesbian girl girlfriend gonna go today,0
siuuuuuu,0
wow,1
025 holly opening interdimensional doors???,0
volume 2,0
great trailer,1
die die writer netflix definitely die,-1
ending better group grown stuff dustin shown lead scientis. zoom office show hawkin lab building sign building say scp,0
get ready vanishing duffer brother,0
ti season bout lit bruv,1
054 nancy brave!,1
gosh isnt even trailer volume 3 crazy there,0
steve wearing hat not normal,-1
think hopoer die trying protect eleven. kali might real vilian controled vecna . also predict vickie die also jonathan die nancy completly depresed robin suport nancy start dating robin. probably eleven lose power desapear.,-1
hi. cant find netflix yet.,-1
diethe duffer die,-1
"ready, one last ridestar lord gotg 3",0
"yeah, awesome but steve dy mean dustin dies, suck cause one defintlly gonna die.",-1
no presence new episode duffer brother cooking,1
nancy badass top truck,1
not ready,-1
completed season 5 vol 1 309 dying vol 2 know feel suspense ........hell fire never dy,0
im srry family but im not gonna make christmas iykyk,-1
"congrats netflix making u wait 4 year new season making u wait episode , netflix time give stranger thing fan something long wait , think deserve it.",1
2 day,1
"die ,i die steve die die",-1
much potential. ruined cgi.,-1
stranger thing come end,-1
2 days!,1
omg,0
die die,-1
praying doesnt flop hard season 5 part 1...,0
notice dont see mike together trailer... wonder why...,0
tf holly falling sky,-1
cant wait,1
wait mean dustin moght die steve,0
release tomorrow instead waiting come ur dont crash,0
032 literally need song,1
138 noooooo,-1
mind flyer,0
pls no derek dying,0
,1
hollyaaaaaadereksuck. fat one,-1
im lowkey scared,-1
vicky might die???,-1
hospital invasion??,0
exited,1
gonna banger,1
008 back,-1
holly cooked,0
think holly get power,0
"vecna every season timealso vecna nvm, ill come back tmmrw",0
"die, die",-1
guy steve gonna die announced,-1
best 2025?,0
"not thrilled released 8 really tricky puppeteer, power manipulation nut however long upside abusing mind make weapon.",-1
wait many episode getting?,0
byler canon,0
must say far lease good seasons!,1
"steve dies, ill cryif dustin dies, emotion hit twice hard steves deathif steve dustin die, ill go full depression like 5 month",-1
w show,0
think kali meant eleven sister also villian,0
one falling piece earth pls dont steve,-1
time! new world,1
oh peak not ready,-1
boring tv show ive ever seen,-1
upside music diabolical,-1
realised eleven could flayed mind flayer born doctor brenner injecting henry dna mother gave birth henry blood flooded mind flayer particle there chance could turn party vol 2 also remember door shed getting chased demogorgan s1 e1 door opened physic power 011 might opened door edit whoever think true please reply like need viral,0
put susie please oh yeah dustin he main character. mean steve wont die know true villain is. bar thing abandoned her.,0
thought another ai trailer,0
going insaneeeeeeee!!!! waiting 25th 31st!!,1
"steve dustin dies, one episode extra vanishing duffer brothers....!",0
holly cooked,0
please make stranger thing 6 season please,0
die diedear duffer brother dustin steve harrington die cancel subscription,-1
120,0
cant stop cry,-1
vecna bowing bos end trailer.. could thessalhydra season 1 dungeon dragon game?,0
2 day yall!,1
2 day guy,1
ok dont know others realized but video music camera angle mike side camera angle taking side shaft see max holly looking inside ball red energy basically going inside round round notice great job netflix.,1
no steve dont die. atleast dustins sake,0
holly dying episode watch netflix ignore,-1
no one talking kali?,-1
guy guess know one confirmed death thats vickys since know look face mean bad news demodog also not mention really showing screen like cast stuff.,-1
"crazy theory mine im sure correctshes cleric, mean divine powers. cast spell protection ward evil spirits, even cooler , cast dimension door teleport anywhere visualize.this mike told holly scene go talk school ep1. know doraemon door saw trailer? holly get power",0
kali come back,0
ass... yeah.. no..?,-1
2 day left yesss,1
oh boy absolute cinema,1
"no, no, no, no, occurred continues 2 day end 9 days. dont want end.",-1
said die die reason.,0
havent watched yet neither vol 1 but inshallah ill watch got plan watch peacefully nostalgically,1
"please dont end masterpiece, need atleast 20 season",0
"118 steve falling edit not steve, holly",0
,0
got goosebump,1
"okay, rewatched s5, ep1, mike say holly dnd character holly heroic cleric cast divine power open dimension doors. 025 there door, type field henry mind. holly unlock powers?? believe happen, but theory.",0
steve cannot die please. ill sue netflix,-1
never ending story ending,-1
hitman,1
stranger thing ending going break,-1
wish show would never end,-1
nancy badass!,1
cant described word hyped am. ive never excited whole life season final.,1
murray dy,-1
cant wait,1
yaasssssssssirrrrrrr,0
bro mileven kissed every season but idk one,0
die die,-1
date ???,0
raise hand watching last episode theater!,1
8,0
dusty bun dieing two day,-1
guy there gonna new episode steve distin die called vanishing bluffer brother .or takedown netflix . steve dustin come back whif nuke 213 213 213 213 213 213 213 213 213 213,0
107 steve gonna die vol 2 thats stranger thing s5 end,-1
"008, el william need final scene together facing vecna also rest...",0
wow waiting early !,1
rohit sharma ka advertisement dekh ke aane wale...,0
"upside wormhole effect. like bit like series dark. said science teacher season, but brief time.",0
keep christ christmas.,0
"die die actually got me... totally know theyre gonna live sequel money gonna glorious pas 20 year but love everybody even cast, crew, netflix know dont want die.",1
"8 traitor, human used like weapon good reason change side",-1
dustin die. die finale.,0
gonna really exciting,1
105 demodogs enter chat,0
let gooooooooo,1
exicited omggg,1
"steve dustin robin dies, netflix subscription.",-1
idk watching 4 episode im kinda thinking johnathans gonna big death season maybe nancy focused killing vecna vecna opening shot kill johnathan something like,0
idk. gotta feelin steve gonna die trying save nancy.,-1
steve dustin,0
dereck,1
117 holly?,0
"die,i die making restless",-1
please change eleven outfit,0
"ok noted, watch list movies.",0
leave last episode 2 hr episode but put movie everyone experience together..no? ok ..,0
3 day guy,1
bring 11 sister back not good sorry 11 way better sister take 11 special power away make 11 special ruin tv show bring back another superpower sister ok cool make make sense,-1
steve die..,-1
"hey netflix, leave boy dustin alone",-1
3 dia,0
135 historical word possible history.,0
117 better not steve eleven,0
trilled,-1
wait watch,0
stranger thing 6 ??,0
???,0
happy early birthday finn,1
"no, wouldnt that. steve dustin stay alive.",0
want christmas stranger thingsssssssmy christmas gift watch st new episode night no,1
bro steve gonna die,-1
long live stranger thing,0
like real world.. govt bad people villain,-1
divide 3 section,0
145 mindflayer control vecnahenry?,0
netflix dustin steve die getting one star rotten tomato,-1
im ready brooooo,1
im not prepared,-1
054 everyone think fire beat,0
go nancy!!!,1
yeaah,0
vecna close thessalhydras teeth.,0
la hypeeeeeee,1
trailer volume 2 see el hopper someone else think riding something maybe demogorgon demodogs controlling,0
ok no one dy sound good?,0
last 2 day guys!!!,1
"derrick boutta cooking vecna ts, feel t not even fair fight",0
destructive dangerderek bring vecna derekdeath.,-1
chills.,0
117 nahh steve flying,0
117 falling person steve?,0
,1
love song movie netflix fav movie company,1
1206 cope stop explaining u dont care,-1
guy think mike making guy power,0
nothing stranger thing able talk welcome darry im sorry,0
rip steve,0
"calcuations, 059 minute dustin isnt steve, could mean steve gonna die volume 2",0
steve hat tho omg,1
brother made preety predictable steves death. getting ready take it.,0
ahhh oh goshhhh ahhhhhhhh,1
still crazy started small town season 1 mystery. im ready...but im not ready. but im glad final season arent dragging like shows....,1
havent seen single episode season still commenting coz trailer look cool,1
one falling think thats steve hair harrington,0
"151 not ready end , get",-1
hope max lucas going reunite,1
vecna ride thessal hydra?,0
112 reminds jurassic park,1
034 diana song not fitting all!!!!,-1
no dont ducking die steve dustin.,-1
omg think eleven dy sacrifices?! saw part thing came stomach throat??,-1
not steve plz no,-1
yeah murray got shot but wont reveal untill end,0
man old kid,-1
die cry,-1
"steveyou die,i die boy chill u die netflix subscription dy",-1
india biggest superstar prabhas fan,0
a1 sound design team holy,0
everything incredible,1
fave show ending making sad rn im gonna miss guy,-1
ready thissssssss omg,1
going dragon...,0
109 eleven bald,0
10 day say goodbye decade life,0
hear upside diana ross?,0
wait someone fall steve death think remember show said pop 118,0
die die,-1
look terror vickies face get every time,-1
netflix steve dy dustin die,-1
season five episode five,0
henry vecna fast changing scene insane!,1
dustin running to? 137,0
something biggggg,0
052 nancy smokeem wheeler,0
anyone watching 2050?,0
watched season love much el learnt many thing,1
literally watched 5 season 4 day watch volume 2,1
wow nice series,1
save steve cost,1
die die netflix plsssss ever want dont doo plsss want strave,-1
"omg netflix .the trailer giving chills, gonna suppose watch vol 2. gonna blast",1
"025 no one talking dimension door mike tell holly episode 1. theory holly remembers mike said, creates door house.",0
"hi netflix dont subscription see stranger thing offer subscription, please big fan netflix",1
"saw last moment serie 4 3 demogorgon attack mike,lucas,and,robin wondering happened hoped safe thought like",0
anyone but steve im ok dying,0
season 6 coming,0
person falling steve! sure dont believe go check latest episode fallon show duffer brother,-1
die die confirms atleast theyre not going die,0
think nancy jonathan kissed total nonsense,-1
"025 holly heroic story, freaking knew",1
steve dy im coming netflix,-1
steve please donnt die,0
two die cancel netflix subscription,-1
"die, die. no! no! no! noooooooooooo! nooooooooooo!",-1
who like max eleven,0
like max please dont die die die,0
120 br9 looked like fred 2 millisecond,0
waiting season 5 part vote,0
complete oa please,0
least know steve survives big fall,0
cant wait,1
im hyped,1
finally got see rambo version nancy,1
117 saw steve faling noooooooo,0
im excited,1
dont get made vecna look like grinch though,-1
editor know edit,0
die die yo u mean u mean,-1
legend say barb return,1
,1
imagine watching season one trailer jumping straight trailer,0
think hopper loses will mom mike loses el,0
"fun fact pretty sure jane eleven hopper storm eddie died possible hopper death finally probably not but hey, theory, flim theory",1
"fyi, steve definitely gonna die.",-1
2 day edit comment mabye idk,0
steve dies.....i die,-1
bro going peak,1
119 vecna freddy fazbear twitching,0
okay,0
vecna v everyone final round coming,1
grew kid not ready say goodbye,-1
endgame vibes.no funonly pain goodbyes.,-1
congrats netflix finally finishing show instead cancelling halfwayhistoric moment!,1
"thanks almighty, universe, netflix whosoever part finally getting over....",1
tf second trailer,-1
rip steve,0
fake scene original el look 12,0
"steves im gonna stop watching stranger thing destroy tv,phone,my bed id like go upside stay ground sobbing",-1
omg im excited,1
10 year journey gonna finished,1
"omg, cant wait. still havent watched first volume yet.",1
not sure ever like another show much like one. right soprano wire breaking bad. good.,1
stranger thing season 5 best season yet.,1
genuinely hope mindflayre turn final villain always supreme entity show but everyone kinda forgot vecna introduced,0
ok and? im jonathan mustard thats matters.,1
still last episode new year,-1
henry seems like someone wonder,0
gonna peak,1
time come tell tale...,0
"024 theory line this, dustin say everything thought upside dead wrong, thought upside replica world, but real world creation upside down?",-1
"man hate show capping five season but, time respect",-1
051 love bullet hit beat song!!!!,1
"look really closely, steve falling",0
good,1
"die die steve dies, die",-1
holly powers???,0
well im going buy 10 pack tissue season,0
iiiiiiiiiiiits time ufc upsidedown champion world,1
cant believe st coming end,-1
whats favorite christmas movieshow? stranger thing,0
bout great season,1
steve die dont subscribe netflix never again!!!!! stranger thing next episode finishing duffer brother,-1
omg,0
look like kugelblitz,0
omg love mike much became 11,1
but happens mr. wheeler? asked no one ever,0
118 character thats gonna sacrificed?,0
need season 6 like ??,0
cant wait!!!!,1
getting thesslhydra?,0
steve dy die,-1
steve dy pls play end beginning,0
"eh, stranger thing happened.",-1
oh no steve doomed....,-1
642,0
want remix song,1
kind hope get dragon final season.031me dragon not beholder dragon,0
die duffer brother better find new career,-1
sorry could add another season?,0
4 day party. rlly hope see brutal death long not kid one main cast.i watched welcome derry,0
die die. nooo dont,-1
song fire ngl,1
w trailer,0
106 shit,-1
,0
finally willy sum besides cry,0
"nancy steve gonna together! get go toto africa, there nothing hundred men ever gonna happen",1
vecna bowing? cooked season,0
who dying season,-1
136 season 3 reference,0
11 008 reunited?,0
there definitely something someone vecna theyre hiding u,0
hope final battle vecna eleven also maybe kali,0
135 theory look demogorgan one kill last episode going use like frankenstein kind thing bring back life use cross wall.,0
song name?,0
steve falling,-1
cant take nancy seriously dreadful hair,-1
netflix u please switch time midnight 1200 1225 8pm long,0
thumb going see finale theaters.,1
cant wait masterpiece,1
who watching steve dustin die,-1
make 5 seasons. first season died ran steam over.,-1
omg cant wait,1
not singing up..side..down also soooo intenseeee,-1
cant wait see volume 2.molly max vecna mind memory.what clue gonna find escape place help kid trap.,1
"steve dy dont play end beginning, im going lose it!!!",-1
felt never stood chance,-1
stranger thing ficou muito bom,0
"sorry but ever since dad said, vekna grinch sunburnt no hair cant afraid veckna.",0
day,1
die please dont happen,-1
die dieee,-1
vecna skinny like hellooooo?,-1
excited,1
save mike eleven go crazy mikelets hope steve dustinbun doesnt die,0
peakkk,0
thank god mileven confirmed!,1
guess vecna said youre going help one last time fake.,-1
christmas dufferbrothers decided santa give st fan gift,1
bro cant waitttztdf,1
vecna bowing will. ill let see end.,0
fuckass zionist show,-1
better end positive note,0
gobi manchurian ?,0
steve die die dustin die die guy die description dy,-1
ive got say netflix made best decision life believing duffer brothers. greatest show time.,1
contain last episode,0
elf went upside here said.guys went upside let tell not fun creature chasing u looked like this! show picture demogorgen glade made back home definitely report santa this. jingle buddyi thought pretty cool,1
dear jonathan besafe,1
ho,0
"holy, mother god! part going crazy",1
wheres joyce,-1
love stranger thing nancy,1
dang! nancy look freaking cool!!! walk em wheeler!!!,1
steve er kichu hoile khobor ache motherchodh,0
netflix new monster stranger thing there no demodogs demogorgans idk who new monster give u hint hint start w,0
"057 lucos knew ,the go ahead difficult character well audience",-1
right,0
"steve dy next episode called, vanishing duffer brother",-1
thought never ending story,-1
love flim much,1
145 bowing something aint mind flayer r prob cooked,0
got one word cinema!,0
"steve die, diedustin die, dieerica season 3 youre gonna die!",-1
"153 im not crying, cry . soooooo beautiful",1
guy robin might die cause 105 vickie saw demodog robin background later 112 u see lucas max vickie hiding without robin might die,-1
cant release everything,-1
mike looking upside holly max turning sidewaysdown holly max looking,0
forgot happened volume 1,0
goosebump,0
steve falling dy im suing netflix,-1
damn cant wait! even mother excited,1
"netflix pulling die, die steve subscription. 136 cool. steve dies, netflix dy financially.",-1
apocalypse coming,-1
side not another dimension future stranger thing world,0
steve dustin die season 6 frist missing duffer brother,0
wonder upside really know dead wrong like dustin said,-1
oh,0
dont think season 5 would end st,0
released??,0
insane im excitedwheres erica hope max wake holly max okay plz like comment not forcing,1
think el lose power end wont able get back,-1
need max wake ultimately finish vecna finale. would awesome!,1
bro time coming,-1
im excited,1
netflix pls season pls pls pls pls pls,1
"best sci fi tv series ever made, dd game, powers, love, friendships, family bad guy...",1
"die, die year whatever takes...lets",0
good twist venca not bad guy get confronted tell coming portal upon come true....hawkings kid adult come together fight,1
not vicki please,-1
010 up...side...down,0
whats song upside down? 034,0
ill come 2026 watch many like ive got!!,1
not watching cant wait volume 2,1
oi theyve got pulsing black orb dark,0
vecna time...me stop copying mariah carey focus killing spree.,-1
"die, diedont netflix",-1
"bro swearr steve, erica,murray dustin dy vol 2 im deleting netflix throw tv window",-1
duffer brother always create iconic trailers. want vol 2 right now!!,1
give u good christmas,1
slaughtered 3 demogorgon failed cooommee ooaaahhhnn!!!!!!,-1
058 russian accent girliee,-1
"steve dustin dies, create 9th episode titled vanishing duffer brother",0
"die, die oh hell nawh pleaseeeee",-1
die die,-1
bat orb? also vekna growing wing back?,0
showtime,1
,-1
squid game s3 part 2 but stranger thing,0
thanks alot advertising moonhaven like new show 3 year old show got canceled 1 season. love never finding thing turn out.,1
thyme...,0
133 think kali power gone cause military thats attacked like xdd gang firstly something restore kali powers...,0
best christmas,1
tooooo goooooddddddddddddd,1
fk,-1
epiccccccc,1
118 guy shouldnt steve who falling,-1
absolutely cinema!!,1
no cap 1010,1
gang !,1
timeeee!!!!!!!!!!!!!!,1
chance byler endgame?,0
screw dustin steve saying die die vecna bowing someone something,-1
demogorgon coming back alone demodog russian demogorgon 1005,0
let goooooo!,1
106 deju vu,0
053 gang nancy,0
time new world final season hit hard,0
148 look like he bowing something suggestion mind flayer,0
stranger thing like weird mixture harry potter star war opinion,-1
banger,0
best christmas present ill ever get,1
anyone else get avenger infinity war endgame vibe this?! hero lost first series separated. come together and..,0
cant wait!!!!!!!!!!!!!!!!!!!!!!!!!!!!,1
anne e really throwing,-1
bro week restarted season 1 im season 5,0
within duffer brother showed u vecna henry one? got sent upside open vecna kept replaced like billy,0
if. within vecna mind none real vecna. vecna make see stuff thats not acully like 008 but 001 telepathy mind control well showing dont want see thats trying trick everyone make see he seeing. even hasnt seen like he macking play playing game,-1
need old dustin back,0
yay kai here!,1
"im half way im sick keep stopping talk feelings. go big long emotional talk like little girl taken friend stuck upside we. supposed hurrying try save stop randomly stop stand 5 minute afraid people knowing gay stupid sht like stfu friend like suffering right could die...who tf cares??? not gay stuff but constant thing everyone stops...the whole story stops, sit talk pointless crap like 5 minutes. fking pointless stupid.",-1
steve die,-1
117 think thats steve falling,0
omgggg,0
112 demogorgon yellow marking,0
nice see dustin stop jackass steve welcome back brotherhood.,0
cant wait,1
watching 10 year feel like im obligated watch last season finish,0
bedt trailer wallah havent seen trailer good since like s4,1
dont want end!,-1
made season even bigger mcu... going fking badass...,1
die diethen,-1
1,0
157 final beginning end.,0
madison russell another round stranger thing season 5 volume 2.,0
still no gta6 ughh,-1
jonathan,1
calling dustins gonna pull dallas winston move steve dy,0
nancy bad dad not gonna lie,-1
nah thats deadly derek come,0
guess kill vecna. elle destroys upside down.,-1
yo steve dy im cry every single day,-1
"person falling, steves!",0
hope show reason henry fear max hideout,0
"ending byers waking bad dream , saw slept playing game dd",0
dont duffers.... dont dare it!! know exactly im talking about.,-1
mr whatsit professional aura farmer,0
nancy become rambo time,0
season 5 gonna sooo peak. agree me???,1
"die, dieme one die, duffer brother die",-1
"well, aint nancy walk em wheeler",0
die die no no no,-1
let go!!!,1
steve dustin friendshipbrotherhood goal,0
season 5,0
better end favorite song.running hilll climax,1
tiiiiiiiiime,1
"steve die diedustin die dieme either die die. die, netflix dy",-1
"comment like60 steve dies, take duffer brothersnetflix him30 vecna cant stop saying time, must clock makerand 10 everything else",0
u think gonna die theory steve harrington maybe,0
"upside down, boy turn me... inside",0
beyond level peakness,0
holly might cooked,0
steve die..its not lie..,0
congrats doriss!!,1
"die, diewtff nooooooooooooo",-1
120 holly time run hill,0
really liketo see alan wake stranger thing take place universe,1
derek solo,0
robin cooked,1
im cooked,-1
fahhhhhh,0
"aw dude, guess byler isnt endgame",0
iiim sooooo excited watch it!!!!!,1
waited year show soon.,-1
moment living !!!,1
shot robin girlfriend demodog walking reminiscent bob. head death,-1
never ending story ending guy,-1
im still season two,0
need 6. season live!!!,0
idk think dustin die,-1
awesome,1
mean one die,-1
nancy!!!!!!,1
die youre coming,0
"juldyz die, die adlet die, die",-1
finally kali backstory eleven useful bit,0
t finna peak asl,1
"saying steve better not die, whole time there plot twist someone else dying least expected hit harder ? lucas mike ?",-1
omg round red thing! red blast! thing blown up!,1
basically spoiled everything t lmao,-1
henry switching 001 mr whatsit,0
dude u mean 0021 dead wrong,-1
"die,i die dialogue goatexpecting dustin steve best duo time",-1
avenger level trailer man great work duffer but plz save steve harrington,1
almost done guys!!,1
113 max guy max arm,0
026 remember mike said holly heroic cast dimension door???,0
"biggest feeling not steve dies, dustin!",0
141 mind flayer tentacle spotted,0
ai,0
everyone die,-1
ok butttt el face mike touched shoulder pls tell mileven isnt ending,-1
poor robin vickie not getting go enzos date,-1
120bros choosing skin,0
taht blast,0
nancy turning king von,0
"history written, witness",0
"stoppp nooo omgg steve dustin saying die, die die dieee",-1
fym u die die pls dont,-1
im sooo excited,1
steve 117,-1
there no canon byler come imma cry,-1
"trailer, bruhhhhhh literally cant wait",1
120 verna confused pick skin,0
bit odd innit?,0
"finale, new year eve 2037",0
plzz not steve dustin duoo !!!,0
vecna like hi hollyholly wtfvecna seen elholly,0
ready 25 december 31 december!,0
"die, die!!!!bros forever!",-1
steave dy,-1
hopper gonna die,-1
dustin steve a4e going dead,-1
"steve,s dy fan die",-1
series trailer meet expectation,1
there steve adoptive father lol,0
wtf minf well wait new year eve,-1
"die, die. noooooooo",-1
118 fell? fell?? fell???,0
finna lit,1
netflix,1
vikie noo,0
cant tell ai not but st making white floating door pixar ahh,0
hey netflix guess whose subscription gonna die? mine,-1
"die, die.dont, dont.",-1
heck u die die mean not ready,-1
vanishing duffer brothers... die die happens,-1
guy red orb thing upside gotta core mindflayer upside,0
dont want st over. dont want christmas come.,-1
im scared.,-1
real part,0
excited,1
118 swear robin dy,-1
"please save steve harington,please pleaseplease..........................................please.we need steve harington,and want see steve robin want steve harington,because strong inside,and give u powerfull aura energy.please...........save steve harington, request duffer brothers.",1
onion pakoda coming,0
"die, diei unsubscribe, unsubscribe",-1
"steve die, diedustin die, dieme die, duffer brother die",-1
imagine u army outdone group 15 year olds.. over.. again..,-1
"steve harrington? here whythe likelihood extremely highhow die sacrificial heroism.volume 1 already leaned heavily steves growth protector kids. duffer brother recently teasing vulnerability falling funko pop incident, feel like steves arcfrom selfish jock selfless babysitteris destined final sacrifice.the theory likely die volume 2 chapter 6 7 holding back swarm creature perhaps mayaninspired camazotz mentioned episode title allow dustin others escape. would ultimate hero moment cement legacy. plussteve harrington die, die promisethe volume 2 trailer feature devastatingly foreshadowed line fan convinced steve done.the dialogue quiet, highstakes moment, steve look dustin says, die, die. stranger thing writing, kind blood brother promise almost always precede situation one save cost life.the setting trailer show steve, dustin, nancy, jonathan navigating upside version hawkins lab. shown staring massive, glowing sphere energy likely bridge dimension x.the camazotz connection episode 6 titled escape camazotz. steve one holding line dustin escape mentalphysical prison, die, die line becomes final mission statement.the duffer brother metaclue recent appearance tonight show, creator placed steve funko pop edge desk. fell midinterview. could troll, admitted steve originally supposed die season 1completing redemption arc would way finally closing loop.",0
die dienope netflix die,-1
ngl think shape mind flayer tesselhydra like henry got inspired spider,0
wait made vecna extremely strong,1
"here clean ranking safest doomed prediction onlysafesteleven narrative centerpiece survival almost guaranteed.mike emotional anchor eleven.dustin beloved trauma survivor, not death target.lucas already suffered enough likely lives.will arc end freedom, not death.moderate risk6. max life but permanently changed.7. nancy high danger, but survival likely.8. jonathan could die, but less likely steve.high risk9. robin fanfavorite danger zone, but still slightly protected.10. murray classic heroic sacrifice candidate.11. dr. owen almost certainly dies.most doomed12. steve harrington ultimate sacrifice setup.",0
118 thats steve falling?,-1
cooked,0
fire trailer,1
"steve harrington die episode 6 season 5, sacrificing holding vecnas creature others especially dustin escape, finally completing arc babysitter true hero like eddie munson said not heroes.",-1
show yt recommended idk,0
best ending ive seen.,1
no dying dustin steve no no no,-1
die die giving jump jump titanic. one people died,-1
"die,i diedont dareepls.",-1
117 steve ig,0
good trailer,1
like el eleven character,1
dont plzzzzzzzzzz u die die,-1
eddie alive?,0
"steve die , die dustin die , dieme die, duffer bros also dy",-1
omgoshh,1
15 milion vievs?!!!,0
,0
omg,0
get better every episode,1
opinion not final season. much cover new idea but lazy ass,-1
nancy killing always,1
netflix gonna cooked dec 25its time new world,1
117 falling down?!,0
every second every dialogue goosebump,1
damn steve dustin!,-1
maybe vecna trying cancel spotify premium,-1
"netflix, please make stranger thing 6season? please",1
second time dude,0
tha heck falling 117,-1
nancy omg,0
"steve! run!!! run!!!!!!!!!!!!mindflayer one down, who next",0
praying byler icl,1
crazy brings excitement avenger end game. im excited!!!!,1
die die theyre saying theyre not going right?if s6 e1the disappearance dufferse2 massacare netflixs headquarterse3 resurrection steve harrington,-1
veri gud,0
doesent look like steve hair like dustin?,0
dang got chill but least know robin not dying volume 2 since maya hawke said interview shot fav scene finale,1
peak,1
"started watch season 5. but not good like first 4 seasons. become childish boring, closed 1 episode",-1
funny...never ending story end,1
"season 5 over, ill go watch season 15...",0
got anywhere door stranger thing gta 6,-1
5more day stranger,0
shit look epic,1
dustin steve said die die didnt say,0
man ill miss stranger thing,0
"die, die. die, subscription.",-1
bro wheeler family badass,1
139 u die die u guy die duffer brother die,-1
"steve dies, die.",-1
die die,-1
yoooo thats fire,1
158 gonna volume 3!?,0
die die.,-1
dustin die,-1
"wish nobody dies, expect henry",0
"read jesus much love want heart. strongly proclaim giving life jesus best decision ever made. couldnt life without him. anyone need talk, please fill free message me! god bless!",1
,-1
"die, die",-1
steve die,-1
"netflix watching comments, asking duffer brother change fan wont cancel subscription",0
ruined entire show,-1
102 one best soundtrack ever heard,1
feeling derek gonna go super sane volume 3 destroy vecna,0
nancy sarah connor shit,-1
"steve die, diedustin die, dieme die, die...",-1
derek??,0
ogh strong feeling steve dy,-1
,1
vecna ki feilding set hai,0
vickie going survive?,0
absolutely perfect song this.,1
"steve dies, im telling every child see santa isnt real",-1
excited,1
tf think derek said guy cant protect sh!t,-1
best!,1
"die, die die, duffer brother die",-1
cool trailer,1
135 demogorgan getting electrocuted?,0
,-1
soundtrack banger,1
duffer brother youre evil boy gonna die,-1
137 die dieis quote bestfriend live struggle mental health,-1
part,0
steve dustin dy next episode vanishing duffer brother,0
117 hope isnt steve since duffer brother confirmed rumor,0
bro istg soon dustin said ssn 3 knew foreshadowing goddamit,0
cannot wait!!! unbelievably excited!,1
"everyone think going anything worth deserve wrong. know didnt end volume two saying mike, im gay. think wouldve went really hard thats power came know, thats awakened them.",-1
"love music said mike looking up, side max holly entering holly room, max holly looking down.",1
steve dustin might ok relationship,1
dont die please,-1
something find funny. kid get paid million but cant treat veteran even basic income,-1
"think mind flayer represents collective sadness negative memories. one big theme season feel like way through. max return hawkins going painful memories. panic shes unable escape, henry appears, run cave, cant go seems terrified, thats worst memory live. really beautiful representation stuck dark emotional place feel, confronting sometimes way forward.",0
wow! huge disappointment,-1
117 hope thats not steve falling,-1
im able watch already netflix... that?,1
guy one saw steve fall?,0
fun fact netflix slightly edited version trailer eight available official netflix site.,1
whats el hopper tornado wind,0
hi,0
title upcoming stranger thing episodes1. walking study demonology2. turning gold lead3. demon make trophy men,0
left right left right left right b,0
beginning trailer make blood run cold wil say,-1
nancy become super soldier?,0
054 damn nancy went crazy teenager hopper,-1
hell yes,1
steve dustin nooooooooooooo,-1
,1
demodogs?!,0
omg scared bro threat?,-1
"pleaseeee take jcs gds. know episode already done, but obnoxious every word taking lord name vain. know hollywood isnt exactly christian, but goodness. truly made first much less enjoyable. id rather hear dang eff bomb that.",-1
love stranger thing,1
seems like robin girl aint making enzos,-1
busted trailer,0
thats avenger level threat,0
max holly gonna go summon couple japanese cat deity take vecna....,0
happy dont shit christmas,1
holy shit,-1
"think erica physic class quite important. upside bridge another dimension, but seems also travel time via it. resurrection dead characters, perhaps? return hawkins past, everything?",1
derek,0
"not die, die. bro not ready",-1
136 no... no! timed quote me.,0
best christmas gift ever!!,1
wait decade wait finale?!,-1
111that shot reminicent season 1 feel,1
remember fish spongebob. whatsitua,0
omg im excited,1
steve dustin die already stranger thing official ouija contact,0
nancy ge5s automatic???,0
,1
mike,0
please love god dont dont die steve dustin,0
30th time watching,0
no one dyinggggggggggg,-1
guy birthday december 24 wish came kn december 24 watch birthday gift lol,1
cant wait santa claus come,1
yh steve gonna die,-1
117 steve falling down.,-1
present christmas,1
"door max holly go lead wheeler basement.the ceiling go down, like theyre going underground.and door season 1, mike mom call dinner.coincidence? check yourself.",0
ngl think gonna call nancy nancy gun em wheeler,0
,0
107 mustve wind,0
okay duffer interview come conclusion steve one falling sky!,0
loveee,1
dustin steve,-1
118 guy falling? sorry english dont speak much p spanish,-1
steve!!!,1
iam scared steve hope pull but dnt think,0
oh goodness!!! cant wait see,1
man im bummed but yet glad caught im back mix . started 2 year ago ended end season 2 never really connected but recently family friend told rewatch new episode season 5 ridiculously good started season 1 wow idk going head but regret not finishing first time im hooked great show feel connected character like family point . finished episode 4 season 5 im bummed wait christmas get dont understand breaking 3 volume but must know something dont keep great work folk netflix show became one time favorite !!!!,1
die die miss steve,-1
zzzzzzz,0
nancy goddamn cool,1
119 scene look cool actually,1
nancy badass,1
steve dustin dy final episode going rated 210,-1
,0
crazy,0
"ok couple thing 1. sdyou die diemeif yall die die to, mentally least2. dont lay hand robin girlfriend, history not repeat itself3. season 2 hospital flashback",-1
"trailer hit pure intensity. final battle feel huge, team energy insane, hawkins chaos everywhere. ready endgame",1
blum,0
end never ending story...,0
murray didnt die,0
"someone die too, 5 season already nobody died yet, crybaby director",-1
god mode ploz...,0
"yes will..!!!!!!!!!finnaly!!oh, eleven. sorry who??",0
god im sooooooo exciteeeeeeeedd but also kinda sad cuz last season,1
"suspend much mental logic show, im expected believe alone shootout military traind people? 050",-1
leave steve dustin alone!!!,0
chill guys. steve dustin arent dying. seems like red herring.,0
"die, dieif die, ur subscribtion netflix, mr. director. period.",-1
memory,0
"netflix never excited second part series drop, ugh",1
"steve, dustin, robin die, dont know dude 136",0
nancy rambo last blood...,1
im sad thst show ending,-1
character development crazzyyyyy,0
dont u four dare die me! 136,-1
"0023 giving feel holly cud power maybe, no idea trying connect mike said holly season 5 volume 1, chapter 1the crawl gave dd doll said holly heroic basically cleric superpower cast dimension door teleport anywhere visualizes. somehow cud see going max. dont know, messed",0
werent gay watching stranger thing definitely watching it...,0
guy true mind flare not leader 3 headed dragon drawed,0
fav character stranger things?,0
question wondering argyle???,0
pure cinema,1
heard firstjonathan dy episode 5 6lucas dy episode 7,0
"die die favorite show come end grew , show always top list!",1
wlla bla,0
congrats netflix finally finishing show instead cancelling halfwayhistoric moment!,1
vickie aint surviving t,-1
"046 theory, but mind flayer. would cool was, but probably not.",0
comment section proof fanbase insufferable eat slop stranger thing title attached,-1
want epic song,1
nah totally give chill spine,0
"dont think duffer brother realize many people cancel subscription dustin steve die. wont make netflix money, itll lose moneynobody number come me, joke",-1
steve dy dustin dy dustin dy steve diesboth em die die rest world dy died,-1
die die die netflix going delete netflix,-1
"not over, not longshot dialog variation every teasertrailer since season 2 announced.",0
118 stevee?????,-1
dustin steve wont die showed trailer really danger itd stay secret im betting life jonathan,0
"least, wheeler parent dead",-1
trailer always look sick,-1
last episode better like 3 hour lol,0
swear nerd die,-1
nancy totally looking like ripley alien shooting gun!,0
get hyped!!!!!!,1
falling..,0
stop edging u lol,0
139 die die,-1
better not steve falling sky!,-1
steve aur dustin ki toh fielding set hai,0
acting kind awful season. there reason no career outside,-1
im excited,1
"eleven, mike, steve, lucas strong character dy istg ima cry sm",-1
guy die die,-1
volume 2 trailer gonna trailer volume 3,0
"music trailer....... terrible selection. tone off. finale, character likely die, stake high.",-1
112 max alive!,1
112,0
"never stood chance?. wtf talking about? youve defeated vecna force 4 time now, 3 superpowers. threat here?",-1
goofy series ending?,0
,0
promise u alive robin,1
fun fact grandpa birthday gonna new year eve,1
die die,-1
show. glad over. getting boring.,-1
but still exited,1
stranger thing pagluu plz dont end this.. cant afford stress new year,-1
steves gonna die per duffer brother hint,-1
dustin say die die much but love,0
die die,-1
die die die die,-1
"split shit 3 parts? vol1 playing, vol 2 santa, finale new year eve?? wtf",-1
014 holly room?,-1
"die, die as",-1
"tf die, die! aint ready",-1
mother god,-1
dustin s3 die die steve s5 v2you die die dustin s5 v2you die die menooooooooo,-1
girlyes pls alive.,1
nah steve cant die,0
"vecna every trailerit timeit overhopper every trailercome on, come",0
cant wait,1
seen duffer brother leak ome thing steve kida scared steve,-1
not mr whatsit freaking aura farming,-1
robin cooked 118,-1
captain vecna brave new world,0
hey vecna whats twist season? time!,0
die die,-1
031 shi look like dead light,-1
garbage show,-1
ahhhhhh anyone else extremely excited,1
welcome derry better.,1
season nancy becomes rambo,0
one useless character nancy,-1
"die ,i die",-1
bloody epic.,-1
best nancy.55,1
120 wth,0
holyshittttt,-1
still love fact trailer not really give idea going end. there many direction could go there much going on.,1
026 thats anyway door!!!!! doraemon you?,0
"steve die,i die! dustin die,i die!me die dieee!!!!please,dont diee!",-1
freeee palstine,0
dont tell upside future hawkins,0
"die, die , no, two bitch need shut uppp survive shit otherwise wont recover",-1
arghhhh,0
"season 3if die,i dieseason 5you die,i diekinda nostalgiccc...",0
"netflex need subscription next year, releasing january,,,",0
die die,-1
nancy walk em wheeler,1
r.i.p steve,-1
cant wait,1
best show history istggg,1
yeah robin gone,0
dont like kali 008.,-1
think upside bridge trying connect hawkins dimension x,0
get volume 2,0
absolute cinema,1
dude almost killed season 1 hear wanted great thing him. vecna forcefully included story point,0
"doll, netflix, bring back eddie, yeah?",0
steve rip advance,-1
"die, die.chapter 9 vanishing duffer brother",0
gusy electric monster use power,0
gand fatt gaya,-1
nah aint dying final season protest die,-1
juri?,0
really wish official release trailer music,0
love remix diana ross !,1
die die,-1
clip,0
011,0
012,0
holy shit,0
"011 love mike look upside down, bro probably character never enter place throughout 5 season",1
swear dustin steve die,-1
steve dies..season 6 made episode vanishing duffer brother,0
"yeah steve getting slimed, dustin def gonna lose another buddy",0
dustin need stop saying die die steve almost 100 going die season. dustin dy im going die also.,-1
"anticipation stranger thing 5 absolutely palpable, trailer amplifies it! storyline excited see resolved final season?",1
yasss kalii queen,1
oh myy goddd,0
"wooow, wait 2 part",0
"reason afraid lie stranger thing play. believe going cover plot within show duffer said play canon netflix series, but essentially play reveals henry creel power stem accidental trip dimension x, original, emotionfilled upside down, encountering stolen tech brenners father wwii experiment. exposure, coupled unique blood type, amplified psychic abilities, leading commit family murder eventually become vecna, mind flayer influencing void. right, not real villain. clarify, already met mind flayer prior committing murders. thats started acting moved, moved originally nevada, close military base, stumble upon something like that. father military. served worked nevada base. im pretty sure theyre going cover volume 2 finale, but well see.",0
steve die,-1
"much. season one golden, look like marvel",1
omg anne anne e. love much,1
136 die die,-1
know no one else want but need mike eleven happy ending together please,1
one word. crazy.,-1
cant even speak image out! !,-1
next level,0
"watched stranger thing every season, even season 5 today, good",1
cant wait,1
die diewe need another billboard!!!!!,-1
delightful derek,0
,1
dont let vicky die,-1
vecnas choosing character wanna play,0
vecna everytime timeit time,0
worked set st s5 steve dy last second episode,-1
steve dy gonna extra episode callled vanishing duffer brother,0
not recover anything happens,-1
5,0
"die, die.",-1
steve fall??,0
"december 19th, hearing steve dustin say thing, definitely obvious steve would one die final season... sigh.",-1
either die suing,-1
die die anyone die cry please dont die,-1
120 mr.whatsit tweakin,0
"time knowedge seekings, salty lesson bible 3 robert breaker gino jennings stephen darby ministires search freemasonry reproving matter eph 511 kjv learn thats devil device 2 corinthian 211 kjv learn notice snake language enemy speaks sign symbol freemasonry",0
im sooooo exited,1
vecna defo win plot differs suppose,0
use mind flayer alreadyduifofnnebdldofofjdhdhdbdvbdndkdoe,0
"last scene, look like vecna kneeling someone, perhaps mindflayer.",0
"yet, still one episode wait new year.",-1
let say itr.i.p vicky,0
looking forward five minute beam tug war end power love saving day.,1
nancy v 4 military personnel lmao,0
wheelerwalkemdownwitdaswitch,0
new season?,0
nancy rambo?,0
walk em wheeler,0
loving grinch groot arch,1
max holly better get,-1
053 dammm nacy ok see u,0
"051 found error, let see anyone else find",0
let go!!!!,1
stve die... put twnty dolal sdo nedd,-1
one tha best series time welcome dery,1
realise date please?,0
let make sure team behind trailer editing praised enough,1
die die saying s3,0
yall think mike holly scene took miniature said fight evil wizard sorcerer called sorcerer? become evil face mike brave?,0
105 dude not,-1
well no dr year but stranger thing,0
know look closely vecna little spikey cave thing idk call bacground see wall split upsidedown maybe maybe liar making eleven theory right but theory,0
im sad ending but god im excited see duffer brother come next!!,1
whats song play background?,0
insaneee,1
derek?,0
swear duffer brother said hmm let drop christmas ruin everyones christmas guy know lot gonna happen since last season,-1
idk feeling lot people gonna die. unrealistic theyve made long. luck run point,-1
anyone know soundtrack??,0
148 no kidding thoooo,1
no plz steve,0
steve die,-1
054 till none shes powerful diva,1
literally got chill but wheres erica!!!!,-1
die die episode foreshadowing,0
wait eddy billie coming back????,0
someone actually die instead keeping protected plot armor????,-1
"die, dieif die im tackling duffer brother",-1
steve falling dimension x?,0
"jonathan, dont die, please",-1
christmas present netflix jonathon byers getting got.,1
"know look old. know campy. know plot doesnt make sense, but weirdly, dont care. excited watch",1
im afraid hell die steve dustin,-1
derek dy im not finishing show.,-1
freakin peak boy,0
"die,i die no live!",-1
"im enjoying season, but anyone else feel like retro, 80s, nostalgic feel show but gone? fourth season still strong, but new season feel like could running around 2025 season would exactly same.",1
dw steve dustin wont die bc wouldnt u,0
eleven pls dont die,-1
max wake,0
die die? .... die die,-1
really appreciate told nothing,1
bruh steve dustin cooked no way,-1
episode9 duffer brothers.,0
alright nancy!,0
nancy look like ripley alien,0
who got chill watching that!,0
vecna,0
"henry right hand ??!now changing vecnas part, like transformation complete",0
vecnas done,0
vecna timemariah carey excuse,0
anyone tell will really power,0
cant wait,1
cry,-1
russo brother jimmy falons show steve fall think clip someone falling steve,0
dont know people no power,-1
die netflix never going customer ever,-1
feel like dustin actually going die,-1
rip vicki ur dead,-1
saying die die im like yesss duo back,1
117,0
swr show u everything,0
nancy walk em wheeler,0
gonna best vol 2,1
millie bobby borwn hot!,1
"wait sec, yall see body ground way back hallway lucas max r elevator??????",0
yall see 001henryvecna glitch fred benson??,0
die die x2 !!?? none die,0
"people handle break normal people listen sad music, eat ice cream, cry.steve harrington adopt 4 middle school kid best single mother hawkins high school basketball team ever seen.",0
"really hope guy whichs falling eddie returning vamp smt, cause would epic well, hope",1
like haii kalli,0
cant wait volume 3 next.,1
nah demodog charging robin. safe say shes gonna get bob newbeyed. ive made peace already die,0
1st part infinity war. 2nd part first half endgame 3 part second half endgame. got,0
"steve die, die.dustin die, die.me yall die, duffer brother die.",-1
need bring back joyce driveeee,0
136 nooooooo noooooooooooooooooooooooooooooooo plss netflix noooo,-1
"steve die, die!.dustin die, die!.me anyone die, die",-1
nancy walkem wheeler !!!!,0
nancy walk em wheeler. see,1
"volume two gonna fire but volume three lidget gonna basically whole show mean gonna intense, emotional, last fight, lot deaths, escapes, sacrifices, almost dies, killing vecna. almost like u get present best one",1
118 guy falling sky steve?,0
dont die dont die say,0
look like slop,-1
swear vecna looked dramatically camera said time like 4 time,0
byler better endgame netflix.,0
watch give away much?,-1
hooper alive,1
dont understand need trailer segment one season ............,-1
bro im hypeddddd,1
die die,-1
absolute goosebumps!!!,1
swear god steve harrington dies.,-1
stoked cancel netflix good. monstrous company.,-1
"captivating cinematic moment last approximately one minute twenty seconds, viewer thrust unsettling scene featuring character vecna. scene weave together element earlier appearance series, specifically drawing upon mystical enigmatic presence exhibited peculiar mr. whatsit, well haunting manifestation earlier narrative set within hawkins lab 1979. sequence unfolds, visually striking moment occurs vecnas hand begin undergo grotesque transformation, morphing monstrous form ultimately assumes. metamorphosis not serf poignant illustration character evolution but also reinforces theme horror otherworldliness permeate narrative. visual representation, scene encapsulates essence vecnas character, effectively juxtaposing earlier terrifying allure grotesque power embodies fully realized form. transition evokes sense dread anticipation, compelling audience engage deeply underlying lore story universe.",0
steve cooked,0
byler might not become canon one guy,-1
,1
finally,0
"dont wanna sound mean jonathan, but usually dont give much say especially trailers, not odd little ?? 108",0
"vecna not henry, mind flayers corruption. anything vecna mind flayers bidding. henry mr.whatsit, remember chasing max cave could pulled max away cave but u look closely actually resisting transformation vecna, not scared cave. hand changed. time see real vecna emerge 15 second wipe military squad like 20 people, couldnt pull max ran slow? henry uncorrupted consciousness divine domain brought holly develop cleric powers. eventually see holly use dimension door cleric power max slip door. get interesting 8 got rescued, 1 henry uncorrupted small corner mind. team 11, dnd player know make combined 20 called natural 20 dnd highest roll u get. vecna pretty much infinite time upside banished, time froze upside thats seems century old probably is. clock ticking vecnas presence signifies obsession restart time upside down. 12 kid must number clock building restart time upside down. see real world begin merge come back cough demogorgon. vecna restarting time upside would create wormhole connecting directly hawking allowing upside spill making vecna god earth.",0
best tv show year more! last 5 years!,1
im nervous.,1
"duffer brother showed tonight show, steve falls, but too, lightning strike someone falls, cant steve?",0
nancy virgin season 1 became monster killer season 5. change,0
"wtf netflix?!?splitting again!!!thanksgiving, wait till christmas, fkn new year eve!!!if wanted wait wouldnt netflix, dammit! would watch regular tv.",-1
omg,0
dramatically scenze dustin steve die die . u die die,-1
"glad show ending sick it. tried watch friend, but couldnt without feeling annoyed uninterested",-1
no steve....ok definitely uninstall netflix,-1
wanna say dont die,-1
die die,-1
never another show like stranger thing,-1
fire man,1
please cant lose dustin steve,0
025 bring back peace maker,0
steve no dont die,-1
imagine max wake lucas dead,-1
dustin andor steve die im never leaving room again.,-1
"everyone waiting, no one die.",0
135 no no no please please wait wait wait wait,-1
120 shot crazy,0
netflix give subscription back,1
dustin dy die,-1
die die isnt dustin said eddie eddie died?,0
hopefully going end now. no volume please.,1
nancy without weapon nancy weapon,-1
uau.,0
waiting,0
"oh well, im sure itll fine",1
omg cant wait volume 2,1
"hdr10 format, please option trailer youtube",0
u know thing serious whem steve dosent care hair,-1
steve better not die,-1
nobody gonna talk soundtrack remix towards end actually kinda sick?,-1
"im obsessed 11 steve , help figure ?",-1
anyone else noticed 026 time stamp holly max presumingly going floating door henryvecnaones mindlike spell dimension door mike said holly heroic could cast?,0
055 nancy wheeler giving u shiver,1
"connection touched force corrupted henry, mind flayer, but never lost humanity. henry became vecna overtaken corruption, survived kept empathy intact. this, remains linked mind flayers raw signal still sense henry buried human presence beneath vecna. feel vecnas influence without becoming like him, place human origin, corrupting force, monster created. make bridge, not raw power like eleven, but emotional psychic resonance. gonna help henry break free",0
139 one die cry sir please dont die,-1
anywhere door,0
8 join henry side?,-1
omg!!!,1
nancy walkemdown wheeler gettin active,0
gun shot rhythmn?,0
omgg omg omgggg,1
notice johnathan talking alot? like giving motivational speech? clear sign gonna die tbh,-1
ep 9 vanishing duffer brother,0
"steve dustin dies, im gonna crash",-1
steve dustin dy im suing netflix,-1
"steve dustin dies, die",-1
love music saysup. .side. .down. .,1
steve pls dont die,-1
world would better praise not cringe comment praised no reason,0
hopper going die 100 percent,-1
"cant believe much characters, loved first 2 season become parody 80s. dear gd, even added molly ringwald character pent lesbian grew 80 movies. lesbian writing staff go good blackmail slept right people get one added. original kid character breakfast club. mean, even short one fist pump end movie! stop! got freddie kruger, got seems like sara connor terminator gig. mean, much written rewatching favorites. mockery. kidding. saw last 4 loved them. keep stealing away. nostalgic. hope ending least new.",0
need edie back no matter,1
song made stranger,0
noone die pls,-1
"moment will, robin mike eye go white run scene first trailer. look background shirt noah wearing.",0
sound design trailer goofy,-1
"cannot. know someone, someone gonna die not ready",-1
,1
tf,0
118 never noticed person falling,0
"steve die, die dustin die, die dont die!!!",0
"steve die, die dustin die, die dont die!!!",0
"steve die, die dustin die, die dont die!!!",0
"steve die, die dustin die, die dont die!!!",0
timing trailer music absolutely phenomenal,1
reminds dark,0
one dy die. either make alive none do.,-1
trailer way goodi obsessed cant wait new season come out. binge watching it.,1
lowk 5 seasons? need moreeeeeee,0
137 die end,-1
gaaaaay,0
didnt cook dr. k?,0
brutally mocked military service usa,-1
absolute peak,0
cant wait,1
oveerated show,0
136 dont dare touch duo,-1
"hey henry category measurement unit seconds, minutes, hours, day fall under?",0
die die,-1
dustin steve die diemy subscripcin,0
kind as,-1
girl nancy standing straight business,0
"so, youve got best soundtrack tv make boring everywhere",-1
thank goodness didnt kiss,1
finale new year eve got cry pls supposed never ending story dont wanna say goodbye,1
dont want die especially steve dustin,0
hell yeah,1
im excited volume 2....!,1
steve dy duffer brother die,-1
"link 1the evil influencer jodi hildebrandt story, dramatic, mystery crime documentary film. targeted youngster influence substance abuse abusive actions. old age man phone police, stating crime committed young boy tape around legs. visuals bit blurry could due confidentiality personal. link 2the new release stranger thing season 5 volume 2. film containing drama, horror fantasy one. leading unleashes new power saving friend dungeon dragon universe called upside down. different instrument music playing yet suitable show youngster watching. season unleashes vecnas final plan eleven friends, seeking out. war begin two military interfering complicating things. link 3 breakdown 1975, documentary exploring focused american dream nightmare. nervous breakdown experienced america. resulting protesting, political social upheavelings. featuring interview opinion filmmaker actor towards pivotal times. portraying film old age image historical time fit setting. link 4 jake paul vs. anthony joshua. action, boxing match youtuber jake paul v two timer heavy weight boxer anthony joshua. judgement towards jake proving tournament. fast pased music suited boxing environment. would last man standing? link 5 member palm beach, reality show containing 5 woman livelihood florida. foreplaying friendship, rivalry drama unwinding others life within countryprivate club. new member joining palm beach not abiding but breaking rules.",0
"link 1the evil influencer jodi hildebrandt story, dramatic, mystery crime documentary film. targeted youngster influence substance abuse abusive actions. old age man phone police, stating crime committed young boy tape around legs. visuals bit blurry could due confidentiality personal. link 2the new release stranger thing season 5 volume 2. film containing drama, horror fantasy one. leading unleashes new power saving friend dungeon dragon universe called upside down. different instrument music playing yet suitable show youngster watching. season unleashes vecnas final plan eleven friends, seeking out. war begin two military interfering complicating things. link 3 breakdown 1975, documentary exploring focused american dream nightmare. nervous breakdown experienced america. resulting protesting, political social upheavelings. featuring interview opinion filmmaker actor towards pivotal times. portraying film old age image historical time fit setting. link 4 jake paul vs. anthony joshua. action, boxing match youtuber jake paul v two timer heavy weight boxer anthony joshua. judgement towards jake proving tournament. fast pased music suited boxing environment. would last man standing? link 5 member palm beach, reality show containing 5 woman livelihood florida. foreplaying friendship, rivalry drama unwinding others life within countryprivate club. new member joining palm beach not abiding but breaking rules.",0
"die, die die support",-1
steve cooked,0
absofkinlute cinema,0
vecna ki fielding set hai,0
die diestoppppp heart would not able hang die. lost one big brother cant lose whole family ride dawn something happens yall,-1
"wdym, die, die. no god, please no",-1
think demo gonna die season 5,-1
"think steve gonna get messed up, dustin save him. like redeeming moment since couldnt save eddie. either dies, ride dawn",0
amezing,1
worst tv series ever netflix upside upside,-1
nancy walk em wheeler boutta cook one,1
amazing,1
gonna peak,1
song good upside,1
damnnn broo cant wait see,1
"steve dies, netflix dy",-1
jonathan dy 045,0
rambo nancy forever mind,0
"pj bhai ko bethna tha aditya bhai ke l pe, baith badal bhai gayee",-1
thank grip boy top,1
see everyone drawing,1
hype af,0
die die imagine differ brother take,-1
"no one better touch single hair steve dustins head, well start civil war.",-1
damnnnn,1
vecna motherfucker,-1
dustin nd steve pls no die pls netflix no one die pls,0
chakkar main mene 5 season dekiha nhi k ek sath dekhunga,0
christmas present!,1
no vicky please dont die,-1
"136 die, duffer officially clock list.",-1
robin ???,0
walkem wheeler back action,0
nancy shoot wheeler,1
ohhh mannnn,1
"character graduation ceremony hopper, joyce, nancy, jonathan, steve, robin parents. joyce hopper seen together crowd. mike, dustin, will, lucas max wore gowns, but el wasnt there. max lucas share scene watching ghost 1990. short moment but sweet nod era. includes lumax kissing scene. there scene showing someone look like prisoner transported back police van hopper proposes joyce restaurant. also dance together. get happy ending boyfriend epilogue named carlton max epilogue look wavy shoulder length hair similar julia robert 1990 golden globes. seems fully recovered. new merchrelated military document may reveal detail dimension x monster vecna creature connected psychic link hive mind connection. mind flayer described 50 story tall. mind flayer getting new name, ending rt.",1
steve dustin,-1
die,-1
edddie?????,0
"im probably gonna skip last season, like almost show take long new season, time finally arrives dont care anymore. first season banger though.",0
first 4 episode worst season absolutely crap,-1
let coock,0
time lol,1
know feeling emptiness holiday season over? st finale double feeling. damn.,-1
136you die die,-1
interested will power overtaken everyones...,0
steve definitely dead cuh,-1
steve falling jimmy fallon steve person falling upside down? please duffer dont,-1
hopper ded ong.,0
hell got t,-1
im excited but sad series ending forever.,1
waiting,0
word hurt,-1
dont like bit steve say die die. im scared him. dont want die season please stay alive.,-1
max still,1
speech?,0
updise song phenomenal boppin every day,1
dimension x come,1
"121 ok, man?",0
kali better make henry see cave,0
new upside,0
sorry movie coming christmas got schedule full,1
im sorry but worse season yet..,-1
dy vecna dy,0
hope dustin doesnt die,0
ngl feel like forgot mind flayer,-1
someone notice there not much jonathan shown trailer,-1
"hey, linda hamilton gonna signourey weaver got show famous line, get away bitch. couldnt 80 otherwise",-1
ngl didnt like s5,-1
excited,1
no part fly past vickie jump onto robin dont want robin die,-1
"love stranger things, im sad favorite show coming end! second thought, wherever steve harrinton go aka joe keery fallow! no questions!",1
waiting last episode soo badly,-1
nothing better happen steve dustin co swear god.........,-1
nope way steve dustin said die die give feeling cooked 135,-1
ouuu god particle dark matter orb dark! time travel confirmed.,1
tooo muchhhhh exited sadie sink,1
die die ive cry hour now.,-1
vecna timesteve maybe he aclockmaker?,0
117 true,0
release episode watch it. giving u 4 waiting month crap,-1
hard hard hardi kove eddie,0
2026 anyone??,0
not releasing whole final season one go big l,-1
"steve die, diedustin die, dieme gonna die, u die",-1
die die,-1
145 not henry,0
upside downn..,0
sooo excited,1
no one talk milleven breaking,0
notice no one talking 008,0
let go,1
miss gang,-1
117 steve? ive watched spoiler duffer brother jimmy fallon show,-1
netflix want dont stop magnificient series please !!!,0
"die, die",-1
118 getting feeling robin dies. shock jock.... disc jockey...,-1
steve dy die,-1
yes random teenager nicest neighbourhood take multiple armed u soldier,-1
ayone see somethingsomeone falling dimension x 117.,0
thumb stopped watching 2nd season cause garbage,-1
stop!! im already cry thinking steve dustin die!!,-1
remix spotify?,0
not nancy taking,0
steve dustin perfect duo. please let neither die,1
113 look like unfinished shot,0
papa want movie!!!,1
die dievickie seeing demogorgon scene wirh robinnnnn not ready,-1
die theyre going make documentary duffer brother single handedly took netflix,-1
didnt see eddie,-1
happy christmas! netflix stranger thing fan busy 31st december.,1
pennywise spanked vecnas as,-1
never seen thriller ride,0
surprised dr kay survived aftershe got blow boy hopper,0
ok nancy balboa,0
die die love comeback,0
117 doffer brother showed u hint pop im pretty sure steve one dropping here.,0
die die,-1
whats upto? cant wait.,1
ready volium 2,1
"die, die",-1
gonna absolute cinema,1
vickie cooked,0
im scareddddd,-1
omg! dont want two die,-1
vecna kneeling something,0
shut up!!7 day feelslike 7 year waiting,-1
not robin thats dying. vickie.,-1
v season 1 crazy,0
6,-1
6,-1
135 nooooooooooooooooo,0
dustin steve,1
1 steve dies2 robin lover3 max,0
time hear song... think chickens...,0
spoil trailer,0
117 seeing duffer brother jimmy fallon im 100 convinced steve falling,0
"boy upside die, diemeanwhile nancy",0
waiting long time,1
wtf vecnas problem?,-1
im panic. hell will?,-1
die die,-1
"die , cry core",-1
kerrigan confirmed st5,0
die die,-1
stustin soulmates honestly beautiful bond,1
peak peak peak peak peak peak peak peak,0
aaaaaaaa,0
123 poor holly,-1
037,1
stranger thing netflix gonna this????,0
oh g look freaking good steve dustin scared u,1
eagerly waiting volume 2 salute duffer brother made type series.,1
105 finna get bob treatment know but cant prove,0
"ahhh, wheres derek",0
final countdown!,0
steve dy new episode named death duffer,0
please tell dustibun not gnna die also steve,0
shit,-1
nancy gun powerhouse show,1
"die, dieis threat?",-1
112 max he hugging?,0
cliff hanger 7th ep gonna crazy wait 4 day final,-1
"vecna holly, time suffering end.",-1
030 kinda look like deadlight it.,0
notice havent seen mind flayer yet.. im sure last villain play huge role volume 2,0
finale end year! soooo excited!,1
steve dustin die netflix d.brothers going die. okk,-1
"finally showing power, make wonder wont captain planet 90s, transformer 80 moment thier power combined stop vecna. power combined, captain planet! would sick!",0
"dustin steve dead, would like suggest one eps called vanishing duffer brother pls",0
"remember not every day get fully realized series netflix massive budget, amazing writing beautiful hype. cherish pray doesnt got us.",1
die die die,-1
cant waittt,1
gi,0
mean die die one best duo cinematic world,1
exam time pe hi kyuuuu,0
"no, steve harrington not die series stranger things. remains key character throughout seasons.",1
"no, steve harrington not die stranger thing season 5",0
christmas gonna crazy!!!,1
"vecna brave, steve, much braver friends, but end, weak fragile, like them, like rest them, you... will... break. steve harrington",0
season absolutely goated,-1
peak,0
cant possibly ruin season,-1
alan.... cooked,1
nobody dy,0
going new yearme but stranger thing air 31sther choose stranger thingsme dump as,-1
greatest trailer ever made,1
think theyre gonna end steve dusty bun. cant wait sue duffer,1
nah holly dying,-1
background music upside goosebump...,-1
look like robin gf going die,-1
die diethey die die,-1
"anyone but dustin. man enough! money robin, steve, eleven, will.",0
sense lack jonathan screen time,-1
125 holly cooked,0
"oh no! latest duffer brother interview today jimmy fallon show, duffer ask put mini replica cast stranger thing table sudden one duffer brother push mini steve toy replica table mean im sorry steve harrington fan but time.",-1
im excited episode upload please fast upload episode one best series,1
hiii,0
"110 thats dart, look yellow back",0
ixdsfeiglllfegefne8i,1
goosebump peak,0
,1
harper not making one,-1
"steve die, die.dustin die, die.finn hot one way, dustin dies.",0
nancy stay strapped wheeler,0
bgm sync perfectly video. every beat spot.,1
waistline full readyyyyyyyy!! lol,1
yeeaa. vickys cooked yall,0
love this!!,1
"die, dieplease dont die",-1
let go,1
waitingggggg,1
"show bad crazy see many ppl thinking good. interdimentional monster killing 10 special force agent 5 second one scene, eating 200 bullet without even geeting knocked back, next scene one main plot armoured character hurt baseball bat. classic blockbuster shitshow people need stop acting like anything funny 80 nostalgia popcorn tv",-1
holy moly! awesome,1
upps,0
"marketing stranger thing year genius! must studied. whole world feigning rest series. episode one four dropped, trend social attracts viewer stream, enough time binge watch volume 1 finale christmas new year everyone home, capitalizing viewership. last time saw fandom reactive game thrones. epic time, watch party bar crawl amazing watch action lol",1
hope dont spoil it..,0
dude trailer 12 view,0
"real christmas begin now!! die, die...",0
"die, die.if yall die, duffer brother die",-1
"johnathan dies, riot.",-1
upside world bridge wormhole real world dimension x,0
peak incoming,0
just. end already,-1
peak,0
die die,-1
die die ..plzzz dont die die cry,-1
cant waitt masterpiece,1
"friend bought ticket see finale theaters, sad see go but nerd every season. really dont want death besides vecna",-1
get remix spotify please,1
whoever edits trailer absolutely nail sound. music effect consistently toptier.,1
fah,0
omg,0
so...uh...who gunna see theaters?,0
byler endgame,0
nacy shooting people assault rifle unexpected,-1
"wdym die, die?! help!?",-1
bro cant wait see kiss mike,1
going die henry going win kidding dont come joke,-1
,1
demo dog return,0
"cant wait see everybody battle gear, steve look really good backwards hat",1
"gay powerful become, ruined me, shit show",-1
nahhh vecna mad!,-1
smoke em nancy!,0
133 not tackle,0
kali got excited,1
nancy literally goat,0
no steve,-1
jonathan actually might die yall thought steve but everything shifted ring found big theroy but best way hurt,0
025 portal door,0
dustin hug?,0
omg someone commented vecna becoming mariah carey many time said time vecna said trailer read lmao. im ascending like chrissy,0
t tuff,0
omg ive liked basically comment guy literally funny.,1
netflix heh wanna fun loving christmas friend family? no cause know dang well gonna binge,1
"die, die",-1
"want demogorgon action man, prioritising lame character development final season badass action criminal",-1
wait!!! time! answer question who real villain? time!,0
crazy young adult military,0
mike arm.,0
dont hurt boy plzz,0
dont die,0
mean die die,-1
im gonna cry byler isnt endgame,-1
oooooooooooou t soooo peak,1
120 bro picking skin second,0
0.26 door doraemon,0
"hey netflix, twin, literally stop paying ur subscription steve dustin die like u dont understand",-1
"know might not true, but dustin eddie season four went together stood pack eddie died, lot people predicting steve gonna die mean go together, steve might die",0
wthhhhh tooo goooodddf,1
looking like avenger trailer good !,1
cant wait,1
cant wait bro. look sickk,1
"im gonna need listen version song, netflix...",1
idea like final fantasy 7 vecna sephiroth story real story read bible.cloud strife mike ff7.,0
end 1987,0
"die, die. im them. till end.",-1
127 holly v vecnaeditvecna obviously win,0
not prepared t,-1
anyone elses leg shaking volume 2 week away?,0
bro pls tell not end pls,-1
009 think coming scene joyce,0
die die,-1
think steav whole die,-1
bro bout cry much coming last episode,-1
.... vecna understand. im not locked you. youre locked me!!!,0
netflix die to!,0
hurry end t,0
cant wait,1
damn im not ready say goodbye yet,-1
friend said giving robin scene leading death saw hospital demodog jumped military roght behind,0
blockbuster movie super looking beautiful video super hit movie download free movie,1
blockbuster movie super looking beautiful video super hit movie download free movie,1
blockbuster movie super looking beautiful video super hit movie download free movie,1
blockbuster movie super looking beautiful video super hit movie download free movie,1
blockbuster movie super looking beautiful video super hit movie download free movie,1
going crazy,1
look good get em nacey walk em wheeler!,1
049 murrayyyyyyyyyy,0
steve dustin dy imma riot,-1
"no no no bad dustin steve! die, stranger thing watcher die! seriously!!!!!!",-1
guy fr nancy die,-1
nancy.,0
see finn talking said crispy,0
weird everything melting like wax. upside made wax??? like human made structure parts? facade? also much vecna say time wonder mean accusatory way. like straight saying time problem. unrelated but love door field scene look almost identical peacemaker season 2 ending scene.,0
no one talking fact see jonathan one trailer upside down...,-1
"kali chick seems unnecessary, hope doesnt get lot screentime cuz much love literally every main supportingcharacter show",1
"dustin dy steve hmmmseason 6 eps1, disappearance duffer brother",0
nah vol 2 3 gonna fire vol 1,0
damn veckyyyy,-1
die die,-1
else hyped see happens next?!!!,1
nancy one babass!!!!!,-1
te amo stranger thing,0
omygohbv not getting date enzos,0
,1
dare youtube hide 2 whole entire days.,-1
thought dr. kay died,0
omg cant wait,1
best christmas ever,1
"dustin steve die, imma gonna flip table",-1
doraemon door 026 !!,0
portal giving poltergeist ghostbusters,0
bru vecna tweaking need calm as,-1
potential go top 5 tv series time. simply cannot wait.,1
im 100 sure timetravel magic thing solve every death end story. see,0
,-1
omfg,0
die die dont dare,-1
die die uh no true extra episode called happened duffer brother,0
army really thinking beat nancy badass,0
ok soooo please hurry next 4 episode dont serious watch,-1
byler endgame,0
"steve die, die dustin die, die dont die!!!",0
mean stranger thing christmas tv show?,0
hey somebody explain me. previous seasons..the upside exactly thatwhen character went upside would literally upside down..i.e..the whole scene eddy trailerbut whatall sudden drive straight it?,0
nancy playing lot fortnite irl recently,0
die im dying,-1
eight jump hopper?,0
,0
12 million view 2 day,1
woker things.,0
wont die.,0
nancy walkem wheeler shooting sh car,-1
136 nope thats alr know gone,-1
finna heated final fight vecna,0
no leave shayla holly alone,-1
ive saying since beginning upside shared consciousness. comprised pocket dimensions. psionic power ability shift change upside certain extent.,0
concern watching trailer goat derek ?,-1
lucas nooooo,-1
cannot wait,1
nope stop cant say die die shit man oh godddd,-1
steve dy protest revived,0
steve aint making finale,-1
vegan sound like jim carrey grinch,0
030 dead light it?,0
henry getting married end feel,1
oh go,0
cant wait christmas,1
dis nih vecna say time every stranger thing trailer,0
"dont want die, but surely steve die end complete character arc.",0
im not ready steves death,-1
itd exciting guy didnt strike reaction youtubers give free advertisement.,1
spoiller dustin steve die!!,-1
finally real chance steve die,0
excited excited ! season 5 peak!,1
take anyone but dustin!!!!!!!!,0
hope byler doesnt happen see chronically online people get affected,-1
"bro noticed this, vecna growing wing maybe design might similar kerrigan starcraft 2",0
121 vecna transforming,0
walk em wheelr back!!!!,0
"hyped now!!!i dont even care family, present classic christmas stuff.i need december 25th stranger things.we might change stranger thing day...",1
absolute cinema even though trailer love stranger thing btw,1
135,0
stranger thing endgame,0
q vp,0
omg really ? ifykyk,-1
guy know saying run saying steve run episode 5,0
steve hair!,0
dustin corny bro piss lmao,-1
im not cry u,0
,0
finally gave kate bush rest,0
138 tell thats eddie dustin ik probably isnt j see eddie everywhere s5 even another character,0
sound design insane,0
meanwhile resident still living normal life,0
1.45 vecna serving big power. ..vecna also slave,0
rioting byler doesnt happen,-1
"die, dieyeah sum up.",-1
select character! type vecna,0
"byler gang stand up, mileven toxic",-1
"someone doesnt like concept time, henry sure say time lot!",-1
need byler happen,0
bluer endgame?,0
ngl ive seen stranger thing,0
im cry already,-1
netflix istg protect baby im suing,-1
omgggg im ready,1
106 dont hurt girl shes innocent,0
way floating looked like gonna break bone but hope doesnt happen holly dustin bc dustin fav character love steanger things!!!!!,1
"die! die, dies, episode 9 duffer brother die",-1
season gonna crazy,1
please come back eddie,0
"so, hopefully going longest season",-1
x rated,0
"ive watched season one sitting best series ive ever seen. thank god ive watched first time, otherwise id wondering happens next. cant wait december 25th 31st.",1
dont think ive ever hyped something. finale going epic!,1
guna see christmas ahhhhhhhhhhhhhh,1
love st best,1
"die,i die",-1
not gunshot making goated song everrrr,-1
point christmas present stranger thing 5 volume 2,1
braaa chapter 4 bad.,-1
yeah gonna best season,1
im going sob new year week straight steve dustin. not okay.,-1
vecnai dont knowwwww skinnnnn choooooooseeeeeeeee,-1
vecna timeeeeeeeeeeeeeee,0
excited but sad last season,1
"die , die foreshadowing hate say",-1
vecna acting like mariah carey saying time,0
whats white shiny stuff portals? cgi isnt done fully yet?,0
die die stoppp,-1
touch steve dustin gon problem,-1
die die...ok die,-1
012 good bye mike,0
netflix fym die die,-1
well know came,0
second dustin dy stop watching cancel subscription.,-1
omg!,1
new year eve party everybody watching stranger thing thru phones. clock strike midnight idiot start yell happy new.... hear shaddup trying watch stranger thing thru phones.,-1
no no no cant die,-1
season woke garbage,-1
please bring eddie back,0
nextflix please make season six,0
"duffer brothers, anything happens steve dustin, im coming you!!",0
santa save,0
turned seen pahjeet. definitely skipping scene,-1
anyone notice vecna growing wings...,0
guy robin screen time go,-1
oh gonna eat,0
"imagine making fan base wait year get new season, one month split season.",-1
"die die, steve says, dying dustin arm",-1
nancy,0
imaging vecna.. dkci,0
die die no please,-1
gonna hard watch,0
mann thats crazy want season 6,1
watching best christmas present year lol!!!!,1
climax like bada bada boom!!!otherwise mouthbreather netflixx!!!,0
",side ,down gooddddddddd",1
didnt diana ross soundtrack season but,-1
searched trailer get info comment section,0
horrible,-1
"die, die.if even one diesi die emotionally.netflix dy financially.simple math.",-1
"someone shed light something bugging me.if karen ted didnt know truth, think joyce, boy el suddenly left california no house hawkins go to? think hopper been? think hopper el gone? since theyre hiding",0
"steve u die, diedustin u die, dieme anyone u die.. cryy.. dont diee",-1
booooo,0
fantastic trailer reveals everything yet absolutely nothing time.,1
119 robin cooked,0
11.9m view 2 days? pretty disappointing!,-1
woooow,1
dustins dead,-1
goody never say die.,0
"steve dustybun die, dieme netflix dy",0
none baby better die im suing brother idc,-1
shit peak,1
,1
oh shit..,-1
"show suck man, first part horrible",-1
yeah stopped watching derrys good got real cringy,-1
119. youre welcome!,1
im exited,1
visual treat,1
trash,-1
im act mad show good ro almost like omg best thing ever,1
guess ill wait till new year day start binge watching.,1
fine true,0
holy mother,-1
"first four episode okay best honest, hope end well but im losing hope",0
henry didnt know skin use,0
song choice!!!!,1
die die everybody dy,-1
vecna time. bruce buffer iiiiiiiiiiittsss tiiiimmeee!!,0
...i no word,-1
pls dont make dustin steve die,0
"think steve dustin safe die, die line intentional red herring made focus audience worry steve lot people think he gonna die.",0
peak incoming,0
best show ever,1
si steve dustin mueren.... alguien ms....te corto de mi vida netflix!!,-1
"one best trailer ive ever seen. im not normally nose music reference but upside remixed rhythm bullet flying pretty iconic. also love tape playing transition, remind everyone coma 80 show. great stuff.",1
gang gonna three episode,-1
henry vecna transition,1
nancy walk em,0
"die , die",-1
relized vickie die demo,-1
dibshit derek,-1
already waiting episode 5 others episode season 5,1
wooooohhh,1
"die,i die . nooo please dont dieeeee",-1
"well, im fuckin hyped!",1
good,1
better die end,-1
yay christmas cant wait boxing day steve dy mom go suck fat one favorite character j died,-1
"024 bro, dreamcore?",0
054 nacy walk em wheeler,0
speechless,1
going cool,1
vecna freaking cool villain man,1
peak,0
se tu matar steve eu te mato,0
"no not holly, please...shes kid",-1
guess start part 1 season 5,0
bruh vecna saying time since season 4 like time die,0
ted erica save,0
nobody die please,-1
"touch single hair steve. audience destroy you, net mfk lix",-1
dont care whole show died but steve,-1
die die .,-1
nancy queen,0
sigh mike nothing get hated again.,-1
"cant wait see, nancy, shootem wheeler",1
oh goddd?,-1
erica thw upside thats someone else?,0
joyce buyer main villain,0
hope steve doesnt die,0
definitely see name nancy walk wheeler,0
hooray mileven back,1
dont know but every time see dude reminds jeepers creeper anybody else?,0
people better not die unless vecna... vecna die. twice,-1
eddy im counting,0
"die, im done",-1
arrrrrrghhhhhhhhhhhhh,-1
w8 ing,0
show time,0
cooked,1
dancing upside song,0
maybe find writer volume one,0
new york,0
"me, feel like jonathan going die... since season 5 heavily focus byers brothers, raise odds sacrificial death...",-1
127 tiiiiiiiiiiimee,1
eddie 138 min,1
no one die .. please,-1
stranger thing season 5 volume 2 episode 5 chapter 1 verse 1 5,0
steve cooked lmao,1
bro im skipping bathroom j watch,1
"jan 2024 dec 2024 productiondec 2024 nov 2025 postproductionnov 26, 2025 4 hour streameddec 25, 2025 coming soon...dec 31, 2025 coming soon...",0
steve dustin saying die die would really cute wasnt fearing life,0
guy dropped entire mk ultra thing went straight rip stephen king? ok crimson king dealight guess. show fell hard.,-1
going incredibly crazy,1
kali back yes,1
vecna every trailer time,0
"dang, okay commando nancy. go off.",-1
im glad brought joke part season 2 back 136 super sweet. idk survive anymore lol thh,1
hope last season,1
top 2 favorite character talking dying scare me. dont think heart handle,-1
"steve die, diedustybunyou die, die.me die sue everybody!!",-1
really want nancy ditch boy season go thing. maybe like investigative journalism maya hawk character,0
like comment byler button lol,0
die cry,-1
no one die except vecna,0
die diedamm heart,-1
henry 118 bruhh coool,1
"please god,dont deal themthat die ,i diebreak heart no please",-1
"getting worse worse, dumb indian chick nobody want back, gay boy anal bead power nancy fierce character low iq stupid",-1
"robin, eleven, either dustin steve, dead mark words. 5 death confirmed. hell 10 year waiting time end less month, get ready yall",-1
yes kail,0
"die,i die,we die",-1
nancy wheeler def bad ass. give bad as ripley vibe alien franchise.,-1
steve dustin die stranger thing wil die,-1
not satisfied 4 episode volume 2 need 400 episode volume 2,-1
hoohooo dead light,0
missing dustins smile,0
steve,0
,1
hope die,-1
europe come 26th. birthday actually im not kidding,1
"sad part not deal demogorgon monster another dimension, but also fight human military, hawkins lab, etc.",-1
heyyyyyy nobody allowed die except vecna ok??,-1
get hell away dustybun steve duffer see jesus heaven soon,-1
,-1
real endgame bos,0
"nancy drew rambo now, mean come onnn.",-1
type stuff netflix goated,0
vickie no!,-1
11 8 1 20. number 1 needed roll critial success 20 dd pretty darn clever.,1
steves transformation epic... boyhood manhood,1
better not die netflix,0
telugu vallu,1
"bro eleven becomes villian, reason..... biggest plot twist history cinema... uncle part production team know story",0
could done without indian feminist sister but guess got please weirdo crowd too.,-1
steve die diedustinyou die dieme die die,-1
bowl cut v world like,0
gonna die,-1
everyone celebrating christmasme watching volume 2,1
"think steve dustin going die must reason saying die, die",-1
"136 no no no! netflix, not gonna me!",-1
time whole new world maranatha,1
oh yeah,0
,0
max backkkk,1
dont care anyone say steve best part show arc great,1
im full mouth food crying!!!!,-1
no one gonna die. not time eddie alive,1
spoiled,-1
"people threatening netflix duffer brother character potentially dying, realize show ending never going see anyways, right?",-1
die die,-1
avevo letto traumer,0
vecna sitting??,0
die die noodont die,-1
die die,-1
noone dy,0
waiting welcome derry yall pop lmfaoooo,0
joe mama,0
yassss steve dustin back,1
jonathn,0
ive never unexcited,1
steve die,0
billy back,0
steve dustin dy die,-1
,0
cant wait,1
"know nobody cares,but murray, like anyone kill them,i wanna cook",-1
vecna turning kerrigan ?,0
"die,i die die duffer brother dy",-1
series brought stephen king. read firestarter series take whole different perspective.,1
wondered see power,0
"vecna time, new world",1
finally over. zionist thing,0
"but hi tv app havent made episode 5 yet, watch netflix, not added yet?",0
walk em wheeler back,0
cooked,0
christmas.,0
seeing pennywise get beated much honestly want vecna win lmao,1
hope last two episode good welcome derry,1
"die, die choked million heart",-1
cant tell last season .,0
"dustin hast much screentime trailer, die sure",-1
steve dying 100000,-1
"im surprised people arent wondering havent shown mindflayer yet? regardless whether believe controlled vecna way around, odd.",-1
better 3 hr long,0
think scene 133 theyre frying demogorgon happen episode 5 shock jock,0
stranjewer thing,0
like see teenaging comment below.,0
vecna really said skincare routine? never heard her.,0
sure love getting dripfed different episode,1
nobody dy watch.,0
brilliant break whole part putting part special occasion mean would miss netflix fire,1
hype,0
vecna little zesty,0
not ready rest season,-1
"hey vecna carrey, exactly time?",0
ok think bit much nancy gun fight trained army ppl,-1
cant wait,1
bet steve dustin die smile face knowing sacrifice worth it.,1
steve dustin bruh hell nahh,-1
eithee vicky robin gonna get cooked,0
netflix byler dy go subscription app,0
dont want show end.,-1
"die, die.",-1
holly gonna run hill,0
no one dying okay???,0
love this... im going crazy,1
many volume season?,0
max cooked,0
exited,1
please leave steve dustin aloneee,0
sickkkkk,-1
gonna end crazy long waited arc,1
"026 door, mike compared holly holly heroic open door another dimensions.",0
,0
oh boy oh boy im excited this..,1
yeaaa wrap steve lucas,0
im exided,-1
dont get chills. but chill,0
"people complaining die, die line dustin steve say eachother but think like steve dustin duo",0
netflix dont touch robin,-1
ohhhhhhh shiiiiiiiiiiiiithis going interesting,1
anyone getting kugelblitz vibes???,0
oh nooo dustin steve,-1
hell yeah,1
"really cannot think handle steves possible death... think wait spoiler, alive end, watch",-1
vecna looking fineeeee,1
"steve die, diedustin die, dieme die, die!!!",-1
going epic man,1
edging u till christmas crazy work,0
nk mind flayer want back,0
nancy definitely think,0
steve dustin no,0
"wait... there more? noooooooooo. force make thought final episode. loved first seasons, but show lost appeal got crazy.",-1
crazy but die die emotional,-1
hope one main role die woukd cinematic watch sad,-1
"swear holly, dustin, steve die cry eye",-1
damn,-1
kate bush diana ross meet,1
delightful derek better survive,1
byler endgame.,0
steve dy im never watching netflix,-1
rip steve,0
dialogue u die die making die making die,-1
getting goosebump,1
"die, die yeah, already cry",-1
time ended,-1
"die, die riot",-1
"last week started watching stranger thing starting 1st ep. no word describe masterpiece best script, editing, loops, character top tier ageing change loved best best",1
dark matter,0
"dustin steve die ill die , die die",-1
w,0
031 red power orb,0
"good, theyre genius",1
netflix steve dustin fies youre gonna pattagobhi indian demogrogan guard,0
"eleven max mustlive characters. im excited, cant wait!",1
byler endgame,0
song trailer?,0
"136 dont dare say that,steve.dont u dare",-1
bat surrounding eddie ka im calling,0
,1
waiting,0
die die hurt alot,-1
"dustin steve die, mentally unstable make reboot stranger thing called vanishing duffer brothers.",-1
everthing gay people nowadays? boring cringey now.,-1
"anyone dustin steve died , duffer brother face lawsuit!",-1
peakkkkkkk,1
best mov,1
come release it!,1
crazy netflix,0
"okay steve dy die,",-1
bro swear steve dy,-1
trailer giving vibe avenger endgames.,1
gonna epic,1
,-1
118 henry creel look closely see bleach clothes hat,0
theatre!,1
steve dustybun,-1
die die,-1
season 3 dustin die die season 5 steve die diedustin die die cant see dying,-1
boeeeeeeeeeeeeeeee stranger thing gay,-1
omgg,0
nancy wheeler damn near t2 sara conner.,0
dont know amazing christmas coming st season 5 part2,1
,-1
please vecna die,-1
k gunna wild ride,1
there new animation like video,1
cant even convey level goosebump excitement im experiencing 140 music ending. industry turn 180 on!!,1
chilllssssssss,1
"wdym die, die gonna die wid uhh guysssss",-1
steve dy ill never forgive netflix.,-1
"mad max evil one, shes red dragon",0
final battle almost,1
wondering happened upside air toxic setup? everyone covering face season 1 2 protect selves. but season 5 leisurely stroll upside town. creature killed eddie?,-1
im hiped,0
cant wait,1
dont dare let die. hate even hear that!!,-1
cant wait end. no cap ever again.,-1
"u die, dienah.... ure",0
aint average show.,0
"die, die.",-1
byler christmas cannot wait,1
"u die die trailer remove later rright?, right?",0
gunshot editing trailer phenomenal,1
diei die..,0
nancy s3 nancy drew nancy s5 rambo,0
showing cenima,0
nancy turn rambo diabolical,-1
volume gonna epic,1
looking nancy thought rambo,0
aye im saying dustin steve die duffer brother goin,0
think either jonathan going die,-1
show gotten insane. miss mystery small,-1
wazzaaaaa,0
holy shit,-1
nancy turn rambo!!!,0
vecna giving bruce bufffer run money many time he said time!,0
,0
die die hell no? tf mean?,-1
insane hello??,-1
haiiisstt love,1
gut feeling say jonathan die,-1
nobody dy shut,0
"die, die",-1
"die , diethe call back season 3 possible foreshadowing!!!",0
anyone else side stuck head this?,0
cooked,0
hope max become couple realize love other.,1
nah steve dustin dont die,0
watch 2160,0
getting wild omg,1
vecnas dictionary time,0
"series stranger thing become cult series, like harry potter films!",0
jonathan die? not much trailer...,0
139 die die,-1
low quality season,-1
steve still aura farming,-1
raise hand youre demogorgan victimized nancy,-1
vecnas remodel clean,1
fact ive exam everytime released season crucial exam releasing crucial volume criminal!!,-1
im obsessed nancyyyyyyyy,1
steve not died life,0
steve dieeeee .. noooooooooooooooooooo,-1
every character bite dust except joyce,-1
jamie fine im crine,1
die die,-1
dont touch steve,0
ok steve live think otherwise wouldnt say dying,0
ohh boy robin cooked,0
final part,-1
better retconned dude named henry everything.,1
043 red ball like nuke explode get upside down???,0
steve dy im uninstalling netflix deleting account,-1
dont u touch dustin harrington,0
ive watched like 10 time already,0
get keen lad,0
hey bout none u dies? thank much,1
absolutely carnage,1
cant wait watch,1
pame ligooooo,0
im readyyyyyy,1
steve die dont want watch season.,-1
realised finale season 5 gonna long 2 hour,0
woo,0
049 dang bullet sfx satisfying,1
hindi language,0
dear netflix please release season finale indian theatre well,1
up......side..... boom,1
oh god love,1
"look straight booty, im shocked people still",-1
gonna address mind flayer controling vecnussy rumour,0
im not ready,-1
yall hear dont think main lead die,0
thank know,1
derek!?????????!?!?!?!??????,-1
holy firewho agrees,1
im waiting episode...hurry sir itamazing time me...,1
"die, die definitely new catchphrase!",0
nancy showtime...real gut,1
steve dy die,-1
t boutta fire,1
epic,0
im gonna miss,1
"mariah henry want 001 thing creelmass, but seem forget whatsit. dont vecnask me, hawcant seem remember it.",-1
love version upside diana ross! hope put spotify,1
titanic die die,0
vickie definitely dying,-1
,1
"132, kali spider monkey dude. wth?????",-1
"so,ted vecna. dont believe anything ted says, he hospital",-1
"steve die, diedustin die, diele please everybody dont die",0
wow,1
shock jock demogorgan getting fried guy,0
everyone excited 2nd part christmas,1
"10m one day christmas, guess thats christmas present lot people",1
wonder eleven 139,0
welcome derry.,1
time froot!,1
"first off, nancy finally shooting bitch ar15 blick blicksecond off, im happy dustin steve getting along one step time, love relationship much",1
know trailer take stuff episode 7????,0
end already!!!,-1
mee someone else thinking vecna not going killed,0
epic version upside song peak,1
nancy walk em wheeler stay pipe every season,0
supposed october. christmas release really???? yes im going watch duhhhhh but come halloween drop would better,0
byler endgame doesnt happen im gonna throw tv,-1
well look like duffer brother everyone going jail murder cuz im dying heart attack,-1
dustin say 021 everything assumed upside dead wrong make u feel theory 12 kid req make new world vecnas controlled make sense,1
cant wait this!!!!,1
hope max come coma finale,1
still waiting ka munson show w metallica music background.,0
eleven dies!,-1
"ya gotta fire one made trailer, gave soo many juice wouldve nice seeing first time. vloggers there? stop spoiling dipshits! dont want hear analysis!",-1
honestly wish didnt watch trailerbut memory wont even remember watching trailer lol.,-1
wow! believe many tuning watch tv series. cool.,1
devo end. show give everything,1
137 wtf die die agr koi bhi inn dono se mara mai keh rha hoo duffer brother aur netflix waalo ki gandiya phaar doonga,-1
vecna really excited christmas. thats always say time,1
133why 008 launch guard like angry bird aiming green pig,-1
holly cooked,0
"already know not everyone make it, upside down thing timing meaning character going die nextalexie murray barbara nancy bob joyce eddie munson dustin billy max papa kali el vecna mind flayer",-1
talkin.....,0
excited,1
every time henry transforms human form vecna form always look like smth venom love it.,1
finaly actual trailer im sick kn ai,-1
massive red sphere connecting upside dimension x.my prediction maybe spoiler,0
cant wait,1
omg gonna fireeeeee,1
he power back will power back,1
please finish story,0
"dear netflix, read comment die loyalty netflix dy too. u say hello disney... also yall not play end beginning die still",-1
117 that?,0
full body goosebumps.,1
eleven doesnt feel like eleven,-1
like even though im kid,1
girl nancy making presence known,1
vecna time maxvecna time holly,0
think theyre gonna die!,-1
"meh, volume 1 put sleep.",0
pure goosebump,1
see one demagorgons tenderly hugging one kid trailer. hehe,1
steve better not die netflix im warning done too!,-1
know wont make it.,-1
steve dustin dont die please,0
end already..,-1
family calling celebrate new yr but steve died,-1
126 time,0
hold on. mean die die.... no.,-1
dont touch vickie please,-1
nancy aura farming let cook,0
oh love dustin harrington team,1
love little kid going trained military soldier,-1
steve dont die bud,-1
steve dy another episodechapter 9 vanishing duffer brothersand ill director,0
lowkey remind s4 vol 2 trailer,0
steve harrington dy,-1
waiting,1
volume 2!? miss series divided season,0
aint need no christmas gift enough,0
"might not die, per se, but... gone, end, b redacted ...time chime wake! dr. mia nalcolm",0
"die, die.",-1
"glad discovered series month ago. didnt, would miss legendary experience.",1
crazy,0
goosebump,0
,-1
"shot hospital vickie left robin corridor making worried, please dont die one finally make enzo restaurant date !",-1
"see die die duo, yeah die die.",-1
welcome derry feel like afterthought,0
dustin steve backbut please dont want anything happen,-1
"steve die, die die, die 137",-1
10 milllion view insane,1
feel like not going good people think will. even feel like going meh,-1
finally got power,1
die die,-1
"wanted say jesus christ, heavenly father, holy spirt love u much one god 3 different people god. jesus christ way receive heaven truly receive god true faith jesus christ god saved grace amen",1
nice see vecnas diet worked. not much gut anymore,1
"yeah guys, vickie might dead..",-1
amazing,1
vecna might aswell hawkmoth time.. as always time never right time,-1
waqt aa gya hai 26 december ko fir se chutti lene ka,0
111 100 jurassic park reference.,1
im not ready,-1
atp think excited christmas,1
going great,1
boy delightful derek,1
steve dustin word make cry bro,-1
die die,-1
1181,0
042 know people gonna say disney,0
t finna peak,1
nancy walk em wheeler,0
waiting,1
139 wouldnt,0
swear holly dy yall ready fight,0
"die, dieme noooooo",-1
volume 2,0
w,0
"know steve dustin die, ill cancel subscription you, netflix. not but make sure friend family unsubscribe well not really matters. cancel subscription die? give like.",-1
vecnas time not still.,0
nahhh cause know shocked wasnt fake second saw netflix posted clicked,0
die dieseason 4if die dieseason 5do get desavuidk hve spell im dumb,-1
"saw trailer pop feed, hoping wasnt another fake trailer like rest them. excited see rest season!",1
cant wait!!!,1
didnt release trailer released threat.,-1
nancy underrated,-1
holly cooked,0
steve dustin... ugh no better not.,-1
zionist cast klled anything show going.,-1
nancy popping van gun going full blast badass. said tried taking parent sister everybody going,1
steve dy wanna see duffer brother heart platter,-1
big red ball might demodragon,0
not vicky!!!,-1
"god. truly hope editors, composers, sound designer trailer like paid well!",1
bruh! how!? using diana ross track trailer fit crazy enticing. vow watch anything db create,1
nancy walk em wheeler 054,0
nancy badass!,1
im really interested wall get also best show ever btw,1
first clip ai,0
started lab maybe end lab. eleven first open portal. key hawkin lab x dimension.,0
look way better first part,1
guy take kali aka 008 make everyone else happy ending?,0
oh steve dustin dying great,1
cliff hanger 7th episode gonna brutal,-1
madmax,1
steve matum etho achi netflix avaluvutha,-1
wilu willu willu vera willu,0
someone dies.....why would make u sad christmas,-1
vicky cooked ngl..,0
waiting,0
"dustin steve dies, last episode vanishing duffer brothers, written directed me.",0
nancy walk em wheeler 056,0
"shouldnt released trailer, many theory",-1
pennywise goat,1
cant waaaaiiitttt,1
you... please dont die!,-1
"great watch these, but much swearing take away though, not idea, ppl love watch enjoyment alittle bit turned distraction. tone alittle j",-1
mike kiss when?,0
"die, die",-1
notice robin j barley trailer?dont dupie,-1
dont die... please nobody die plz,-1
,1
uh oh 120,0
ok nancy! 054,1
pray dustin steve dont die,0
guy theory m wheeler vecnas sister,0
there volume 2??? eugh end already,-1
im excited understatement,1
absolute derek.,0
yay use power,0
001 turning barb thought first,0
got 1 jan decade there.incredible fck,0
nancy walk em wheeler back,0
welp bye robin,0
pray whatever believe gng might cooked,0
omg im not ready ....,-1
no one dy 137,0
glad nancy finally getting fully evolved form.,1
106 robin dont hero ok...,-1
feel like mike going vencas next victim...,0
hopefully el could team venca gang figure super powerful weakness weapon vencas,0
135 nooooooo,-1
cant say like nancy season,-1
maybe strangest thing friend made along way.,1
die dieyou die diewell die make truly poetic,-1
not wait stranger thing 5 volume two going epic christmas day,1
netflix eleven max die die,-1
"die, die...",-1
no way,-1
wanted also power mike wheeler like eleven,1
boop boop boop!!!,1
woow,0
tuff,-1
conan gray ex quite glow,1
put t sht 4k quality gang holy moly god !,-1
guy not gonna talk steves backwards cap!!,-1
byler endgame,0
made 3 part volume. theyre torturing us!,-1
volume 3 trailer???,0
wait volume two trailer...not even finale damn,-1
no no no no no no no tf yall mean die die yall better not die stg,-1
"hawkins actually trying harvest argent energy.gutsy, but stupid.",-1
justin steve die die,1
byler,0
116 wait el creel family basement?,0
,-1
final bos tarrasque,0
world eagerly awaiting,1
epic version diana ross upside got shook!!,1
"steve die, diedustin die, dieeddie, coming vecna chair absolutely not!",-1
netflix?,0
im hyped,1
netflix thank,1
107 no vicky,-1
"nancy going sarah conner on....well, sarah conner!",0
101 robin freaking alive. let go,1
steve dustin die die please no duffur brother,-1
yayyy kali,1
fym die die no!???,-1
014 gasp,0
time no not vecna dont touch holly,0
glad never watchedanyways back life,0
"vecna minion touch single hair steve dustin, riot!",-1
know im going cry,-1
dieeeeeeeeeeee,-1
die die,-1
holly steve dustin cooked,1
happened delightful derek!!!,1
die.. die.. netflix subscription dy too... haha. dont die...,-1
133 thought vecna attached sec bruh kali,0
"steve, dustin dy im gonna crash tf",-1
ive seen stranger thing,0
theory new world vecna talking called right side thats title last episode,0
136 neither die,0
wish creature,0
no byler scenes!? yup endgame,0
vickie nooooooooooooooooooooooooo!!!! start cry .,-1
im hoping hopper not dead,0
"yeah, theyre cooked, vena islleave let leave, people leave half beef life peace.",-1
sorry but didnt see will?,-1
8,-1
nancy give ellen ripley alien 1979,0
never ending story coming end.,-1
peak,0
one save robin please,0
ole walk em nancy back pew pew.,0
"steve dustin die, die.me screaming top lung dont die okay?! sob",0
llegan matar dustin steve le prometo que no vuelvo ver una serie en mi vida,0
im excited,1
close!!! steve couldve one one scene together jonathan didnt volunteer go steve van! really hope steve still one one interaction.,1
lucas probably safest one,0
holly cooked agrees,0
feel like screaming he screaming jonathan death,0
....soooo nancy expert ar but hopper vietnam vet forgets one works?? yea sure okay.,-1
two cannot die!!,1
"alll iiii wwwaaannnttt forrrrrrrrrr chistttmasssss isss steve , robin dustin tooo bee aliveee!!!!!!!!!!!!",0
best show time behind soprano,1
love song mix,1
133 ok m 8,0
none u die,0
freak kick as new powers?,-1
vecna look like ed harris every time see,0
seeing dustin running upside got weirdly emotional,-1
"not even plot armor save time. going like u dead except eleven, hopper joyce, saddest ending ever.",-1
wow,0
guy one solid theory reason henry gave boombox help holly escape? henry isnt evil controlled vecna? mind flayer borys form dnd didnt evolve stage yet? reason henry turn henryvecna rapidly henry trying fight venca?,0
"011 way camera angle match song. up, side,",0
im scared,-1
love,1
122 123 holly,0
"upside likely destroyed volume finale, right side dimension x merge headed inro series finale... vecna realizes he douche redemption arc dies, wil becomes good vecna seal dimension x. hopper gonner bout deaths. thats best guess. everyone else loses power life end...... maybe minor character dont give poop die too.... end",-1
"like jurassic park reference, bit early that, but appreciate anyway c",1
touch dustin,0
derek?,0
rise eddy trooper!!!,1
vecna time!my stupid ahh tiiiiiiiiiiimeee,-1
yeah everyones cooked,0
suspicious lack byler,-1
absolute cinema,1
121 bro cant decide skin,0
steves gonna die isnt he?,-1
030 dark reference?,0
nancy rambo,0
032 fun fact portal cod zombie map die maschine red,0
im ready,1
w w w wa w w fl flo floating,0
"d20, salute you.also, dont die.",1
dustin die die steve die die die die,-1
holly,-1
yoo anyone else notice jurassic park reference,0
behind two behind,0
118 dimension x!?!!,0
eddie?,0
pls better end song end beginning,0
bet gonna stupid ending,-1
prediction steve dustin say die die one gonna die,0
cant wait,1
sewer max dosent come back,0
istfg steve dustin die im killing different brother,-1
look insaneee cant wait,1
look mad gayy,-1
"grew show, speak there stranger thing sticker door, left me. surreal show, absolute best way possible, many memory made cherished stayed late edge seat physically mentally, wondering happened going happen after.. thank special part childhood. remember guys, life always stranger things... suspenseful upbeat, hip music",1
make say time december 25th..,0
swear god steve dies..,-1
evb dyin,0
please better volume 1 hot trash.,-1
im ready,1
anticipation killing meeeee!!!!!,-1
vicky dead,-1
upside promised u 100 year ago,0
136 better not foreshadowing!!! swear steve dustin die im suing making season 6 named chapter 1 vanishing duffer brother,-1
better 2hour episode,0
damn thats hard,-1
anyone else noticed stephen king reference?,0
"steve dustin die, dieme shut two",-1
man show going downhill season big time,-1
still another volume go,0
spinning red orb reminds black particle one netflix show dark . dark also show time travel .,0
"yep confirmed, death major cast member",-1
steve better not die!!!,-1
omg excited watch new episode,1
noooo! not bard barbarian!,-1
final,1
justice barb,0
"omg, jack rose jump, jump",1
dustin die diesteve die dienetflix die die,-1
stranger thing season 5 awesome,1
"not gotten vr, yesterday",0
gotta worst show ever watched bro,-1
really milking thing dry.,-1
please come want watch,1
"but tried movie box,but not yet",-1
omg notice up.... side.... down..... perfect fragment see o010 up... mike look think giant ball013 side... max holly going mirror portal side wall015 down... max holly looking sort hide bunker,1
"thank god last episode drop new year eve, got reason not go definitely cry found dies. kinda sad ending. wont good show left one decide cancel",-1
"goosebump goosebump goosebumps, ommgggg cant waittttttttttttttt but seriously, no one die mmkkkaayyyy???",1
bro jst release alrdy,1
robin getting bit much screentime yall..,-1
"umm, excuse me. wheres robin???",0
steve. why?,0
one thing confuses kay still alive 050,-1
im actually not ready end,-1
im already cry due insinuated prediction.,-1
let say rip holly,0
literally not looking forward actually celebrating new year christmas point,-1
"die, diemy soul subscription dies.",-1
see barb?,0
release schedule extra grimey true netflix fashion..,-1
well see finale but theyre certainly making fire trailer,1
really hope despair ending,0
"realized season 3, ericka, robin, steve dustin hide cinema, back future playing hear dialog time time",0
really third hospital massacre,-1
aww. .,0
wouldnt include byler kiss j,0
im pooping,-1
hope never see actor play robin ridiculous smirk face deliver every line horrible acting.,-1
no dont tell steve dustin going die but hope yall know jesus love yall much died yall came back grave 3 day later asks love repentthank listeningalso im not forcing religion telling,1
much aura,0
"upside actual land dungeon dragons. closed permanently trapping many hero inside. upside open past many times, many human made home.",0
either getting trolled gone,-1
"last time dustin fought alongside someone upside down, resulted eddie dying. bros gonna get steve killed know it.",-1
??,0
notice season three dustin steve said die die but say die die,-1
theory trueeeeeeee!!!!!!,0
"narcverse world concept even death mean nothing. nothing, except utilitarian metaphor quickly aped, mocked, derided, dramatized used narcissist mind narcissist self. rally multiple narcissist play thing different selfcentric aspect skill? need discernment have. way whole protestant 66book bible originally worded original languages. keystone history. itsnot 4 u.",-1
oh boy dont die,-1
die die????please dont lay hand,-1
mind flayer?,0
best show going end,0
"damnnn, cant waitttt",1
cant wait!!!!,1
steve gonna aura farm ...?,0
,1
"place vecnas end look like kind mouth, thing sticking look like teeth",0
vecna,0
timeeeeee vecna,0
nancy arc brewing since szn3 im,1
140 ..... uhm no let not,-1
vecna storyline overused starting lose interest,-1
"die, die.please none die.",-1
"shouldve made last 2 episode cinema releases, cinema would jam packed",0
really dragging till new year smh,-1
strange but ive seen stranger thing,0
mid,0
,1
"actor play dustin said character dy hot ones, still hope prank.",0
dang,0
finally yes,1
ted finna solo vecna,1
kirky thing edit part 2 boiss,0
cooking,0
stranger thing five veckies ravange,0
vanknooorrr,0
volume 2 going epic,1
absolute cinema,0
vecna mariah tiiiiiime,0
subscription almost done,0
10 million view trailer 1 day,1
"sure hope second part good first part worst stranger thing season yet. incredibly disappointing but part 2 look alot better hopefully not cool clip put together. but think specialness gone theyre grown up, like magic gone.",1
"absolutely frickin awesome!and guessed wsqk would used eleven. season 1 ham radio. but case 50,000 watts.",1
slow bro started watching,-1
stranger thing fandom got theory readytrailor everything weve ever assumed upside dead wrong,-1
hell ball thingd,-1
avenger movie,0
uhh 3 volume have?,0
save u die,-1
thank netflix giving u much happiness character wow performance delivered stive dustin also,1
steve u need runnnnnnnnnnn,0
phylactus remember word vol 2 come,0
"excited see scene robin, will, mike.",1
viknare,0
hope vecna take jonathan leave rest alone,0
fcuk netflix making 2 season 1 season,-1
omg cant wait !!!,1
last ever strangerthings trailer ...,0
instant goosebump,1
die die awww yay getting good steve dustin back,1
prediction dustin keep saying die die he actually going die,-1
holy shit awesome,1
end near,-1
mike dustins hug cant,0
god show end already gf couldnt even get 2 episode season 1. terrible slop!,-1
byler,0
prepared vecna returned destroy world,-1
not ready,-1
took almost ten year complete 5 season show know worth it!,1
holy shit bro tactical nancy badass,-1
vecna say christmas going dog correction hawkins going dog co demogorgans like evil version guard dog lol,-1
free kid movie,0
holly not runnin,0
ugh welcome derry ended back stranger thing,0
135 140 broke heart,-1
fuh mean die die,-1
nancy bad bitch ! see pop top van start mowing mf down?! yeah buddy,-1
011008001 aka 20 dd theory right!,1
140 wait wait wait wait wait no dont die,0
love muchhhhhhh,1
nancy ate know,0
die die duffer brother,-1
henry switching vecna human form look cool!,1
nancy,0
faaaaak ... 10 day,0
"much going on, cant comprehend",-1
"test comment, please ignore.",-1
cant wait drop youtube return back normal,1
boy mike finally upside,1
im ready new duo holly max,1
im nervous johnathan wasnt much that. better not die,-1
id say im wet but thats understatement,0
3 episodes?,0
visi ded,0
hope lucas dy he useless character,-1
wish,0
nearly 10 year sadly feel like end even know finale episode 1 jan,-1
ctmmmmmmmmmmmmmmmmmmmmmm,0
nancy gun,-1
theroys proved wrong right,-1
"die, die stop right cant lose",-1
"steve die, diedustin die, dieme dont die!!!",-1
wow,0
best trailer yet,1
"christmas? wow damn thought releasing next month meant january, thank duffer brother",1
love eleven but shes gonna die,-1
much gay crap keep everyone straight,-1
someone please die. way many character sod,-1
vecna timemariah carey hold young man!,1
right side,0
"would respect show turned plot armour character started dropping. im not asking tpk, let stake consequences.",0
itwelcome derry better,1
best tv show time goat,1
release now....,0
trailer shattered brain cant wait see gang back hawkins!,1
"die, dieme nope, nope, dont like it. really dont like it. not happening. nope.",-1
gonna final season or??? waiting 8 years?,0
"glad finnaly killing dead horse, get worse worse longer go on.....",-1
imagine nerve system come out. wont process main character exit game!!,-1
"wow, stranger thing went full 80 cheese.",0
135 noone dying alright,0
boutta scik,0
see lot action not time process everything.,0
last adventure,-1
vecna tiiiiiiiiiiiiiiiime,1
demidogs,0
"omg guy ending, era ending shall",-1
jonathan ia getting killed first,0
118 thats robin demogorgon attac,0
lucas dy im suing netlfix racisim,-1
soliders broken wine bottle equipped well since gun pointless,-1
yes finally,1
yaaaaaaaaaaay!,1
noice!,0
"dont dare touch die, die duo",-1
omg nancy,1
"1 day ago uploaded..9,880,938th view am..somewhere 477,000 like become..andsomewhere 20,000 shall be.",1
steve die die. dustin die die. no... two cant die .,-1
lot probably end dying...,-1
next level stuff,1
"rushed ending. 009, dont remind",-1
didnt see derek turnbow,0
ggs wrap,0
nancy become nancy rambo,0
cant wait drop,1
die die but know die volume 2 cant say getting cry said,0
duffer brother christmas new year hand please dont make u cry new year,0
"im calling holly gonna die, im betting",-1
theory season finale everyone dy eleven power bring everyone back like max would sacrifice killing vecna . theory correct everyone drop like,0
die die 2 better not die ill going duffer,-1
yyayayayayyayayyayyyayayayayayyyyyayayayyyayayayayayayyayyy pookie wookie stranger thing ssds fissoixidfusdsouisfrefhsjfhshsuujidhdjsjsksksiwidhdeuruisiisisisidhtisurfhsjehrdefvdddjasdjdhdhrhfhxhdhxhdhruduhfjsisisijfrpwpwppqpqydhjjhshs,0
"die, dieif either die season 6, first episode called vanishing duffer brother",0
oh great military still using gun demo,-1
"bro, cant wait see gonna crazy",1
shut up! die die,-1
oh. my. god.,-1
insanewere not ready whats coming,-1
nancy really good gun,1
end goyslop finally,0
"die, die.",-1
peeeeeaaaaaaaakkkkkkkkk!,0
omg im going die! mean im completely gagged,-1
dude im ready,1
026 open door different dimension mike wheeler strike like said power,0
steve die diedustin die dome man guess dying,-1
already cry,-1
almost time,0
something big cooking,1
jesus christ think far show come. still think crazy whole world ending event ending hawkins would enough think?,-1
"im sorry, die die?!?!?!? freak nooooooooooooooooooooooo",-1
dustin steve dying ofc,-1
dustin steve made sick die im never gonna same.,-1
stop giving u 4 episode,-1
shit look dumb,-1
"timmmmmmmmmmmeeeeeeee vecna, 2025",0
rather ending woke dream dnd game byler ship,0
glad 008 back. everyone made one her. but knew wasnt meaningless.,1
24 hour million video based one video,0
vecna pulling voldemort,0
80 comment die die get shut,-1
every time see nancy pop gn lose getting concerned come,-1
"dustin steve die, die. remembering eddie",-1
"dustin steve saying die, die. literally repeating exact sentence",0
137 dustin upside running fromto?,0
nancy walk em wheeler,0
nancy still missing every shot,-1
imma really need steve dustin stop saying neither one need die,-1
"gonna good! honestly favorite show ever. peak cinema keep getting peak, please dustin steve, dont die!!!!",1
"die,idieno netflix noo please",-1
perfect christmas gift,1
die duffer brother die,-1
"141 guyssss, think someone holding someone but thattt??? could cute, but could also mean theyre cooked",0
die die. let hope die awful series finally conclude,-1
got goosebump,1
best series ive ever watched,1
"see dark wormholeblack matter, but read?",0
"joe kerry die im gonna mad way, could add another season?",-1
vecna last shot,0
105 yeah robin dying 100,-1
love drawing three reference!,1
glad will gay acceptance caused power,1
steve dustin die ima cry,-1
swear robin girlfriend gonna die,-1
anyone notice boi derek not trailer,0
029,0
brought anywhere door doremon,0
"im calling now, villain!",0
overrated show. even baited everyone saying many people die season single person,-1
uh guy hopper not like all?,0
im hypeddddd,1
epick,-1
zzzzzzzzzzzz,0
henryvecna glitch transition?? insane. replayed way many times!!,1
,1
last episode week later? bruv,0
sit,0
"state euphoria volume 1, please dont ruin",1
027 anywhere door doremon mean could see multiverse,1
"die, die",-1
"broke cry thought steve dying. so, heartbroken omg. knowing character seeing growth. ill cry everyone else well, but steve.... death would stick long time. best character, imo.",-1
saw volume 2 immediately clicked! cant wait,1
vecna bowing not big bad thought was?,-1
nancy shooting part iconic,1
"theyve lost way hope, thing get better moment isnt working.",-1
t trailer reveals preety much kinda as imo,-1
look hotpot lover,1
"henry bugging? cause feel like he trying henry holly but cant, start going vecna...",0
po pii gd,0
"line die die somehow reminds famous titanic line jump jump, mean willing sacrifice other.",0
feel like last episode,-1
nancy drew!!!!!!,1
"upside down, boy turn ne inside out. ahh love song. also think robin cooked",1
"well, bloody better better volume 1, couldve significantly shorter...",0
113 max,0
die die,-1
136 helloooouuuuuu????????,0
"im sooo glad steve dustin seem best friend but also terrified wdym die, die!",1
,1
,0
,0
kind thought new world would already get go s5,0
like im loving shot henry rain also one absolutely tweaking stair,1
kind hoping see scene steve pull forrest gump run screaming run scene reference.,0
kid werent camozatas including delightful derick queen pie erica not trailer,0
guy u think gonna die ? gonna main villain. think steve maybe dustin. favourite actor?mine steve hair harrington no one better hair steve harrington right?,0
"die, die istg anything happens two",-1
christmas come faster,1
guess whose going die??,0
w,0
"feel like die, die gave plot armor cause would tease death? make scared eleven, however",-1
script written ai,0
poor jonathan,-1
"steve dustin die, die !!!",-1
v2 gonna crazy!!!!!,1
"two legend other, die, die. exciting heartbreaking part series.",1
,-1
idk whatever fck duffer brother cooking. beyond imagination. god mode,-1
steve dustin gonna die? thought would one but thats end ends. people die season heartbreaker sure,-1
stop !! die.. die...,-1
,0
die every body die..,-1
119 robin cooked,0
omg no steve dustin ??!!!!!,0
charlie heating british slipped surviving.,0
please stop edits synchronized music. suuuuuuuuuuuuuuuuuuuuuuuuuuuuuuuuucks.,-1
dustin one falling sky. see yellow hat shining lightning,0
finally wait,1
genuine chills...,0
oh 2 didnt look,-1
what?,-1
100 going steves death,0
know theyre going ruin christmas! lol,-1
uh isnt already,0
118 there demodog charging towards robin! dy im going cry,-1
vecna sooo cooked bro,1
atleast vicky know date keep getting shiftedcancelled,0
omg.. cant wait,1
056 nancy not playing season.,-1
024 world peacemaker imprisoned.,0
look epic. wonder vecna going live word say time...,1
infuckingcredible,-1
day?,0
die die j reference season 3 russian elevator guy please there still hope,1
die die line........,0
"nancy going toe toe dr. kay, hell yeah",1
blood coming nose rnnnn,-1
"steve harrington dies, make sure vecna float oblivion dy end beginning playing ears.",-1
"die, die",-1
dont dare! not steve.,-1
let fing go!,1
,-1
cant wait see nancy take entire military herself.,1
"calling now. steve dies, nancy distraught make mission fight evil, thus leading new series.",-1
steve dy end beginning play,-1
hate split release,-1
"vecna need watch time, time! time? christmas time perhaps",1
seriously messed revelation watching .25 speed. part shocking demigorgon 134 zoom arm almost look human. dg human? team find way bring back? dustin say everything thought upside dead wrong. if?,-1
"die die, die die",-1
"havent watched single episode since season 1, like jumping straight endgame, god damn",-1
stranger thing pls no one die,-1
steve dustin die im gonna everyone netflix,-1
know duffer brother picked xmas release part 2 bc steves gonna die secretly wanted ruin christmas,-1
touch holly vecna swear im sending everyone find dont forget others,0
new season dumb,-1
nancy walkem wheeler,0
steve going die????,0
r cooked,0
"die , stranger thing die",-1
die die duffer brother tryna ruing christmas,-1
"die, die",0
el kali throwing wood away omg best duo,1
gave goosebump,1
swear steve nancy dy im killing,-1
nancy look like rambo,0
zionist evil,-1
die but vecna 11 actual father,-1
champing bit volume 2,0
oh hell no randomly decided turn vecna max told go back? ngl thought dumb idea henry memory probably read mind like got holly gift asked howd know,-1
im finna start lawsuit duffer brother emotional distress,-1
die die.,-1
dustin...steve....please dont die,-1
"dont want anyone die not robin, not steve, not kid please",-1
"one amazing, nostalgic show time. need make tv show like this!",1
"volume 2?!are telling year waiting release final season, hyping final season much, theyve still decided split final season multiple parts?lol glad im not bothering watch season released",0
wheres barb at? think shes pivotal character. im season 1,0
nancy mow em wheeler,1
god,0
"die, die",-1
"die, die steve",-1
good trailer,1
alright one dying,0
henry flipping back forth stair 120? sec looked like ted wheeler lol,0
bruh like button broken,-1
25th get already.,0
knew kali coming back,0
die except mike.,-1
think either way 56 death cards. even isnt steve dustin everyone loves. still going brutal. weve watched long,-1
yes finally steve dustins not bad term anymore,1
goodness,1
im starting think vecna isnt main villain,0
totally look like rambo lmao,0
die ... die... okay!? bout throw up?,-1
tfym die die pls no,-1
trailer 2 look like end worldeveryone focus dye dye,0
"die, netflix, subscription die",-1
gayflix,0
singing running hill rocking back forth watching,0
didnt see robin really hope rumor got much screentime episode die wrong,-1
boring,-1
please good...,1
holy bong swat batmancant wait look dope,1
think nancy gonna shot aint way taking soldier,-1
vecna gay.,-1
"one hand, steve dustin going make up! hand, one going die",-1
derry look like donkey s,-1
eleven doesnt change clothes,0
ok not liking u die die rule bro u 2 never die max,-1
die die,-1
,1
worry robin barrely trailer...,-1
whose voice 1.08,0
turn new year eve party everyone sitting watching stranger thing thru phones.,0
steve dy im gonna cry,-1
"robin trailer not much, yea t aint looking good especially cuz next episode called shock jock",-1
"dustin steve back, wanna complain ???? hahahahha",1
"netflix, u hv planned steve orand dustins death, 7 day correct ur sins. else,if die, netflix dy",-1
"glad theyre not bringing back eddie, would ruin character",-1
044 added black heart guess,0
dunno ... dont think trailer music dramatic enough.,-1
garbage,-1
whennnnn,0
anywhere door,0
,1
"alone 3 confirmed death robin, dustin steve.",-1
chill,0
"die, die",-1
bruhh 9.1 million view one day,1
"so, confirmed steve dustin dying.. mike hopper clip also confirmed story written mike realising will...and 6th november 1983 found dead..i cracked spoiler...i knew knew beginning... but sad....",-1
lessssssss gooooo,1
052 introducing nancy john rambo wheeler.,0
137 steve!,0
anybody notice vecna sort mouth end trailer mean control dragon?,0
everyone sacrifice steve,0
ok nancy bad as,-1
literally anyone dy die!!!,-1
second part gonna goated,0
"time..everyone interrupt yeah, yeah, yeah, bullet",0
everyone grilled point gng,1
wait holly getting snapped??,0
dustin steve,-1
nancy walk em wheeler,0
steve dies! spoiler!!!!!!,-1
"biggest question entire series be, clip, hopper hat stay tornado type storm?",0
9million day crazy hurry christmas,1
"die, die absolutely no",-1
started watching saw orb thing want wait episode feel like big spoiler,-1
"steve die, die dustin die, dieme guy die, cry",-1
vecna becoming mariah carey many time said time,1
no one die pls,1
nancy badass modus,0
fact listened upside season like one fav song im excited season upside going song,1
205 no one except vecna better diee omg,-1
die die,-1
dear god ..this it!! stoked,-1
show time cold christmas,0
suck lmao,-1
cant wait,1
stranger thing better show,1
show feel like buy time finale,0
im going die cant wait,1
character think die eleven steve robin . cant wait find,1
doraemons anywhere door?,0
el dy btw ur welcome,1
133,0
robin steve die im gonna cry hard not even gonna funny anymore,-1
calling now. may end character main story but spinoffs set world after.,0
nancy gunn lol,0
imagine monster anither dimension killed group traumatized teenager,-1
"say once. hurt single hair steve dustins heads, blood flow duffer",-1
not ready,-1
bro whyre steve dustin standing red electro ball whats u die die,-1
think upside going like imagination emotional scape learn not bad vecna flayer courupting it.,0
"and, please... love nancy badass!!! awesome!",1
need tiktok editor make trailer,0
imagine change narrative story like zombie apocalypse but upside,-1
trailer continues stress every time,-1
real intense start,0
anyone else noticed red matter dustin steve see look nuclear matter dark different color ?,0
"something, anything, happens daddy steve.... riot!",-1
thought doctor keen whatever died?,0
"time new world? like microchip implant people, digital id digital money, new world order system? no thanks",-1
"die, dieany one die cry",-1
lucas aint surviving shi vecna keep em reason,-1
look bit like aliens. even version newt.,0
anyway door supremacy,0
steves gonna die,-1
"033, need epic version now!",1
spoiler dustin die,-1
nancy going full ripley mode again!!!!,1
dustin steve bond,1
no dustin steve please,-1
end series go prison multiple felony commit volume 1?,-1
love seeing dustin steve friend,1
"like main kid actually fighting now, entirety first 4 season yelling fight, lucas fought, peak",1
sarah connor v sarah connor generation,0
nancy connor,0
feel like vecna like snape harry potter! trying save something bigger!,1
anyone dy ill heartbroken,-1
mind flayer actually gonna show now. havent seen action since season 2,0
"steve die, die dustin die, die pls dont die",-1
netflixthere cross netflix universe stranger thing wednesday even series. cool.,1
die die aura,-1
crescendo trailer give goosebump,1
waiting kick bucket,1
omg chills. excited.,1
first military b volume 1 break military stronghold dont know called using delivery truck 1 gunner somehow not gonna get shot even once. fkn ridiculous,-1
"finally gotten powers, going vecna said, think 20 need beat 11, 8, making 20.while dont want die, could potentially see johnathan saving steve dying sacrificing himself. feel like biggest one one could do.im glad see demodogs back.",1
"trying finish volume 1 but feel like making shit recon stuff go. not mention paycheck vibe, especially el.",-1
120 look like trying snap vecna here.,-1
yas nancy gunssss slayyyyy,1
need eddie hint,0
cant wait pirate,1
erica????,-1
omgomgomgomgomgomgomg!!!!!!!!!!!!,1
dont get shown much,-1
look bad jonathan ngl,-1
worst show ever,-1
"die, die",-1
k,0
no word excited,1
bring back eddie,0
"die, die yeah theyre cooked",-1
f lost sister,-1
imagine story kid playing dd mike basement nothing ever really happened,-1
mike 11 break,0
"netflix please anyone but not steve, robin max",0
love trailer isup mike looking upside max coming sidedown max holly looking,1
wow,1
steve dont die request,1
die die,-1
nose ustedes pero siento que alguien de hay se muere,-1
"exciting thriller trailer, good concept",1
,0
please...i dont want one else die,-1
"shouldve used jack johnson upside down, slow creepy version",0
no face vecna el? lol!?,0
no one die please,-1
else rewatching everything volume 2 drops?,0
repent give life christ. bible say jesus way truth life. jesus way heaven. trust fact died cross sin saved receive holy spirit. go heaven god rest believer christ.,1
repent give life christ. bible say jesus way truth life. jesus way heaven. trust fact died cross sin saved receive holy spirit. go heaven god rest believer christ.,1
051 rhythmic brain going crazy,1
omggggggg dont want enddddd literally grew series,-1
. .,0
excited!,1
upside down.inside,0
gonna exiciting watch,1
"die, dieautomatically",-1
f g.....cant wait,1
okay im also putting here! 8 villain end game would big plot twist. much hatred 11 1. plus isnt strength control mind ummm cough cough aint vilians name mind flayer.. yet no real detailed background explained bet anyone?!?,-1
holly wheeler garb seems nod alice wonderland,0
die die peaked,0
kinda feel like avenger trailer,0
nonsense series,-1
goddddd nancy,0
no die please,0
pls bring billy backkk,1
bring billie back,0
"dustin steve remind theory eddie bicycle lamp turned on, season poster dustin bicycle lamp turned on... hope wrong",-1
uncompetable show no doubt !,-1
105 omg amybeth mcnulty ....i love much... im excited watch season!,1
demodogs yayyy!!,1
nancy sure channeling heavy duty sarah connor badassery,0
painful say but think justin dy,-1
omg dustin steve better not die,0
best theme ever christmas,1
two die die,-1
no one dy,0
loveeeeee nancy became little badass bjtch trauma!! love nancy sm,1
1st half sucked. really hope second half better,-1
omg dustin steve harrington together,1
remind christmas byler canon,0
120 actually insaneeeeee,1
truly ironic,-1
"118 demodog go past vicki attack soldier surrounding robin... byers, controlling them?",0
1.38 cant make is... little tricky catch pause. whoever something definitely happens,-1
024 anywhere door,0
136 steve look like eddie one scene like not unsee,0
diei die,-1
debut stranger thing deadlight,0
swear even scratch fall steve dustin,-1
thats strangest trailer ive seen,-1
song suck hard,-1
peak peak,0
ayeeeeee season 5,1
dont tell theyre going take vickie say innocent chrissy,0
"steve die,i diedustin die,i dieme either die,i die",-1
video killed radio star,-1
dont die steve,0
,0
reaply,0
hi,0
imagine not seeing entirety part 1 seeing massive spoiler thumbnail trailer,-1
reaction servant,0
still 6 0,0
steve dustin,1
going lose ish one. watching trailer fighting back tear,-1
die die.,-1
man show turned shit.,-1
goosebump,1
gonna aura volume,0
"looked like probably end henry staircase, but henry strong broke connection. turned vecna",0
"think chip el took henry lab one helping overcome mind flayers influence. got rid it, mind flayer got full control him.",0
"steave die, die dustin die, die die , duffo brother netflix die",-1
watching trailer one thing say.holy shit holy shit holy shit holy shit holy shit holy shit holy shit holy shit holy shit holy shit holy shit holy shit holy shit holy shit holy shit holy shit holy shit holy shit holy shit holy shit holy shit holy shit holy shit holy shit holy shit holy shit holy shit holy shit holy shit holy shit holy shit holy shit holy shit holy shit holy shit holy shit holy shit holy shit holy shit holy shit holy shit holy shit holy shit holy shit holy shit holy shit holy shit holy shit holy shit,0
"let guess, supposed netflixs gift everybody christmas new year huh?well least someone thought holiday",1
please dustin always narrating sign,0
"dear stranger thing writer steve harrington dies, riot respectfully. man survived bats, russians, demogorgons, bad hair days, became best babysitter hawkins.hes not allowed die. still owes u happy ending, little peace, least one scene he alive.protect steve harrington costs. laughing, but heart not joking.",1
christmas gift netflix tear depression,-1
okay either steve dustin gonna die,-1
end era,-1
"second series , thinking like oh.. yeah wont take 100 million dollar no thx",-1
"k im back extensive reserach equipped hyperfixxation tell that....i still no clue wtf going onbut know steve, dustin, robin, lucas, murray highest probability getting slimed.",-1
dustin steveyou die diewhy feel like hinting something please dont die..,-1
please make another 3 season this. dont let die cast get old come back,0
"going over. going rewatch again, but know never first watched it.still, weve learned something stranger things, felt hearts. connected series.the older get, realize message stranger thing want u understand.",1
"rate vecna evolving couldve become resident evil final boss. side note dont like die, die bit. nope not all.",-1
"started watching st long lasting crush winona. im crush winona, maya sadie. reason cant explaim, wife not fan show.",-1
everyone doesnt die time im not watching it.,-1
134 shock jock?,0
going perfect ending,1
sheta bhanga,0
release date,0
dont touch gng duffer bros plzplzplz,-1
"going miss show sm! miss characters! first year college show first came out, became instant fan decade passed!!! like grown too!! miss st!! miss harrington, henderson, madmax, hopper, robin most!! miss everything show!! jamie bower campbell extraordinary talent, u tell! performance vecna amazing!! cant wait see ends!! but please max, steve dustin, dont die! please",1
gonna depressed christmas watching rest episodes. thats sure,-1
steve going die isnt he. feel like thats sign pointing,0
think steve gonna die saving dustin.,-1
,0
love trailer!!!!,1
"die, die. im cry stop rn",-1
"die , dieno mann not ready",-1
robin thought supposed easy part.lucas was.oh boy,0
feel differnt,0
"die , die cry",-1
rose red violet blue came comment no clue,0
not not milliven falling apart well least look like cause looked 108,0
anyone victory academy like comment,0
no die die noooo no no,-1
die die,-1
insane,-1
"u die , die",-1
dang gonna boom special day.. cant wait,1
chandler could epic?!,1
ahhhhh no pls drag make s6,0
pls steve die u die,-1
116 please tell thats steave dustin hugging,0
upside,0
best series,1
socked,-1
could say everything theyve known upside flipped upside,-1
die die,-1
going epic!,1
robin look methd season? look unhealthy,-1
fodaaaaa!!!!,1
thought sarah connor young 80,0
nancy replacing hopper job. conversion cute girl snipper.,0
die die,-1
im thinking joyce wild card get it.,0
shit overrated man daymmm,-1
nancy mata ki jayy,1
cant wait see dragon upside,1
lame not 1 still erica whole trailer.,-1
045 actually use dark reference?,0
shotgun nancy git bizzy,-1
omg got goosebump body,1
1k like,1
byler please,0
could song upside one referring to?,0
steve dustin plaese dont die,0
!!!!!,0
die,-1
spoiler vecna dy,-1
thot already 4 episode,0
clock 008 attacking hopper 132,0
im lowkey scared man,-1
noo domt die 108,0
bot comment top comment?,0
vecna like winter finally come well know ended.,0
"die,i die nooo please !!!",-1
wow mindblown away part 2 well well well christmas come early babywow ready part 2,1
die cry,-1
nooooooooo please no bro im gonna soooo many tear,-1
nancy military must epic scene,1
hope let vecna win,0
"up, side, down, boy turned me, in, side, down, and, round round",0
wheres delightful derek dont like boy wasnt trailer,-1
absolute cinema,0
,1
watching straight 8pm,0
kandhi bhaji back time deep fried,1
"survive vecna dead, predict",0
dont want end,-1
spoiler alert. han solo dy,-1
pq que vecna tava fazer cosplay de fernando pessoa?,0
lack jonathan trailer scaring,-1
"die, die. thats red herrington",-1
die die,-1
swear foreshadowing dustin n steve,0
vecna glitch,0
gonna die brooo,-1
absolute cinema,1
sister going betray her. maybe look way cu theyve made bit obvious,-1
"if....if nancy scene turn way teased.vecna, please win.",0
1 20 damnnnn,-1
"die, dieif one die dieif literally die.",-1
always time!!!,1
omg,0
"die, die",-1
henry control mind flayer becomes vecna,0
finally no freaking ai,-1
oh shit nancy soooooooo cool icon baddass,1
,0
8.4 million view one day crazy,0
dont die steve,0
"d!e, d!e...x2 both..!nooooo please...!!!!!!",-1
119 nice glitch!,1
"holly favorite new season, dont anything",1
love stranger thing,1
oh man really hope exceed expectation give u unforgettable ending,1
"steve die, die dustin die, die dont die!!!",0
"die, die. ek hi dil hai kitni bar jeetoge?",-1
cant wait!!!!,1
die die,-1
saludos desde grecia,0
"everyone cry boys! die, die",-1
wouldnt surprised series end cliffhanger,0
set mf,-1
walk em wheeler back,0
someone dying. bad feeling this.,-1
lord help u,0
die die noooo,-1
omg,0
walk em nancy stay straped lol,0
135 beginning sentence,-1
im sorry but ginger chick legit look young play mary jane horrible actress. people defend cause sensitive criticism,-1
tuff,-1
gonna tuff,0
hope die,-1
robincookeddustincookedme,-1
steve robin going die??,-1
"stever die , diedustin die, dieme anyone die , die",-1
dont die dont die dont die!!! earn,0
cant believe wait 9 day,-1
"holly got power open dimension door, mike mentioned vol 1",0
nancy rambo.,0
"wtf mean die, die, nobody dying",-1
r not gonna die im future,0
"steve die, diedustin die, dieme yall die, season 6 coming",0
gonna make u sympathise vecna smh,0
stranger thing best series aaaaalllll time . no one deny .who agrees,1
die die!!!!,-1
gonna steve dustin line u die die,-1
"curious see soon.., steve dustin amazing guys...",1
"die, die please dont",-1
"trailer season 5, second half, first quarter, second trimester final bit. remember stuff came it.",0
"said die, die almost cried please dont die",-1
watch edits arpitkhirwan,0
show awful,-1
"well, know, according henderson, die too. possible, netflix? im going cry, im going cry.",-1
yeaaaaaah dustin cooked. look think steve gonna scarifice save dustin but if?! dustin cant handle losing another brother figure especially not og steve sacrifice instead say die die last,-1
"hopefully, second part lot better first one, mean lot better. point, previous season lap around one, supposed end show.",1
guess jonathan gonna die,-1
dont die,-1
"126 look like theyve gone fully practical vecna here. look 100 real! thought combination practical cgi effect entrance end last episode looked remarkable, but even another level that.",1
not steve dustin. please. dont die.,-1
want say... latino going explain family wont christmas new year eve?! discussion mom abuelitas! thank not netflix!,0
hope jonathan get slimed demogorgon,-1
fast,0
die die swear god no one die,-1
"steve die, dime dont!!! dont said",-1
"aside always fazes horror movie human fighting life still killing other,the irony",-1
108 william going help one last time ?,0
108 will?,0
"much im looking forward this, please try letting writer actually write? every episode season reeked second screen nonsense.",-1
"die, die know happen but im denial",-1
nancy walk em wheeler,0
120 cant choose skin,0
"die, dienoooooooooooo",-1
,0
120 holly cookkeeeedddd,0
netflix set,0
episode come,0
goosebump level,1
steve die die dustin die diemeyou guy die die,-1
die die noo mommy steve,-1
"steve die, dustin dies, time duff die no hate, no offense, joke",-1
vecna look like ultron avenger,0
people not seeing trailer not spoiling twist series,-1
nancy become rambo,-1
everybody dont die!me beloved cast die. tear drama make last season better. hero death hero trauma survivors.,0
dont think vecna main villain. maybe barb still alive behind,0
vecna look like angry groot,-1
135,1
119 think robin isnt safe,-1
nancy wheeler channeling linda hamilton sure,0
119 no robin nooo dont die please youre fav wthh,1
say sheet go christmas day new year p,0
somebody die vol 2 expect watch finale theaters.,-1
complicated addict series .,1
joyce sounding like marge simpson season,0
je vais encore chialer ... je le sent,0
know dustin steve make sob,-1
die die thank god get back together no speak agreement vol 1,0
die diewhat ever loving freak fest no,-1
anywhere door,0
masterspice coming,0
yoooooooooooo,0
134 shock jock?,0
steve dustin better survive,0
telugu audience,1
peeeeeak,0
dangerous season,-1
fact split like make think show theyll nothing good anymore,-1
dark s4??,0
steve die diedustin die dieeddie hey shut mouth,-1
damn cant wait,1
wish didnt watch many spoiler,-1
need steagull,0
"need see mind flayer, asleep something since season 3",0
go cant wait see omgg,1
good see steve dustin reunite,1
,1
pennywhise win,0
going good,1
kid vecna inside wall reason no one get vecnas keeping closed explosion sky revealed thats see vecna releasing vine,0
eleven stupid costume,-1
love noahhhhh,1
holy shit.i work watching trailer team members.,0
derrick,0
let gooo overrated show,0
"hope finale would 2hours , could enjoy feel final moment stranger thing",1
thought ate song,0
nancy going full rambo,0
"wait guy theory. think 001, vecna henry creel person, see glitch 119?",0
holy aura,0
lesss gooo,0
look damn good. im excited see it.,1
hope steve dustin live.,1
"idk hows gonna end, keep steve safe . thats period",1
"steve die, die dustin die, die never die, fan wont get",-1
vecnas looking bit chunky season,0
either steve dustin im not prepared either go,-1
heard it! cant happen! survive!,0
"please dont stop stranger thing netflixxxxxxxxx, give 20 another season.",1
derek!!!,0
136 dont fuckin dare die,-1
die die pls beg netflix not,-1
duffer brother cooking,1
crazy,1
die die,-1
die... die respect!!!,-1
"die, die",-1
amount vfx used quality vfx justa astounding.,1
die die,-1
dont die dont die,0
good morning sunshine,1
think robin girlfriend die,-1
wtf happen steves hair dustin saying die,0
dustin stev back,1
feel stranger thing ppl saying theory explained s5 volume 2 trailer.,0
136 no fvcking dont!!!!!!!!! swear!!!!!!!,-1
die die nooooo bro u dont plsssssssssssssssssssssss,-1
"die, imma die well, sue netflix",-1
feel like missed season 4 reason?,-1
need unite soon take back nation,1
really hope time jump present day finale,1
man ive watching season over. 1 2 absolutely best. show needed death happen. even bob dying much impact didnt happen 3 4. besides max step brother idk,1
053 nancy walk em heleer,0
,1
wow,0
please make sure nobody die else im gonna die,-1
cant.. much stress omg!!,-1
"steve dies, duffer brother die steve harrington",0
least steve dustin made,0
"me, worst season now... jonathan dies, ill change mind",-1
"die, die... chillllls",-1
nancy gun,0
hop not trailer think dead,-1
cant believe ending... would memories... cant believe fast time passes..,-1
thank netflix !,1
wtf die die.. no please,-1
many people going die,-1
"never seem anything like perfect lights, camera action",1
final villain still hidden...,0
vecna saying timelike brooo dont mariah carey,0
finally wait,1
ozempic cast,0
bgms getting epic,1
cant waitt,1
but vecna transforming ultron?,0
yawn,0
derry rich st steven smith dustin,-1
finally something look good excited about. first half season 5 absolutely meh opinion...,1
talking like yaas queen,1
"knew episode 008 gonna come handy, never understood anyone disliked it.",0
"die,i dieif u guy die die",-1
trailer caralho,0
rip vickiei think shes gonna die,-1
henry transition sooooo tuff!!!!!! good job netflix!!,1
"robin dies, duffer brother cooked",-1
finally wait curtain slide,0
goosebump seeing nancy wheeler,1
136 no die pleaseee,0
"eleven ,her sister gonna rock season power vecna gonna get world",1
hope really put end beginning steve end series!,1
netflix u wanna give heart attack,-1
"two type audience comment section 1.who threat cancel netflix subscription steve dies. 2. another absolutely relies netmirror still threat cancel netflix subscription steve dies. yep, belong second category .",-1
"either steve dustin. truly think steve wont allow dustin die, he gona classic lying friend real plan friend make out.",0
v2 better good v1 disappointing,0
die die?????!!!! no. nuuh. two favorite character,1
reason sand vecna.,0
nobody gonna die no,-1
sickening make hit show montauk project,-1
"die, die",-1
nobody gonna guy,0
cant wait,1
damn crazyyyy,1
gonna epic!!!!!,1
"eleven, will, eight literally gonna party abusing vecna lmfaoo",0
myrrr scnn,0
"die, die",-1
maxine mayfieeldddd...,-1
dont die basterds,-1
no one talk hopper ...i humble request duffer brother end series want see hopper smiling alive,1
106 no no no dont dare touch,-1
diana ross track remixed. duffer brother culture frfr,0
"140 die,i die die",-1
,0
gonna intense !!,1
hope episode good trailer. part 1 absolutely terrible.,-1
amount nancy love comment refreshing. finally putting respect name,1
nancy aka rambo vibe,-1
christmas not gonna happy yall,-1
,0
whole gunshot matching music trailer started getting really boring 5 year ago.,-1
suck fat one!,-1
lowkeyiungly best christmas,1
im scared going die,-1
vicki dead,-1
"figured one gonna die, but steve dustin die",-1
die die robin scene.... gonna cry,-1
"level friendship dustin steve insane, like way said die, die, cant find friendship.",1
eh.,0
pop culture canon event,0
guess giant bomb opening rift upside dimension x giving mind flare new way hawkins gonna fight vecna close mind flare invades,0
"anything happens jonathan, steve dustin count day duffer brother netflix",0
140 wt.f mean d!e!!??,0
vecnas workout regime? dude lost lot weight compared season 4,0
"will, sorcerer",-1
basically dont watch series new years? cool. got it. no point drawing two week wait 5 days. not release episode weekly everyone view around time?,0
always come back goy slop,-1
"die, die.you die, die.none better die swear god",-1
final battle boiss. keep comment,1
holy shit,0
"steve robin dustin die season, im dead sure",-1
everyone dy fyi,-1
season 6 ep. 01the ending duffer,0
im looking steve dmn!!!!,1
yippppeeeeeeeeee raaaaaaaaa,1
"going watch final goodbye theater dec 31the ticket canada sold week released december 2nd, madness l, cant wait watch big screen new year eve",1
dont wanna say but robin got lot screen time vol 1. actually cry day dies..,-1
put fry bag public,0
,0
gunshot beat tho,-1
"fan series till season 3 gay,lesbian woke supplement destroyed story wanna ask need include thing felt like forced someone really wanna know reason could show brotherhood instead making character gay promoting stuff making narrative destroying mentality childrens ???",-1
omg,0
steve dustin gona blast scene sure,1
hi,0
,0
"stick landing, one past year so! seeing, actually might!",1
"die ,i die ....lovdie",-1
whaaat!! wait! isnt even finale?,-1
stranger thing 5,0
best series time whenever see wonderful dimension,1
"vecna dies, ill cry",-1
steve. cant. die,-1
justin steve die? noooooooo,-1
oh holly opening portal exit per dnd character,0
bros ready livestream final episode theater vietnamese viewer,1
"no no not die, die.. im cry",-1
every character known weakness fire least 3 seasons. want guess number flamethrower see volume? guess 5,0
tf ted walk em wheeler,-1
much pressure.........to much pressure.........,-1
watching 5th time,-1
lagta h netflix waalo ne steve aur dustin ki fielding set kr rkhi h,-1
nancy walk em wheeler,1
nobody die please,-1
waiting,1
demegorgons moving like shit,-1
"025 holly summon dimensional door? remember school scene mike say holly giving dd cleric, cast dimensional door",0
gun sync music peak cinema,1
"steve die, diedustin die, dievecna johnathan, time",0
"dustin,steve,robin,will,hopper,joyce pls survive",1
pls mike die,-1
gurll yess!,1
steve dy die,-1
049 editing beat,0
pretty stoked seeing theater,1
um no dustin um no steve u dont die.,0
hopper need,0
"die, die no wayyy!!!!",-1
waiting volume dumb. not like already wait 25 year season 5 anything.,-1
getting feeling steve die,-1
,0
dont think stranger thing gonna end here.,0
netflix gonna make u cry u make die die guy die......fr ngl,-1
"feel like people glossing line whole time, everything weve assumed upsidedown dead wrong like flying fck even mean",-1
anybody gotta die!!!!,-1
bunch bot comment .,-1
goosebump goosebump goosebump,1
according people hinted 008 end defeating vecna. doubt hope not gonna stupid go route. shes fine sidekick but dont want base episode like s2,-1
hopper dies..?!!!,-1
"netflix, swear if, die, u die becomes true subscription die",-1
grow child teenage,-1
please please please also cinema screening uk not u,1
not two fav people saying might die..pls steve dustin liveeeeeeeeeeeeeeeee,-1
deer squad christmas trailer official nickelodeon 122526 10 decillion dollar,0
nancy shooting guy hottt,1
,-1
25. watching stranger thing feel childish but enjoyed much. emotion attached stranger thing,1
guy one thing gone say dustin brother going cook,0
filmmaker 30 year directing producing business series absolutely insane every level well done everybody involved !,1
054 brave character time,1
pls netflix need max kinda trappedholly cooked im gonna cry,-1
im hyped this!,1
dont touch steve!! thats im saying!,-1
hopperrr,-1
steve die diedustin die die yall die die,-1
steve die diedustin die dieduffers brotherswe disappear letting die,-1
wheres robin,0
ted make comeback...,0
no not demidogs,-1
steve dustin dono ke fielding set hai,0
eddie come back,0
glad snapped gayness realized wanted two chick whole time.,1
guy vicky go wasnt elevator max lucas,0
"damm good trailer, dont know expect, gonna ge awesome",1
"die,i die",-1
"fanbase not allow steve die, shame done billywell shame fanbase",-1
anyone else see alan moore swamp thing makeup?,0
agr last 2 gante ki ko theatre release kr diya jaate tho volume 2,1
053 john rambo,0
absolute cinema,0
dislike wait month finish season bs.,-1
pure madness,-1
yes!!!,1
"die, die.no please",-1
tiamat,0
nell fisher single expression 123 gonna take far career.,1
want joes end beginning play but not cost..,0
please dont die,0
one dy duffer brother die,-1
supposed deal end,-1
think robin girl die,-1
season 5 feel many people dienoooooo!!!stranger thing 5 peakkk!!!!,-1
"die , die please dont die",-1
watching,1
"s1 dropped, 9 year old. im watching s5 grandkids. wish wife 48 year could live see day. look it, cast member close age, sleepwalking episode not even trying find voldemort, mean vecna.",0
banger!!!,0
got bad feeling station go,-1
139 stop. leave alone.,-1
die die,-1
"steve die, die dustin die, dieyall not dying",-1
025 doraemons anywhere door,0
"die, die",-1
"steve dustin dy die too, netflix",-1
"hoping see will, el kali come together kid bring vecna",0
one actor supporter genocide hard pas show.,-1
everyone vecna always say timeme is.,0
nancy becoming rambo,0
next time feel useless remember could soldier stranger thing 5,0
plea nerflix buy warner broders pleeeeeeeeeas,-1
eeeeeeee! thing not looking good party.,-1
showed everything yrailer,0
excited see exactly vanished beautiful thing vecna want also interact mother upsidedown pov .my theory taken know vecna upsidedown good hiding vecna sends demo find library vecna connect hive mind menuplates memory forgets vecna spy real world,1
130 end era...,0
im ready!!!!! idc christmas . im skipping present watching stranger thing,1
"die, dieyou die, die",-1
jan 1 last episode? bold assume world survives 2026,0
meh! going take something special turn around series 5,0
jonathan nowhere seen,0
055 girl aint afraid force usual!!you go nancy!!.,0
always time vecna,1
"linda hamilton involved season back future references, get feeling time travel something it! trying change past somehow?..",0
thing indeed get stranger,0
cooked,0
henry mr whatsit different emotion scene he glitching,0
goosebump,1
im scared,-1
plot armor volume 2,0
love startup mike looking upside max entering sideway angledown ladder downwardhaha,1
someone say hype?,0
steve die diedustinif die diemeif yall die ninth episode called vanishing duffer brother,-1
somehow let perfect eleven scream,1
eleven verge deathhh,-1
"best scene stranger things.010 up,side,down sync scenes.019 squad standing hawkins lab.023 max holly trying escape henry mind.030 holy mother god...037 sister duo.048 showtime baby!053 getem nancy106 give bro favorite music bro.106 recurrent pls max.125 u make vecna upset rn 136 not die, die line season 3.145 getem yall.",0
netflix fire.,1
one season,0
vecna 100 controlled mind flayer 145,0
dont fin dare touch harrington!!,-1
second time im getting insane goosebumps. first time watchin interstellar theatre,1
"136 , 139 die die pleaseee dontttt",-1
"die, dieokay die",-1
"die, ill die pls noooo",-1
really went endgame level trailer,1
no mother god,-1
going break world,0
"die, die no one dies?",-1
take will. leave steve dustin alone,-1
cooked!!!,1
need version upside,0
"steve dustin say die die, think thats foreshadowing one die",0
wheres delightful derek,0
well better not die okay,-1
absolute cinema,1
gonna end whole series trailer only?,0
not accept fact end.,-1
steve dustin please dont say,-1
wait sec..why eleven bald,0
muito pedir pra ver isto no cinema?,0
finale nye!??? gonna enter 2026 style!,1
part 1 new hope one empire. steve definetly dying,-1
vickie might die! poor robin steve dustin might die im scared happen them.,-1
steves new fit eating!! little curly swoop coming hat,1
max better live idc,0
till best trailer stranger thing 5 seasons.,1
steve dustin,0
steve!!!! nooooooo!!!!!!!!!!!!!,-1
no derek trailer,-1
107 flying think got caught vecna,0
"definitely feel like die, die line foreshadowing. one dying.",-1
"die , die",-1
"free palestina, boycott zionism shit",-1
woah 8m view crazy,1
dont wanna see die,-1
"die, die",-1
w,0
"die, dielegendary quote",0
always showing vecna win,1
im cry omg,1
hope acting better volume 2,1
yall real,0
"die die,,,",-1
bylerbylerbylerbylerbyler,0
dont die,0
next episode crazy,0
holy shit dudeeeeee,-1
vecna remind anyone else grinch?,0
"die, die.. oh netflix thing id",-1
remaining episode releasing????,0
die die,-1
050 beat point sound fire,1
nancy showing sarah connor like real terminator 053,0
welcome derry shit series lol way better mile,1
omggh,0
accepted gayness got powers... expected nothing less neftlix,0
believe mr whats good straight look like he pain vecnas switching outfit,1
reality?,0
see shadow hunter gone rogue seeing vecna,0
wheres lucas trailer?? appeared,-1
"god damn die, die. . .",-1
please dont end,0
omg steve dustin. no no no,-1
need edda b,-1
holly dy vecna would scream esophagus,-1
"henry glitching one, mr whatsit vecna maybe proof henry might not real villain here.",0
"die, dieno one die subscription nitflex die also",-1
054,0
nancy badass love it. write strong female character,1
literary feel goosebump,1
yall max cooked 105 119,1
period,0
mindblowing,1
dont diieeee,-1
damnnnn trailler,-1
steve dustiii die .i die,-1
"steve dustine die, subscription netflix also dies.",-1
"okay please dont pull die, die weak heart",-1
noticed no scene hopper trailer. mean hopper going die,-1
die die abt u dont diee,0
,1
holy moly,1
okay noone gonna talk kali??,0
"nahhhhh, tease spoiler trailer!",-1
low key wanna see today,1
omg,0
"die, die no plzzz, not another trauma",-1
already see 11 sister going enemy coming epesodes come.,-1
cant waitttttttttttttt,1
no doubt greatest shown earth,1
die die,-1
this. is. it.,0
dustin steve cooked,1
fan shut yrrrrasssss,-1
"die, dieduffers, dont dare!!!",-1
vecna groot,0
"loved diana ross upside trailer, but favourite trailer always s4 vol 2 cuz kate bush running hill.",1
"bro die, die!!! dustin said season 3 !!!!!!",0
wonder rating lower normal... would drop holiday everyone literally busy like course not going watch till day later,-1
die die dont dare netflix,-1
changed colour vacna,0
054 nancaeeee,0
goosebump end era,1
cant wait new year,1
die dieif die diebro one dying suck,-1
byler not trailer basically prof,0
"whole family addicted show since oldest 7yrs old 2nd 4yo. 2 6y old love show. bonded family many creative ways. atl numerous occasion see shooting sites, worn matching hellfire club tshirts awesome halloween display people lined road see homemade st displays. thank netflix wonderful cast pulling off! well miss but family 6 memory lifetime.",1
die die,-1
im sad coming end,-1
bro would reveal big glowy thing? there no shock value,-1
"steve dustin die, dieme bruh.. either dy duffer brother next!",-1
holy shit military stupid throughout volume 1 seems like gonna story volume 2 well.,-1
oh hell yes,1
christmas time,0
mileven endgame hell yeah 110,1
joyce forgot another kid,0
trailer not 2 minute 2 hour aaaaaaaaaaaaaaaaaahh,0
"max plot dumb. cut out, shes dead anyway plot waste resources.",-1
steav no die,0
literally cant wait!!!!,1
die dieno no no none dying no,-1
please please add dart,0
vecna thanos want destroy earth,-1
max gonna meet younger kate bush born 1958 back henry memory 1959 met left note lyric running hill written?????,0
perfect song choice!,1
"dont like dustin becomes lone wolf... not good sign, all...",-1
0103 india sadesink fan club...,0
1.steve dustin cooked2.something going el mike,0
026 meet peacemaker,0
dayum,0
brooo gonna worth wait,1
thing vecna ever say time,0
141 boy,0
"think maybe,maybe ste...steve going dieeeee",-1
"half team different places, time, need place stuff cause rest need 11 isnt there. max need come coma",0
030 swear god name. u swear satan a.,-1
die dieo please die ready guy going court duffer brother,-1
abt nobody dy,0
udai aidiai,0
netflix time release volume emotional therapy knocking door,0
pennywise dead light make cameo,0
"die, die. dont die",-1
vickey cooky mccook cook,0
netflix cooked time,0
hope netflix hear voice ..i want stranger thing prequel..,1
pls dont doom yuri ricky life,1
vecna still sound bit grinchy,0
swear either steve dustin dy im going stranger thing set hitting someone,-1
hell yeah nancy!!!,1
,0
please dont die steve dustin,0
christmas gonna watcha ugly santa,0
8m de view,0
time ugh not???,-1
ngl love trailer much,1
neither die??? two considered that???????,0
noooooooooo not u die die,-1
"steve die , die",-1
"oh gosh, cant wait",1
nancy walk em wheeler cracker wit ar,0
goosebump,0
really wanted get but waiting two year season ruined momentum. cgi awesome but intrigue completely gone.,-1
byler byler canon please byler canon please byler canon thank netflix byler not canon im gonna cry byler byler,1
new world mean 6,0
die die no one die guy,-1
"135 steve die, die.dustin die, die.me guy crazy!!!!!!!!!!!!",-1
118 swear god something happens robin.,-1
"cant wait see 8, 11 12 action",1
nope. cant wait 9 freakin days...gimme episode now!!!,1
manifesting byler,0
dustin steve die die istg,-1
"wtf die, die bro??? im dying instead.",-1
not over... not long shot,-1
think upside vine actually large memory either 1,0
"die , die",-1
please no body die please,-1
strange many fan expecting vecna redemption arc,0
dont like max still alive,-1
saw. barbaraaaaaa,0
013 eddie?oh max,0
demn jurassic park reference 110,0
"die ,i dienahh man gonna die",-1
nah season 5 suck far. season 4 100x better,-1
"die, die. duffer brothers...dont let steve dustin die. protect them.",-1
130 eddie ?????,0
hey so...im addict series,1
cinema,0
lucas npc?,0
140 no one die pls,0
peak,1
goosebump,-1
oooo godddddddd,-1
feeling person falling sky eddie.,0
hey netflix. release rest show finished month now.,0
no not end need,0
cliffhanger though pissed,-1
im hoping make byler cannon! also steve dustin die im gonna cry,0
,1
"steve die, diedustion die, dieif either two die dying too.",-1
"watching this, felt like everything change.",0
big question is... who gonna traitor?!!!,-1
"someone die, know deep",-1
136 139. die die cant wait till come,1
136 139. die die cant wait till come,1
look like short done using ai video,0
istg destroy eleven mike relationship suddenly end annoying propaganda b history television,-1
die die!!!dont die,-1
noah schnapp,1
steve dustin die im coming netflix,0
vecna actually want. dont get,-1
"gonna beat vecna bro, enemy powerful",-1
"u die die ,then cry",-1
fnally nancy using something funky as elmer fudd shotgun,-1
t look peak,-1
die die die netflix subscription die,-1
noooo vickie,-1
"so, demodragon confirmed?",0
die die,-1
cant wait,1
btw netflix youtuber groovy gavin saw hawkins lab set early,0
u die die personal,-1
poor girl holly not gonna make alive,-1
"ill honest lost interest show , but ima finish last episode",-1
waiting masterpiece come ready tissue paper christmas,1
waiting,1
anyone see el get stabbed something splir second?,-1
good bye stranger thing,-1
die die,-1
dont dare die...,-1
,1
feel like everything coming together,1
"die, die",-1
natalia dyer look badass. shes giving ellen ripley,1
upsidedownthree dimension maybe including inside . word play,0
music always slap,1
max running season 4 vecna time s04steve dusin issue wrong s04now came end,0
holly cooked,0
wow,1
nancy rambo,0
stranger thing vol. 2 dropping birthday dec 25 ?? thats elite timing,1
going crazy guyys super excited,1
"die, die, please not real.",-1
cant wait,1
owsm,0
"die, dieyou die, dieno, die",-1
dont watch zionist show people,-1
im sad see go.it fun watching child,1
,0
die diewth netflix !!!!!!!?,-1
henderson dont dieu die steve die no steve no dustin....anyone else,0
daim,0
,0
leeetssssssssss gooooooooooooooo,1
"sat netflix, bring",1
netflix logo tape recorder music perfect transition,1
die dieeee wdymmmmm ....netflix die fr,-1
yes love badass nancyand finally upgraded gun,1
steve die die dustinyou die dieno please,-1
goosebumps!,-1
"not die, die steve dustin, not die.",-1
141 non yall saw this.,0
happy 8 back,1
isnt obscurus?,0
"136 duo end game. die, duffer wouldnt given u like this.",-1
vecna ullivada,0
die cry,-1
super excited,1
5 day wait christmas new year gonna feel way longer wait season 4 season 5.,-1
come end,-1
126 die ... die please no,-1
feeling nancy going it. bad ending.,-1
help got goosebump,1
16.12.25,0
mind fuckin blown,-1
yall act like youre,0
"steve dustin die, there gonna new seasonthe vanishing duffer brother",0
agr koi mraaaaaa na bhkrrrrr protest hoga sidheee,-1
vickys cooked,0
steve dustin die! happens die too!,-1
get obsession st but community seemed like filled furry type yall much man. love much next person but cmon yall,1
"cool know mr whatsit henry 2 different people split personality case dream world, could set mr whatsit helping holly",1
"omgah dimension x, upside bridge dimension x?!!",-1
imagine end beginning playing finale...,0
138 serious!? pulling leg!!if die duffer die !,-1
steveif die die dustinif die die,0
omgawdddddddddddddddd,0
excited watch volume 2 christmas cant wait see it.,1
great trailer. happy hear diana ross song. looking forward see season finale,1
yeah imma start preparing see steve go dont hate duffer much end.,0
gonna dead season?,0
gaynger thing,0
"im still not eddy death youre die,i die thing?!!!",-1
tf anywhere door even there?,-1
7 million view less day crazy,1
netflix better keep steve dustin alive,0
cant die die heartbreaking one dy,-1
die die also die,-1
dont think steve safe guy,-1
steve dustin die die guy no dieing pleaseee,0
,-1
"134 dei,i dei!!",0
song pls?,0
"die die nerve wracking . steve dustin dies, entire netflix risk . joke",-1
oh god!,-1
good choice song,1
hope visit south part india,1
115 could nobody notice mike dustin cry like,-1
,-1
t gonna peak twin,1
008 001 defeat vecna,0
omg,0
"theory max plan go far away new memory appears, memory whatsits first memory holly.. thats see max holly climbing holly mirror, whatsit probably try find holly cuz isnt house whatsit finally find holly house, explaining see whatsit chasing holly.",0
not yet max holly chance get find way back home!,1
look awesome!!!,1
stop it. want wait ss2,0
,1
"die, die die, die.",-1
using powers?,0
nobody going mention flowing red orb pretty similar blue orb dark?,0
finally mid ending .,-1
bro told everyone murray alive no one believed,-1
die die!!1nahh bro die,-1
,1
cant wait volume 2,1
ending 12yrs,1
vecna 001 henry split personality fighting control,0
goosebump,1
049 beat,0
dustin anderson annoying as finally gonna die 140,-1
oh god theory demogorgan attack max hospital true damn!!!!!,-1
acknowledge fact murray biggest unsung hero whole show. showtime,1
avengers... assemble,0
bruh 11 balded girl,-1
mean. no . steves dy die!,-1
damn,-1
going crazy,1
"no. no way. die one die, die",-1
ni mbayaa msee,0
"telling ya duffer bros, guyz messing king steve dusti bun, billion going sue",-1
138 steve dustin,-1
timeeee,0
nooo steve !!!!!!!,-1
look peaaaak,1
theyre prolly cooking something steve dustin would show u clip,-1
dustin,-1
138 that?? el?,0
"die, diedudesss dont dieeee",-1
u meannnnnnn u die die,-1
1 month back didnt care him. but care. delightful derek,-1
cant wait omg !!,1
no. no die die. no thanks.,-1
imagine pennywise come infront vecna say duck cover kiddos.!,0
"steve die, die dustin die, die dont die!!!",0
man feel overrated finishing welcome derry.,-1
vecna father eleven,0
105 baby,1
nancyyyyyy dios mo. que increble evolucin del personaje.,1
"108 definitely scream run. setting, clothes, hair, face, everything line perfectly.",1
god close end,-1
"netflix giving u 3 free episode christmas, great! merry christmas netflix",1
"bro steve dy riot, boycott show. also murray bauman underrated character! goated deliver driver",-1
"die, die feel like reverse steve dying protect dustin going say u live, live memory type shit!!!",-1
die duffer brother gonna,-1
nancy wheeler looking frail anorexic actually able carry hold fire arm heavy especially machine gun automatic rifles.,-1
steve,1
finally became asset group. 4 season burden.,0
"dear netflix, thanks not ruining witchery way. cant wait whatever spinoff might come duffer",1
vecna kneel,0
steve harrington die ready downfall netflix,-1
yay,1
set heart ablaze,1
noooo steveeeeeeee dontt dieeeee plsssssssssssss,-1
dont end u thing start getting better better,1
joyce byerss acting horrible,-1
u saying end st u delulu still 1 episode,0
portal give kind dark vibe,0
final dance,1
damn milking shit outta,-1
theyre back 136 steve dustin!!,1
107,-1
127 bros back reclaim pokemon,0
nothing better happen vicky swear god,-1
okay im,1
"die, die",-1
time die die,-1
"doomed someone falling upside down, saw orange hair max rip!!!",-1
"im excited new volume , also anyone notice awkwardness el mike ,,, maybe byler coming sooner think lol",1
"die, die. hell nah please",-1
time watch scene scene breakdown cant stand dustin steve die,-1
swear max holly experiencing backroom rn,0
"136 u die, die please no..",-1
"die,i die.",-1
hey hey hey heelo no one die okay no one!!,1
tf theyre saying die die nooooo!!! please!!!! nooooo!!!! nobody die except vecna,-1
absolute cinema,1
supposed kid show. but adult glued watch it. netflix big thing right now.,1
ok think cant wait another week guy,1
no way die die,-1
049 ofc doctor k still,0
055 nancy became rambo,1
thanks spoilers.,0
gonna peak,1
steve dustin die would probably dream,-1
dont dare die,-1
insanety,0
"umm excuse me, die die. shit not happening pleasseeeee",-1
"fear january 1st massive hangover. in, happened now?.",-1
please dont let anyone die vecna. cant handle family die.,-1
133 erica season carrying thats shes 2 fav actor,1
let goooooooo,1
anyway door. 025,0
"die , die",-1
die die????you guy dont die,-1
doraemons anywhere door?,0
"mind going overdrive, hear thessalhydra? swear fact dustin sayin said front drawing nod it!",0
u die die,-1
steve dustin.. consider alive.,0
johnathan robin okay?,0
know saw eddie,0
"feel like harrington gonna save dustin. he gonna like die, live swear dingus harrington something get taken never forgive",-1
die die???? cryyyy,-1
goosebump,1
yayy,1
somehow nancy look even badass. didnt think possible.,1
guy bad newmy elder sister work netflix said staff member watched episode volume 2 last episode eleven mike died,-1
love badass nancy become!,1
no dont die dont die,-1
ohhhhhhhhhhhhhhhhhhhhhhhhhhhhhhhhhhhhhhhhhhhhhhhhhhhhhhhhhhhhhhhhhhhhhhhhhhhhhhhhhhhhhhhhhhhhhhhhhhhhhhhhhhhhhhhhhhhhhhhhhhhhhhhhhhhhhhhhhhhhhhhhhhhhhh,0
actually fit,1
everyone gonna die robin steve dustin eleven jonathan red line !,-1
thinking vecna actually good guy.,1
seems like everyone gonna die,-1
nancy walk em wheeler strike,0
trailer look like spoiler,-1
im sobbing bcs know one duo die,-1
thing really look like black ball dark,0
wish there stranger thing 678910 really want movie,1
"dy im gonna this, dy gonna that... hope 90 cast die!!! horrorish series, right? character dy wellwritten way, give depth story. plot armor easiest way make show bad.",-1
broooooooo savee steve dustin,0
im happy see steve dustin together,1
cant wait man!!! im gonna watch last 4 episode together new year eve,1
025 place chris got stuck final scene peacemaker?,0
epic,1
027 anywhere door,0
020 going die season 4 eddie flash light except everyone else but not flash light side,-1
waiting,1
slaaaaaaay!!!,1
one thing love netflix create trailer without spoiling anything.,1
steve dustin fav show but lowkey want thhem die together entertaining good show emotional,1
"steve dies, 9th episode named vanishing duffer brothers.....dont touch steve",-1
,1
last era,-1
ugh who excited?!!,1
really mean devastate u volume 2duffer brother nooo,-1
"no one talking time travel? thats upside about. remember stuck 1983. learned last season nancy couldnt find gun saw stuff 1983 bedroom. henryvecna obsessed time clock, saying time time, need 12 kid like clock. he building time machine.",-1
showed everything trailer,-1
omg omg cant wait,1
michael c hall pedro pascal not play character im gonna crashout,-1
vecna bowing something who final bos,0
zio scum,-1
steve isnt supposed die,-1
guess dustin steve gonna die hate concept,-1
010 mike upside first time snd not good . predict die,-1
waiting,1
"wish series would continue beyond season 5. ends, feel like cherished memory",1
season shite,-1
die die bye netflix im unsub reporting u u also pay trauma,-1
hell goat derek !!!!!,-1
"listen music cues, first 40 sec stranger thing theme played backward note note",0
almost perfect need see susie happy.,1
thriller,-1
im wondering happened toxic environment upsidedown? miss something?,-1
112 season three reference,0
like super ai probs,0
dont dare killing steve dustin!!!,-1
011 look mike face. guy think cooked vol 2?,0
"die, die. uhm paying customer establishment, no?",-1
know season 1 and2 totally masterpiece inevitable,1
vecna came pupa theyres many,0
peak!!!,1
bro naqrrrr,0
"dont die, dont die",0
steve marna niii chahiye,-1
cant waittttttttttttttttttttttttttttttttttttttttttttt,1
"know lot guy wont believe ,but volume 2 stranger thing 5 phone leaked someone but know people wont believe put prediction, vecna not evil help eleven last see reply later new year",0
duffer brother shared would really gruesome death main character scared dont want no one dieeeee,-1
die die next netflix documentary vanishing duffer brother,0
psych trailer waiting,1
tiiiiiimeeeee ............i dont want lot christmas,0
byler pls,1
whattttt holly meet vecnahenry001mr whatsit,0
vecna eatin clean,0
scarlet witch solo movie vibe,1
"steveee, dustin ki fielding set haiii",0
think black energy shown biggest enemy story. tharizdun,-1
"steve die, die dustin die, dieaudience duffer brother die",-1
amazing,1
omggg,0
steve dustin wont die confirmed !!!,0
sure thing either justin steve..... one surely going die.... mark calendar boy girls. spilled it...... decide want see dying....!,-1
goosebump fr,0
"die die? anyone die, surely die",-1
"die, dont know handle trauma..........",-1
wtf,-1
goosebump,1
omg crazy,-1
118 shit demo running robin,-1
die diedirector diee,-1
cant wait anymore please give vol 2 episode asap!!!,1
eleven real villain... thats main plot twist...not got powers..,0
swear im cry watching show 10 year seeing gonna end make wanna cry..,-1
holly cooked,0
"avenger endgame, last season really thing weve hype since then!",1
1 like 1 hour study,1
"die, die. dusteve sooo backkk",1
life favorite tv series time,1
"die, die",-1
"steve dustin die, riot!",-1
plz dont let die plz dont let die plzzzzz not let dieeeee!!!!!!!,-1
whooooo falling 117?!?!?,0
remember dark? watching particles?,0
vecna choosing skin loll,1
"die, die , literally die",-1
eddie doesnt come back.....,0
getting goosebump watching trailer?,1
vecna every single freaking trailer time,0
die die,1
think either steve justin isnt gonna make,-1
"die, die please dont die, you.",-1
wow never imagined ill see kugelblitz stranger thing,1
,1
yooo cutted trailer bro look like came heaven,0
replay value high!,1
people gotta stop making reservation enzos man. shit seems cursed,-1
wonder hard making vecna turn henry 001 every second...,0
wtf vecna ?? really looking like huge creature teeth shit,-1
118 please dont tell thing going robin,0
better sean comb,0
50 give belt yall,0
not single clip jonathan,0
puree goosebump guysssss,1
way lucas carrying max give movie date !!! plzz,0
good 3,1
magic incredible series emotional,1
"ive watching since debuted yesterday. show mix luck, genius, great actor phenomenal acting. give goosebump way ive experienced lord rings, harry potter avengersendgame. cant wait see all.",1
omg going epicc,1
think eleven sister main villan,0
everyone shitting themselves.nancy becomes john wick reason.,-1
die netflix subscription dy,-1
actually best no no sorry actually greatest trailer ever seen,1
steve dustin die die!,-1
holy shittt coming,-1
"honestly super impressed season 5 far anyone else ? ep 3 4 best episode franchise. love multi layered universe become well, not right side upside anymore new universe inside vecnas mind give series really cool sci fi vibe, almost black mirror way create episodes, going critical though lacking humour season 3 4 want see mind flayer make appearance this. also little go go go not rushed but plot move little fast times, but suppose trying get rid filler side plots, also assumption upside would merge right side ? maybe pt2 explain better.",1
crazy,-1
steeevee dont die pls,0
"die, die.netflix please dont ruin new year.",-1
mean die die,-1
craziest 2 minute ever,-1
peakkkkkkkkkkkkkkkkkkkkkkkkkkk seriessssssssssssssssssssssssssssssssss,0
love movie!!,1
thank u netflix sorting steve dusty bun,1
protect steve!,0
die die steeve dustinif die die,-1
guy isnt anyone talking abt thiss scene get vecna curse ..... mean might die noo idk im right tho,-1
"dear netflix, better keep men safe.",0
"dont use kate bush woman work somewhere, theyre missing trick",0
holly,1
best. show. ever!!!!,1
nancy walk em wheeler let go,0
yo steve aint dying,0
crazy,0
series want season 6 ??,0
t peak,1
vecna looking like turian modified reapers.,0
release schedule worst one done. drop one go monthly rather inconsistent mess,-1
nobody talking line dustin say everything assumed upside wrong cant wait,-1
die die,-1
120 thats mike house not henrys.,0
gonna end era,-1
god particle seen steve dustin looking at...the matter mentioned dark series???,0
hope one dies. cant horror show no stake bc get boring like kinda has. interesting episode season far ep 4. main character death would shake shit bit,0
"yes, cant hardly wait! but liked vecnas design previous season though",1
054 nancy wheeler killin,1
no one going die except max coz wrote letter season 4 friend still unread max die letter read finale.,-1
die die,-1
military not standing even slight chance cuz showtime,-1
136 guy dont die duffer brother go missing dont ask,-1
robin die?,0
red ball violet ball dark series taking inspiration,0
"137 die , die",-1
doesnt red energy ball scene remind series dark!!,0
pls tell nancy dy pls,-1
cant wait finally see mindflayer,1
pine dustin dy,0
goddddjdusysttjggvcaaaaaaaahhhh,1
feel like dont wanna spoil anything couldnt get clue hint could happen season 5 part 2 trailer,-1
nancy,0
nancy!!! girl!!!,1
"putting there, 118 im pretty sure demodog pounce robin but vickie get moment save",1
"wow, vecna really using power ozempic, huh?",1
man dialogue basic mostly cringe,-1
die die... die,-1
die die bruh anyone die cry 139,-1
whoa,0
solid,1
"steve die, die dustin die, die dont die!!!",0
holy cow,-1
"die, die netflix subscription die",-1
gonna bombbbb,1
vecna favorite charecter!,1
goosebump,1
"die, diewhelp, theyre gonna die.",-1
think shouldve gave u waiting long final season no reason drag wanna see move cuz u much break like hype good show but run u took long get season opinion thought cancelled wouldnt conclusion,0
hope theyre still able get hotpot,0
cant wait,1
"superb excited couldnt wait, watched 10 time already?",1
release right pleaaaase,1
,1
nobody talking cool nancy looking,0
plese tell demodog jumped soldier not robin,-1
"heck yeah , nancy glock wheeler",0
istg steve dy dustin dy im suing,-1
dont remember series trailer captivating stranger things. jesus,1
die die dont,-1
sabki fielding set hai sirf mike ko chhod ke,-1
freaking crazy,-1
finally dustin steve together,1
u die die,0
008011will ending vecna,0
murray lives!!!,0
"die, die",-1
"henry creel didnt become vecna own?in vecnas memories, season 5 might reveal parent current hero actually part henry past.i think bullied mistreated henry moved hawkinsand trauma turned vecna.destroying hawkins wasnt random revenge children. thoughts? like theory make sense!remember saying vecna misunderstood villain",-1
"thought die, die part hellll no better not",-1
xmas canceled,-1
biggest event since got final season endgame. look like going land perfectly.,1
istg robin dy,-1
die die netflix warning,-1
"steve dustin, true love story",1
"die, die.... goosebump",1
wheres robin?,-1
time new world,1
die die dustin crying.,-1
vecna like apun ka antim samay aa gaya hai,0
"importantly netflix, win allegations?",0
nancy looked badass!!!,1
dude!!,0
mysterious,0
dustin d!es,0
"dustin said die, die, back season 3, treated like joke but said season 5, real meaning, someone eventually die. spoiler alert.",-1
guy vickie cooked?? dustin steve,0
"die,i die",-1
kali,1
cant wait,1
derick!!!!???,0
yes keep,1
"welcome back, kali.",1
miss stranger thing,-1
"thanks netflix releasing volume 2 fast, dont forget storyline rewatch everything.",1
endgame,0
finally old steve dustin bond,1
"here, still didnt watch first volume watch together finale",0
136 im loving ittttt,1
excited!!,1
suzi?,0
cant wait,1
waiting watch,1
gonne peak,0
please eeeeee dont die... anybody plzzzzz plzzzzz,-1
song ? pls,0
"die, die",-1
swear dustin steve die !!!!!,-1
no one talking music?? good,1
118 uhm went robin,0
look fake tho,-1
yawn,0
,0
nancy walk em wheeler,0
honestly u dont already know exactly ends.you low intelligence. obvious.,-1
steve not van scene,-1
bro look cool,1
137 die die bruhh dont die!!!! knew duo comeback strong volume 2. but not dying,0
soooo vecnaaa not main villain main villain mind flair,0
child firing machine gun military. ffs,-1
,1
gay mike,-1
end near,-1
,0
"025 , know someone read whole dark tower series see easter egg myself, even unintentional.",0
lmfao welcome derry mf,1
nancy walk em wheeler take whole army,0
"steveyou die, die dustin die,i dieme die, cry",-1
"die ,i die",-1
cant waitnancy queen,1
mind flayer,-1
054 baddie,-1
best show coming,1
maza aagai,0
trailer music,0
steve dy im cancelling membership,-1
"die, die",-1
fascinating,1
pretty weird nobody tried exorcism literally came back life,-1
gonna die like,-1
someone me. one piece real,0
118 bad day lesbian,-1
"die die, yeah sure time cancel netflix subscription",-1
talk bing beng bong shot truck ? 052,0
123 holly might need start running hill,0
duffer brother dont dare,-1
music perfect,1
love series,1
good series movie release time exam . gonna watch may,0
steve dead frfr,-1
mike,0
"133 , robin adjusting temperature hot get. remember mind flayer like cold? season 2 possessed, sweated mind flayer heaters. season 3, billy possessed, weakened trapping sauna. seems like gonna used vessel again, maybe someone else will. but probably will, bc lord know cant catch break.",0
depressing know stranger thing come end,-1
steve dustin,0
omg cant wait,1
"thought mr. whatsithenry01 vecna going say holly iconic line, time, max. dropped vol 2 trailer banger.dustinsteve duo back",1
die die netflix,-1
"nice, but mike kiss?",0
steve die die,-1
justice ted,0
"welp, went fast furious u",0
look like eleven not active season,-1
anyone die cry,-1
,1
155 end era,-1
robin gonna die bc shes getting screen time,-1
"so, either killing steve dustin. two favorite characters. also, epic music end!",1
108 mike face sending me. byler endgame,0
guy said video post better stranger thing shut cause stranger thing probably better dont try compare ur stuff show made multi billion dollar company like netflix cause u couldnt make anything level stranger thing even above. maybe scratch shut part dont go saying video u make better show quite literally made multi billion dollar company cause stuff netflix make like stranger thing would guaranteed mile better ur video ways.,0
u serious die die,-1
"dont know not excited ,maybe delay.",-1
get ready hawkins....,0
no one dy thank,0
"die, die yall dont die",-1
"knew , knew mr. whats henry 001 vecna but disguise one inhuman entity fool child hawkins best christmas ever",0
"yeah gg, vickie getting slimed demogorgon. good run, not getting enzos date tho",0
miss nancy wake em wheeler back day,0
guy think orb thing gateway dimension x vecnas lair seen orb like im pretty sure thats portal either one dimension x might find child,0
one best series love india,1
feel like last tune heard movie trailer.any guess guys?,0
die die cancel,-1
no dont me.... live ..,-1
"steve die, die!dustin die, die!me anyone die, netflix dies!",-1
"burned dude appeared nowhere said, time! thought mariah carey would jump behind",0
im excited,1
,0
steve def dy,-1
dont end worse,0
eleven eight,1
"steve die, diedustin die, dieme anyone die, die",0
witness historic moment.,1
exciteddd,1
"die,,i dieif happensthen heart going broke",-1
took breath away swear,-1
hotpot scene,0
still going welcomed derry finally end,-1
stranger thing big fan pakistan,0
"die, die",-1
must protect dustin steve,0
,1
,0
let go nancy !,1
"die, die, die, die.",-1
want eddie backkkk!!!!!,1
line everything weve learned upside wrong literally blew mind,-1
steve die cry,-1
"die, die but anyone u die, die",-1
"thank god ending , exhausting",1
"theory that, time holly solution everything. u guy remember book read first volume school bench? book might role too.also trailer show mr. whatsit dropping disguise immediately realizes holly planning escape max, mean try scare holly. intention not hurt holly, since remind vecna sister. feeling, holly going bring others camazotz help eleven, maybe portral open hawkins camazotz. vecna going loose finally get killed cave eleven, kali but might die process, but someone sure going ultimate sacrifice shut upside forever, anyone, but someone knowledge actually shut down.",0
erica havent screen time ? ?,-1
2025 ki best series confirm,1
dont dare,-1
wheres boy derrick,0
wdym die die??? no one dying okay.,-1
falling sky,0
drag like there no tomorrow,0
"show brings back hope, honestly thought forgotten make good story entertain make care. thank duffer bros.",1
wow,1
,1
"die,i diesobbing",-1
nobody dy ok steve dustin ??????,-1
oh byler endgame,0
t gonna fire!,1
oh na vickie getting ahh slimed,0
"die, die??",-1
wheres byler,-1
high voltage,0
trailer involve finale scene,0
"die, diewhat mean???",-1
vecna like wheeler house diddy time,0
"oh no, omg . . movie life die ... please me... subscribe 208",1
,0
"better good , ending long good memory",1
059 robin dy swear,-1
,0
goosebump,0
plz dont die harrington,1
stranger thing getting worse season 5,-1
feel like vecnas son,0
hopper teaser 2 scene hopper,0
mite rewatch movie,0
"came say not watching series untill fully released. splitting 3 seprate premiere dumbest thing ever. subscribed netflix every series available day 1, episoded. trying pull idiotic, go original selling point not tv, better!",-1
nancy walk em wheeler back,0
omg,0
dont care great series be. anything happens steve dustin series end spot.,-1
cant wait man! bgm bone chilling 149,1
got wifi smth? dont die,-1
"netflix, let clear die, subscription",0
im exiteddd,1
"steve die diedustin die dieus die cry, dont die",-1
look amazing,1
millie going die time,-1
"thought couldnt top running hill song, but kept best song last",1
finale birthday hell yeah!,1
anyone else see start upside start play say point mike looking side turn holly going side wall an show max holly looking,0
die diethe duffer bros kidding wont let anyone die mom broken wine bottle fight demogorgon but military cant.,-1
omg ahhh im exited,1
"better add box tissue christmas list, feel like going wreck",-1
"theory mindflayer controlling henry, making vecna but henry trapped insided. upside wall vecna created stay away tmf much possible. somehow kid understand this, maybe max holly meteorite see break free lead henry helping take mind flayer dy protecting",0
hope atleast 8 episodes.,1
"steve die, die",-1
yesssss nancyyyyyyyy lessgoooooo,1
,0
let mid begiiiiiin!!!!!!,0
"one thing im glad see, dustin steve seem terms, unlike vol 1",1
"looking playing thing back. vicky lucas max hiding demo. also see lucas elevator max demo coming towards. but later there scene demo passing vicky going towards military robin. think demo going lucas got distracted gun went military instead but also got robin bc middle, but vicky got away now, probably made elevator hide lucas bc look like went like kitchen area",0
steve dustin brother neither knew needed,0
"boom. boom. boom.explosion. explosion. explosion.gunfire. gunfire. gunfire.you die, die. die, diehype. hype. hype.143 drum. drum. drum.unfortunately trailer already telling try put effect possible show final distract possibly weak final plot.dont feel manipulated ? ? ?",-1
damnn oh myy gawd insane literally cant wait cryy ending!! end era!!!,1
everyone know holy title,0
diewe die,-1
worst acting ever.,-1
"steve die, die dustin die, die take u!!!",-1
"die, die.dont dare die !",-1
17 hour mark,0
guy please dont die...,-1
"hope no one gonna die, pls",-1
mr whatsit not playing game volume,0
,1
17 hr,0
perfect trailer omfg,1
die die,-1
wil 01,-1
watched three episode volume 1 impression im home work... boring. guy ruined it.,-1
look cringe,-1
nancy looking like arnold terminator 2. many references!,1
gonna break netflix againnn,0
theory upside actually rightside future. hawkins get turn upside vecna. everything time loop.,0
mareomdtys 17 hour lmao,0
cant wait,1
im waiting,1
"143 hate drum scream want best blockbuster show ever reality not, lack narrative substance.",-1
hopper even trailer?,0
bro please dont say dustin steve die,-1
well. not expecting much intensity,-1
"no..nono, no one dies!!!",0
136 plz neither die. sob eye,-1
"havent watched vol. 1 yet, want spend money once...so purchase subscription 34 day vol. 2 releases. know patient whole time",0
best show existence.,1
finally kali something,0
waiting,1
"d!e d!e netflix, dont dare touch them!",-1
never ending story ending,-1
666ttttttttt666666tr,0
awesome stranger thing 5 volume 2 trailer.,1
"steve die, diedustin die, dieme viewer dont want isnt go",-1
dont!!! dont touch mother steve!!!!!,-1
"marketing visual showmanship plus flat die, die dialogue work hype easytomanipulate masses.but narrative substance?",-1
dont eant anyone die pleaseee,-1
wooopeee. cant contain excitement,1
world not ready,-1
hope half die make masterpiece,1
"die ,i die",-1
less 20 hrsss im hyped,1
ayyy 24 hoursss,0
jjjhj,0
hollyyy,0
"actually scared but excited vol 2 come out, max swear u dont wake also wtf dustin steve mean die, die. none yall dying pls",1
im ready skjxk,0
love steve dustin ended fight,1
feel like gave u much,-1
every second feeling like goosebump,1
stranger thing demon slayer?,-1
"die, die",0
lucas sinclair live,0
"vecna goes, time new world. me, yeah, without vecna",0
omg guy even better volume 1,1
"why? die ,i die.dont want ending spectacular horror mystery scifii dont want new year start cry,no please. die, die",-1
16 hour,0
046 getting dark vibes.... hope aint complex dark,0
pray mike dies.,-1
die die,-1
vecna time!!vecna,0
die die noor either die duffer die,-1
dont pllllllllleasee dont kiil anyone,-1
yoo bro,0
menas steve die confirmed,0
0119 pure goosebump,1
beautiful got steve dustin said die die,1
16 hr,0
,1
super!,1
mileven endgame,1
didnt show much trailer .. crazy part one ended,0
two favourite character saying die die eachother,0
season stressing fr but im excited,1
think first half intense but never mind,-1
nancy got gene ted walkemdown wheeler 055,0
netflix gonna cook u,1
byler endgame,0
end era,0
december insane,1
vecna kneeling someone,0
oh man gonna record breaking season,1
mother god upside hooked.,1
netflix wheres suzie,0
still making,0
105 dont think theyll reach enzos...,-1
"not steve please god no..dustin already lost eddie , please dont repeat steve",-1
"die, die.",-1
trailer sooo good. feel like youre watching 15 second clip.,1
"iwas ok dustin dying season kind as everyone, steve said die die, no im not sure, want steve nancy live also holly, mike robin would nice",0
im sering volume 3 theatre,0
next two part going greatest,1
..,0
byler,0
love gunshot nancy shot military matched beat song,1
1.36 im not cry,0
no one gonna talk trailer 6.7m views?,0
upside inside,0
"steve die, die.... ok",-1
"no bro not dustin steve both, cant handle painnnn",-1
hellllllll,0
ahaaa prometheans,0
die die nuh uh!!! live lives!!!! swear god!!,-1
6.7m view,1
20h,0
le 20hrs,0
,1
yeahhhhhh,1
,0
6.7million viewssss,1
6.7 million view 6 7777777777,0
coming,0
"whoever think dustin steve wont die, let come",0
die.... netflix dies.... subscription dies... deleting netflix,-1
"netflix. die, die.",-1
"henry glitchin becoming 001, damnn!",0
honestly didnt like volume 2 trailer. expecting far better like volume 1,-1
,0
re1lly dont want series ending,-1
"here prediction regarding st s5 vol2 nucleus type thing thats active one blast red colour wave emerge , one shown trailer steve dustin escape safely safe. max one falling sky shown trailer dimension door max holly enter open basement mike basement door henry follows see henry staircase mike house .",0
t look fvcking good,1
dare put lesbian queen danger ima bouta throw hand,-1
w music,1
104 girl robin kissed gon okay?,0
s5 thought dustin without doubt one character safe. since become increasingly concerned welfare,-1
wanna see max,1
die die,0
yeah!!!!!!,1
6 7 veiws !!!,0
not steve pleaaase,-1
,0
yes.,1
ending absolute cinema,1
broooo one dy,-1
yesh,0
"please, vecna, active villain. snow brother, night king game thrones, killed teenage girl whole lot nothing.",-1
give sound editor raise,0
dark better show,1
aaa steveee,0
"already seen all, downloaded thro netflix server. bad guy wins. spoiler alert.",0
,0
bout watch bose tv speaker,1
yup,1
pure mass,1
"im not sure heart going survive this, either achy breaky standpoint cardiac arrest standpoint. havent grown love group fictional character much since first read lord ring four decade ago.",-1
dont make cry christmas,-1
"actually amazing!! shot upside 011 mike looking side max,holly looking downwards",1
someone gonna die,-1
real goosebump,1
ill coming back watch video everytime get like! cant wait till christmas day,1
dustin steve guy better not die!!,1
vickie cooked omg,0
one season volume 2 need called.nancy casuslly clip farming aura farming,0
"die, die",-1
like trailer music....,1
cant wait,1
"call trailer,worth every penny",1
gunshot synced beat trailer make everything exciting.,1
"im scared, excited, overjoyed, mostly scared cant wait next volume.",1
ooo god anywhere door ?,0
die die,-1
me.,0
"cant wait this, omg",1
inverted description channel info nice touch,1
omg,1
goddamit thought steve dustin might die but may die,-1
better see military send proper reinforcments. drop tactical upside need be.,0
"hate say but welcome derry shit stranger thing 5, good. far stranger thing 5 nowhere near",1
spinoff series end,0
"die ,i die . cant take stress yall",-1
not steve dustin,-1
111 lucas pls dont...,0
t bout peak,1
"bois,either die. im raging machine. eddie favorite. weeped days. day tell you. either two gone,im gonna broken.",-1
guy think jonathan byers die s5,-1
love running hill motif faintly playing background end also dustin steve,1
vecna jobless leave holly alone,-1
"damn, even pennywise show. aka deadlight looking thing.",-1
bhaiiiiawsm trailer mannn,0
need stranger thing,1
expect u wait watching,-1
chill,0
bro idec im happy steve dustin make up. cant stand see angry,-1
158 finale new year eve? thought volume 2 xmas official series finale? weak heart cant take,-1
,1
"guy dont new different villains, repeating boring . make bring something new powerful",-1
119 robin r u baby,-1
yayayay,1
ready pls no spoliers everyone,1
"043 strongly feel jonathan going die time, duffer brother intentionally misleading u showing die, die moment steve dustin.",-1
where? is?? lucas????,0
many time vecna said variation time?,0
"not even contains finale, yet giving goosegumps",0
wow wonder who gonna die first none die hope none but every unlikely,0
"steve die , die ! dustin die , die ! dont die !",-1
cant believe final season already. wish stranger thing could come back every three year,1
20 hour,0
"watching this, survive wait till december 26??",-1
"derry finished, need now!",1
im wheezing,0
"die die,,no please nooo",-1
"put steve backwards baseball cap? yall, im cooked. 136",0
shit dustin steve dying,-1
steve giving eddie munson talk dustin dont change first die die steve said first!,-1
"feel like end last episode robin ,mike lucas almost gotten attacked demogorgan but saved them, feel like predicts death something!!",-1
yay cant wait bawl eye christmas,1
kali not power physically attack military 133 doesnt help el something hit them?? 141,-1
"dustin dies, die.....",-1
sobbed die die,-1
somebody dyingim mentally preparing shi,-1
,0
10 day stranger thing season 5 volumen 2,0
"steve dustin saying die, die making scared.",-1
not ready end.,-1
"guys, anyone else notice steve dustin together upside scene but dustin robin, lucas noah truck really hope doesnt mean steve didnt make",0
good,1
die die ??? die,-1
pissed o ericaaa,-1
steve dustin die swear netflix people cry,-1
waiting,0
meeee,0
fight vecna,0
actually give wandavision vibe,1
049 part truly awesomeabsolutely thrilling. incredible trailer!!,1
better tho,0
byler endgame!!!,-1
robin die volume 2 spoiler,0
cool all. but want delightful derek!!,1
weird felling 8 gonna turn 11 regular ppl her. probably understands vecna side vecna near end...,0
finally dustin steve,1
maaaaaxxx,1
nancy always uppin fye,0
goosebump,1
final episode definitely longer lord rings.,1
absolute cinema!,1
itu atu atu itu ehe thengi thippandii atu itu,0
"steveyou die,i diedustinyou die,i diemeno netflix die",-1
happening feel like every day like year peak,1
dustin gonna die,-1
hyped af,1
die die.,-1
please love god let walk em wheeler actually walk em machine gun,-1
"good, didnt age much volumes.",1
last standing man,0
steve dustin dy stranger thing season 6 episode 1 vanishing duffer brother,0
"steveyou die ,i die dustinyou die ,i die netflix going break heartsplease dont",-1
im not ready shed tear yet,-1
"die, die duffer brother",0
"trailer kind give felling super excited final season umbrella academy, im scared show going end really underwhelming nowhere way, like tua",-1
"die,i die",0
im readyyyyyyyyyyyy wish could last season,1
011 love scene matched song lyrics..up side,1
not steve harrington!!,-1
,0
"die, die",0
look amazing but whats every trailer syncing bullet sounds? lol,1
"die, die",-1
netflix gonna give u best christmas present fs! thats insane,1
goat derick,-1
swear tfg even dare touch steve dustin leave alone,-1
no steve,-1
heart,1
mike leader!! underrated3,0
aura vekna,0
guy look robin not shown volume.means might dead,-1
"omfg, theyre killing dustin steve, arent they?",-1
merry christmas advance ig,1
u know,0
cant fcking wait,1
subscription bout die along dustin steve,-1
steve dustin die ill die,-1
none die except steve,-1
cant wait,1
hand nancy gun steve nail bat..and vecna good dead,0
dustin love mother god,1
,0
barb,0
gonna el yall dw millie already kinda spoiled character ending,-1
,1
side door max girl walk,0
no steve die im gonna die probably depression,-1
"dustinsteve die, die.",-1
"era akshay khana bollywood comeback, youtube recommending",1
hellll naahhhhh die dieeee no please,-1
holly open portal like mike foreshadowed??,0
feeling nancy might end getting shot,-1
giving goosebump normal thing duffer bros!,1
lucas protecting comatose max,-1
torturing demogorgan,-1
please pin first time netflix u guy might not see,0
hell mean everything knew upside dead wrong!!!?!!!!,-1
noooo wtf u mean u die die bro dieeeeee wtf u sayinggg plsss ill cry,-1
release date?,0
want mind flayer come back,0
let see vecna not told is.,0
steve dustin die going sue duffer brother,-1
"offtopic , but door max holly went look like doraemons anywhere door..",0
wish wouldve ended season 1. wouldve went one best show ever,1
"trailer hoping three thing dustin better not die, steve better not die vickie better not die!!!!!",0
everyone waking christmas happy.netflix going bed cry probably pissed off.,-1
didnt see jonathan trailer,0
115 yall dustin hugging? eddie???,0
uhhh really ? not exactly hoping for. game thronesed,-1
,1
awful far,-1
ga sabarrrr,0
3 episode ???,0
nancy walk em dowm wheeler,1
helllll yeaaaah,1
eleven kali team vecna let gooooo awesome,1
receiving best christmas gift yet deadliest ..,1
"everyone saying jonathan dy steve dy , 055 nancy dy",0
please dont die,-1
telugu........,1
die diebro die,-1
next 4 episode gonna mind blowing completely,1
105 yeah shes dead,-1
"die ,i die. hurtss",-1
cant wait come bc want watch bad,1
"absolute cinema, hand best show ever! no one disagree, cuz objective, best",1
im happy dustins spark slowly getting back started acknowledge steve,1
im hyped,1
"knowing modern day trailer im hesitant watch this, but last trailer fine made even hyped before, whole plot wasnt spoiled",1
doesnt get gun end show im gonna throw fit whats point reinforcing fact use gun start episode one doesnt actually get ne,-1
cinema dead,0
"obvious bait steve dustin, gonna survive",0
guy think dying,-1
damn crazy,-1
im crying.,-1
136 dont wanna cry,-1
look like johnanthan one going die.,-1
"die, die. always knew going come back.dont dare die",-1
050 help isnt jonathan steve truck them?,0
im scared think either mike johnathan gonna die cry really hard,-1
"vecna trying create hole mindflayer come , thats red orb thingy was.",0
lame gay,-1
plan save world not die die cannot please dont die lol,0
vecna time.erica yeah time eat ya damn pie.,-1
guy think hopper not sacrificing time all.,0
"watched entire first volume within day, im gonna second volume.",1
prepared fall asleep watching max holly.,1
140 no baby dont dare,-1
already asked mom could earlier christmas dinner home strangeer things.,0
20 hour gng,0
032 mother god,0
peak.,0
expectation,1
"nancy, gun girl",1
please die,-1
trailer superfreak,0
wow.love mirza jamartal,1
2 main character die.,-1
please let robin vickie survive please,0
oh god im terrified,-1
"viewer begging main character die messed tf up... peep enough garbage trauma, hadnt impact yall would not still invested 10 year",-1
"die, die. enough.",-1
die.....duffer brother die swear god,-1
wtf.,0
cant believe bunch kid running show became one greatest time pop culture things. kudos netflix,1
suffer brother,0
mind blowing shit!!!!,-1
gonna dragon??,0
milking much,0
no doubt gonna greatest season ....,1
dustin told steve im not going always solve problem feel like hard foreshadowing,0
steve dustin,0
show came 18 ill 28 march show pretty much consumed 20,0
"god fuckin damn, nancy badass",-1
dont die,-1
vecnamariah carey time crazy but beautiful time.,1
,1
im not ready,-1
"steve dustin not say die, die noooooooooooooo",-1
im rambo nancy,1
"die, die hit hard90 sure steve dieing",-1
steve dustin please,1
steves really not making one isnt he?,-1
bhenchod mind blow hogya agr dustin hya steve se koi mara duffer brother ki book jaladunga,0
hopper?,0
vecna morbin time!,0
max gorgeous!,1
die die,-1
max sacrifice save holly wheeler. duffer brother probably wrote final season final season ending squid game many death even main character not safe.,-1
yeah someone going die,-1
s4 still tge best,1
sad poor holly suffer,-1
fact volume 1 disappointing compared s4.,-1
hopper?,0
010 trailer no byler,0
one dustin steve dy sad bruh ...,-1
hug mike dustin? happened ran hug other?,0
"finally, real one",0
im excited,1
. volume 2 gonna insane.,1
055 ellen ripley mission takedown terminator sarah connor,0
finally dustin steve stopped fighting,0
give,0
oh no!,-1
wali p coming,0
"die, die hell na",-1
damnn love use song,1
"apparently ive seen heard. steve sacrifice save dustin, john, nancy. hope not true but.",0
released netflix get superpass shit,-1
unfortunately steve dustin going die.you die die stevedustin,-1
made cool as movie,1
many international fan stranger thing there?,0
even reached 24hrs yet but im done watching,1
"die, die guy die die.",-1
"ok, vecna final boss. fan overthink much.",-1
"die, dieimma crashout bro die",-1
"shit not die, die. cant lose 2 favorites!!! steve harrington car funko pop come tomorrow. nope cant lose dustin! nope!",1
time end beginning,0
lowkey feel there villan vecna,0
steve dy whole netflix die,-1
,0
"135you die, dieplease dont",-1
guy die die,-1
kirk,0
one tha iconic series....miss future...,0
"glad dustin steve not fighting anymore still, dont die guys.",1
final countdown,1
"steve die , die dustin die , die dont die !!!credit mazhalai medai original comment",0
im seeing suspicious lack robin dont think ill okay,-1
wheres scene screaming runnnnn,0
nancy weapon,0
027 holly heroic open door dimension,1
look live vecna set shop inside dragon mouth,0
excited,1
always give guy mike corniest line,-1
mf epic af. dont make gay mike please love god.,0
vecna new year eve time,0
petition play end beginning end show,0
die die no one dy,-1
"dont worry guys, steve, dustin, vickie safe theyre totally gonna end season happily im denial",1
die die nice callback line,1
nancywalk em wheeler again!,0
gonna crazyy,1
please dont want trailer finale,-1
goodbye steve,0
didnt see shot erica,-1
"either new year eve gonna bestest ever stranger thing fans, getting tell something grand kid series well tear trauma steve dustin die.lets brace this.",1
crazyyyyyyy h bhaiii,-1
"im literally not gonna say anything besides excited am. say get sad someone love die. steve said already bro, like dont want anyone die",1
fireee dude,1
"die, diele fan die, die",-1
"robin,will,el,mike,dustin,steve vickie dy bro istg die too.",-1
no one dy,0
die die,-1
realize took,0
feel like going stranger thing dark,0
mind blowing,1
know going steve. not ready,-1
"136 hell no, please nooooo",-1
lack jonathan trailer....,-1
054 shes pretty bro cant,1
137 steve,0
omg.. holly shayla,-1
hmmm guess imma find,0
jonathan? anybody noticed it?,0
character dying,-1
"im sorry, lost believability nancy wheeler guns.",-1
"guys, im literally scared cant",-1
nancy,1
010 way lyric match scene satisfying,1
fuh u mean u die die gess know dy bro,-1
,1
nancy fire,1
139 ill sob one dy genuinely,-1
die die,-1
guy dont die,0
yay,1
"steve dustybun better not die swear god. also jamie better receive emmy outstanding performance. mean,",1
best trailer ever! ive never excited xmas new year life.,1
end whole series imagination back table s1 e1 started play,0
look like theyve forced max script.,0
eddie,0
im excited,1
omg omg omg johnathan finally go upside down!!!!,1
still want eddie back.,0
"steve dustin die, die.me die, creator die you.",-1
kid jumped 12 30 5 seasons.,0
pls save jonathan,0
"die, die......tmkc, nobody dy",-1
holly cow... cant wait watch this... edge,1
cinematic,1
die die,-1
"136 dustin steve made up!! die, die absolute cinema!!",0
goted,0
going break record,1
"die, dienetflix die, subscription service dy",-1
120 wtf,-1
nancy badass,1
yessss,1
want vecna win???,0
woah nancy,0
fuckckck,-1
peak,0
nancy locked,0
yesssssss,1
"die, diehow no one dy",-1
im gonna sue netflix steve dustin die swear im not kidding,-1
054 nancy fire,0
not u die die,-1
"dustin steve die, diemeanwhile mike hold beer im gonna die",0
telling guys...hendersons gonna die,-1
feel made dustin steve death feel obvious made realize might not one die.,-1
.,0
yes!!!!!!,1
steve dustin please dont die,0
120 feeling henry realized holly trying escape max help decided drop friendly henry disguise.,0
boom boom boom. nothing else? disappointed.,-1
online class watching,0
diei die no please,-1
also doremons travel gate,0
bro im grabing rifle joing fight burh,0
else replayed trailer least 5 time ?,0
"steve dustin dies, well wana take duffer brother funeral?",0
"053 wow, nancy!!",1
"never thought id see nancy shooting soldiers, hell yeah",-1
dont care hard henry try intimidating hell always charming twink,1
please dont die two die soul cry die,-1
"die, dieya bro cooked",-1
"1.36 die, die 1.38 die, die",-1
die dieyeah no,-1
dark look familiar.,0
guy think vecna cooked? do.,0
"random cheap red color effect welcome derry ep7, ep8 god particle copied dark 2017 vecna thanos ?! mike one leading character still appreciated since st3 poor screen time.",-1
fakkkkkkkkk,-1
baddie thumbnail not meg,-1
naaaaaaaaaaah no one dy dustin steve live stfg qnq aaaaaaaaaaaaah heart cant two boy,-1
no steve not die sorry,0
woaahhh,0
okay cool whens eddie coming back?,1
wise 12 11 one,0
no steve dustin shouldnt say thatttt,-1
touch hair robin buckleys head duffer brothers.... count day,0
nancy mommy wheeler rescue,0
happy dustin steve friend but im kinda worried,1
025 giving massive dark tower vibes. duffer brother never stop proving show ultimate love letter stephen king.,1
"literally cant spoil last season, ever.",-1
nancy badah. swear love,1
die here.,-1
someone definitely dying,-1
nancy wheeler hot,1
many die,-1
feel like showing u much,-1
nancy walk em wheeler,0
oh man,0
anyone else kinda disappointed season far.. hope last episode better,-1
"die, die",-1
letsgoooo nancy shoootttt,0
guy max gonna runnin hill new year,0
gonna miss !,-1
steve dustin dy party fun anymore,-1
"hero watched video less 24 hour released, gather",0
welcome derry better,1
stranger thing better welcome dairy,1
"season 1 hangover movie, except kid set super 8 world stand monstersseason 2 uselessseason 3 wtf even pointseason 4 make pain butt still dont know himseason 5 recreate matrix reloaded neo squiddies end scene give powers, forget last seasonsi love stranger thing anyone come lol",-1
someone tell mike el look uncomfortable scene? backing away. imagining theyre actually fine?,0
"054, talk sarah connor, love nance",1
scared robin going die omg not readyyy,-1
peakness,0
noooo,-1
im hyped,1
"holy macaroni, cant bloody wait",1
vecnaka ho mike ke amma tohar ka haal ba 11 ke marda naam sune duniya maon hamahi hai hawkins ke,0
133 kali throwing hand,0
"coming, bro?",0
steve dustin eleven robin nancy get killed new season one episode called vanishing duffer brother,0
people watched video 15 year gather,0
"die, die okay theyre dying",-1
course st taking holiday well never forget much cried.,0
feel like robin going die bc hospital,-1
telling vickie gonna die saving patient,-1
"die, die netflix, duffer brothers, steve dustin die dont get happy ending deserve, going die absolutely shattered heart soul.",-1
"die, die shut fck",-1
bruh lucas aint surviving one,-1
118120,0
die die wth,-1
look underwhelming.,-1
shot vickie scared. im fr gonna pissed yuri turn doomed.,-1
wow,0
im cry,-1
119 yep robin dead.,-1
god thats wild,-1
feel like ending another volume,0
"bbbaby, iii cant wait",1
"die, die !",-1
"feeling kali like gonna trickster, idk",-1
please give u another reference,1
steve,-1
"die, die die dieill die too!",-1
5 .,0
aaa la fukin vergaaa,-1
im scared bruh,-1
"die, die fear one die scream happened die die something. thats usually dialogue set upthat said, either dies, im ending netflix subscription.",-1
mean die die,-1
im excited!,1
mind flayer,0
aggggg good im excited but scared,1
"time travel 100, nancy jonathan see huge orb like structure, literally copied dark famous german tv show",0
"telling dustin dy steve. die, die bond, steve actually try save dustin, but steve isnt gonna get eddie ending dustin help it. dustin sure dying steve theyre making look like steve death",0
byler endgame,0
dont die please,-1
u die dieboth die netflix die,-1
steveeeeeeeeeeeeeeeeeeeeeeeeeeeeeeeeeeeeeeeeeeeeeeeeeeeeeeeeeeeeeeeeee,0
"die, dieyou die, dieme no buddy die.",-1
omg remix lovely,1
"145 inside wall upside down, see left",0
"137 die , die",-1
wtf,-1
no baby steve dustin!!!! please no!!!!,-1
ive missed hawkins lab soo much! s3 4 neglect crime.,-1
delightful steve gonna die,-1
way said die dieim getting feeling netflix get ban permanently,-1
delightful derick,0
roller coaster bro... duffer freaking playing emotions...........iconic man iconic,1
051 gunshot music,-1
derek dead?,0
,-1
im going watch series one go.,1
swear duffer brother better not queer bait us.,-1
8 days9 live inidajapanchinakoreasasia,0
waited welcome derry end could upload trailer lmao knew everyone watching,0
ready chat,1
"compare hbo clown serie, clown serie long much better",1
pre rip steve save dustins life long live baby sitter,1
hell?!!!! omggg cant wait,1
boooosebumps trailer,0
"die, diehow dont die",-1
combo said die die,-1
please fast not wait,0
trailer epic! volume 2 gonna crazy.,1
"steve hopper dies, rating show low.",-1
steve dustin,0
robin plsssssss live,0
walk em wheeler 1v4,0
,1
holy,0
least boy finally got break within 5 seasons!,1
"there going casualties. robin girlfriend going die, along one 6 friends, someone parent parents.",-1
045 reminds german show dark jonas stabilizes dark matter time travel,0
,1
,1
man evolution nancy wheeler. queen! 054,1
"die, die absolutely not",-1
"great, christmas time everyone celebrating except u st watcher sobbing",0
everyone die finale,-1
jonathan nancy die rather steve dusty,-1
"oooooof, rip vicky",-1
swear steve dustin die,-1
istg someone dy,-1
jonathon goner.,-1
henry dy die,-1
im not saying stranger thing connected dark but red orb plus earlier rosen bridge mention feel god particle function like stabilized interdimensional nexus rather random portal. thats case destroying probably collapse breach but probably not without consequences.,0
"steve dying would great storytelling. unfortunately, attached",-1
wheres eddie vampire,0
"fan want steve die heroically, but not like actually die",0
steve dy never ever watching netflix ever,-1
dont die anyoneplease,-1
forever remember,1
hope better part 1. ngl didnt even remember girl first. but understand mostly set up. let go!!,1
no threeheaded dragon?? 0,0
vecan bow,0
cant waiiiiit,-1
commenting look back year later feel nostalgia,1
"dont get people get hyped this. look like patchwork arbitrary storytelling focus spectacle, special effects, marvelized superpower manipulatively constructed overemotionalized scene given viewer like drug increasingly higher doses, distract weak plotstoryline.",-1
omg kali go team cant believe,0
hero watched trailer 2069 assemble,0
qualquer cena nancy com uma escopeta ou metralhadora na mo,0
coming major spanish ranger thing like couple day ago actually month like four five week six seven week ive never really but early boomer ive watched season,0
"die , die.",-1
,0
bro crazy,-1
omgggggg screaming,-1
hooooooooooooooooooo,0
let go!,1
ennada panni vechirikkenee,0
insaneeeee,0
steve.,-1
die diee,-1
steve dead,-1
"average trailer , let see magic theyll climax . already watched lot failure final season . st please try dont break hope . want series becomes goat but without proper ending not possible.",0
die die dont dare die,-1
die ! netflix subscription die ! end,-1
"die, die.no please no",-1
iam still watching season 02,0
wydm u die dieeeee,-1
show stress,-1
damnnnn gonna great cant wait,1
hope used money nothing riff vol 2 3,0
there 3 part ?,0
steve harrington gonna die,-1
spoilers?,0
look stupid,-1
"watched masterpiece less 24 hour release, gather",1
shit pro max,-1
vecnas tendril back??,0
finally steve dustin together iconic dialogue,1
strong feeling rn end much cruel,-1
054 nancy shoot em wheeler,0
waw amazing,1
aye done let end like umbrella academy swear im suing wasting time,-1
max wake,0
cooked,0
se muy buena,1
"die, dieif anyone die, cry",-1
season 1 season 24 season 5 good no one want indian l,0
vecna time.....the thing clobbering time,0
"die, die. nobody dy huh!?!? bout",-1
bouy,0
"dont forget, ted walk em wheeler hospital lucas he gonna slime demo",0
"vol 1 sucked, vol 2 gonna suck worse.",-1
wbt mind flayer?,0
im not ready,-1
yup dustin steve dying,-1
nancy wheeler better shot military.edit not eleven air bending 140,0
100 nancy dustin but jonathan steve......,0
u mean die die.. mean.,-1
steve dustin saying word,-1
hell yeah,1
goosebump,0
omg awesome,1
die die quit playing bruh,-1
gave nancy machine gun! won!!!!,1
"die, die...",-1
im waiting vol 2 stranger thing,1
vecna better bowing max,0
044jonathan nancy get behind menancy excuse im one know shoot,0
"im glad im australian released dec 26 not 25. way, enjoy christmas peacefully",1
"die, die okaaayyyy message behind totally get but dont wanna get dont yall dare touch",-1
"prematurely cry die, die",-1
not ai right?,0
"vickie dead next ep, callin",-1
"die, die dont wanna lose anything like almost lost hopper bro",-1
robin die im dying,1
knew murray wasnt dead,0
end,-1
omg gonna sooooooooooooo freaking,-1
back lab bridge,0
dereks finna get slimed ripped apart vecna saying suck fat one guarantee,-1
foreshadowing something happening dustin steve istg,0
134 alright yall dying,-1
hopper,0
"im calling eleven sacrifice save everyone. either her, hopper. guarantee someone dy end.",-1
guy,0
"steve die, die.dustin die, die. dear god",-1
got chill watching,1
die die ? nooo! come two!!,-1
think gonna die?,-1
losing heart soul show?,-1
rapa rapa,0
steve dy die 3 dustin,-1
"die, die. hey. dustin, steve two live instead? dont need happen.",-1
holly heroic!! dimension door!!,1
omg im excited,1
"eh, ive seen stranger thing",0
"die, die",-1
thank god steve dustin seem better terms. but fr boy delightful derrick need,1
nancy always got strap,0
charles leclerc gonna win wdc,0
never waited christmas bad !!!!!!!,-1
mind flyer?? mind flyer,-1
feel red,0
let goooo,1
nancy ranger fighter?,0
series,1
2025 anyone???,0
"steve dies, netflix dy",-1
"pure hawkins energy dark, intense perfect",1
"mean die, die? aint no one dying swear ill crashout",-1
cant wait!!!!!,1
"wtf die , die supposed mean",-1
"idk but question arising watching trailer that, byer gonna use power v2? j attention seeking scene v1?",0
damn hate see end man,-1
die die????hello what??,-1
end bum bummmmm,0
strange thing going stranger thing,0
theory would create fake scenario help 008elevens sister 001 would win sudden would realises not real loos,0
die die please no die,-1
yesss steve dustin reconciling,1
cry steve dustin die wouldnt able take,-1
"die, dieboth stay alive please.",0
cant wait next installment,1
"die, die.you die, die.dustin aint gonna let steve pull eddie him, go tryna sacrifice dustin tagging along.",-1
dear duffer brothers..if let dustin steve die remain like scar.. please dont,-1
die die?!,-1
die die excuse die owner stranger thing die,-1
started ride back home night,0
endgame,1
want know is.... nancy always shooting gun like shes trained military combat? like shootout actually military,-1
theyre making obvious steve dy gonna shocked jonathan dy,0
"dawg , stranger thing even",-1
delightful derek!!!!!!?,0
nancy going full assult army treat,1
dont end please,-1
omg vecna look insane im excited,1
byler doesnt happen queerbaiting,-1
dayyyyyyyy,0
finally got og steve dustin,1
055 nancy damn badass,1
holy shit trailer amazing,1
guy christmas seriously going emotion full excitement,1
pls extra synthy upside remix killing meeeeeee,-1
wonder theyll say g damn jc every twenty seconds?,-1
nancy shooting strap got blushing,1
peak,0
cant wait longer ahhhhhhhh,1
trailer be...it give juuusst enough without spoiling anything,1
yall remember show group kid searching missing friend?,0
hm,0
135 shut damn mouth,-1
nancy eat bullet wheeler,0
"die, die show begin",0
"blockbuster, cgi, special effects, marvelized.miss atmosphere season 1.",-1
oh no steve dustin dy call quits,-1
"ngl, visuals improved significantly",1
024 door,0
die die die die,-1
one searching hopper erica,0
omgg,0
040 knew kali gonna return,0
die die?!steve dustin better okay,-1
but kali attacking hopper,0
"vol1 not really excited vol2 ,",-1
"ihope dont butcher this...the first 4 subpar imo.we get it, will ghey chick ghey, move proper story telling please?",-1
fym die die,-1
,0
steve dustin,0
maybe steve die,-1
king hopper isnt dead,0
dustin steve dy km,-1
watched 0.25x,0
,1
dios miooooo,1
"1 nancy military, dont ruin show plot armour thick badass character moment, dont, moment eleven want",-1
useless person made el emo came back...,-1
"want see vecna saved mind flayer. want henry recontrol mind even briefly dies. know wont see that, but would nice see",0
badly waiting christmas,1
"praised glorified promote filth, greed, horror, elevate wealth happiness, immoral sex, violence, hatred god. great job here pile money award. wonder circling drain. instead seek god. repent turn god, sin may wiped time refreshing may come. act 319 jesus died repent believe good news today. simple prayer faith, ask jesus christ life right now, born again.",0
dr kay?????,0
106 vickie done bro,1
"course vicky die, poor robin",-1
die,-1
demodogsss,0
smashed new trailer!,1
see steve not much scene.... thing talked dying risk also said best part ep 5... think over.,-1
"u die, die...if u die, dieam supposed happy theyre back together againor sad might die",-1
ok wait secondwhy steve scene steve appears dyingand seen nowhere elese whole trailer?,0
"dustin steve die, die",-1
"die, dieplease dont die going ruin christmas!!!",-1
hi,0
steve still time hair nicely,0
im future spoilers..... nancy dy,-1
wiw?,0
steve diesvanishing duffer brother,-1
"volume 2 already look considerably better phonedin volume 1! even biggest st fan admit volume 1 awful...so time get back track, duffers!",1
"die, die???? excuse me????",-1
vecna mariah carey timeeeee,1
"bro, thats exact room seeing like thats vecnas layer something",0
jonathan stepping front nancy protect like nice gesture dude but move way let girl cook,0
less week away folk,0
series not ott realise series theatre experience please theater realise karo,-1
"murray, robin vickey r cooked",1
die die,-1
joyce,0
endlich !,0
season suck,-1
sht know year but im not ready,-1
got hyped,1
im gonna watch heated rivalry like nothing happened,0
md parece estar muto melhor q primeira parte,0
guy whats happenign vickie,0
138 steve dy scene,-1
fear dustin steve gonna die referring san 3 die die please no netflix,-1
need,0
finna peakkk,0
nice finally see dustin steve not others throat season,1
"time gap three half year release season 4 5 long.the time gap month release season 5 volume 1 2 long.i find hard remember thing time gaps. would preferred binge watch season without much time beween volume releases. cant wait watch s5e1 end year without getting spoiled social medium social environment. nasty. feel like forced watch new episode right release not get spoiled. but then, large time gap volume release hard remember content episode watched month ago. find release schedule netflix consumerunfriendly. miss time season released whole could binge watch them.",-1
"nerd seeing vol. 2 trailer 24hrs since release, round",1
cant wait,1
commando nancy!,1
great video man seriously .,1
"dies,duffer brother die, netflix fall, massacre world.",-1
"got ticket go see finale theater new year day, theater showing already selling out, yes watch home but doesnt beat big screen experience",1
030 mother god,-1
"steve dustin definitely holding one turn fuse shock demo, die die theyd get shocked went wrong, doubt happen",0
swear dustin steve dy dy,-1
wtf show even now?,-1
ngl... kinda want steve die angst. actually dy hope properly,-1
anyone watching ep 8,0
duffer brother die steve dustin dy,-1
sister!!! shes back!!!!! shes backkkk!!,1
yeah steve cooked,0
"theyre still not showing enough mike will, going happen episode",-1
im really gonna miss,-1
die die,-1
nancy walk em wheeler gun agian,0
didnt see byler think good,1
omfg chill literal chill,0
el better jump vecna,0
"guys, die, die thing isnt meant convey sense danger. callback silly phrase dustin said steve year ago. time, steve thought little dumb. but fact he saying dustin symbolic way representing okay, others back like before.",0
there no way dustin steve making alive im gonna go cry corner rq,-1
omg im excited,1
took four episode ruin five season show,-1
yes nancy shoot bitch,1
fart noise mouth,0
thats funking series said,0
dustin steve back avangers doomdays,0
love nancy walk em wheeler get firepower every season. peak.,1
netflix grinch tryna ruin christmas every fan.,-1
136 bro dont say die cry,-1
holy christ look peak,1
118 robin dead,-1
barley clip robin? im worried.,-1
"die , l die already died bro",-1
oh hell nah dont get girl vicky,-1
omg ahhhhh,1
henery 001 vecna,0
please nobody die urge,0
"hold up, writing fire",1
aghhh cant waitahh,1
kinda like broke different holidays. kid kinda special holiday year. no idea kid discovered series point still kid but still are. maybe fan discovered 2022? young fan watching since season one definitely college even graduated well,1
steve kinda look like john b die die scence,0
woahhhh,0
106,0
christmas day mode netflix hand,0
somehow gonna itwelcome derry,0
steve die die.dustin die die,0
right w u bro,0
hero watched video less 15 hour realesed grather,0
goosebump goosebump,1
die die shut,-1
upside created vecna,0
noooooo!!!! no one dy except vecnaaaa,-1
endgame,1
"thank god, no eleven",1
dustin steve best duo,1
die die bro,0
stranger thing season 5 gonna represent many gonna die final season.,-1
die die....no no no wait wait....dont,-1
"love lyric upsidedown match first shot mike looking up, holly foot going sideways door, max looking down. cool!!!",1
doomsday trailer leak,0
steve nea thotta monea nighale urakum,0
hmmmaybe well learn henry interest...diana ross upside romance bangin,0
"anyone love every season nancy gun get bigger better?! love it, shes like one favorite",1
cant wait boy,1
120 ggs holly,0
noting isnt lot robin trailer,0
cant wait,1
else feel empty already knowing final chapter?,-1
,0
t tuff,-1
nuh uh,0
u dont die,1
054 nancy,1
soon,0
nancy baddie,1
"bruh im gonna cry nancy, steve, literally anyone dy",-1
mindflayer?,-1
omg epic cant wait!!,1
"die,i die",-1
"not steve, charlie",0
cant wait plz christmas,1
nancy got glock real real!!,0
120 changing rblx avatar,0
100 bylerrrrrrrrr confirmed kidding lol,0
delightful derek save world,1
know there chance vickiis gonna die date enzo never successful...,-1
finna peakkkkkkk,0
unsolved mystery question vecna beefing minors?,-1
"im calling it, steve dustin im 100 dying",-1
istg im gonna cry steve dusty die,-1
bout time real one dropped,0
"istg el max dies, given hope entire show watching 4 almost 5 yrs...",-1
113 look like unloaded textures?,0
damnnnnnnn,-1
wait min tf mike hsircut bro 109,0
"atleast, dustin eddie together might happen.. guess?",0
woohoo,1
"im telling steve dustin thing ruse , theyre tricking u",-1
dont wanna see show go since season 2,-1
christmas litttt fellassss,1
"duffer brother please love god, keep steve kid alive",1
not lucas bro bro he cooked no,-1
need steve dustin make alive...,0
many time gonna hear time vecna,0
duffer brother u cooking u badly,-1
dont tell thats eddy dustins hugging,0
steve die die,-1
show absolutely phenomenal but one thing could elevate experience releasing episode weekly instead binge format second released half season spoiled someone hasnt chance watch instead releasing weekly biggest spoiler someone one episode,1
holy peak,0
"die, die?!?! hell nah nobody better die",-1
triggering anxiety!!,-1
"moment final confrontation, eleven stood brink defeat hand vicknas forces. then, radio crackled words, left. instantly, countless portal opened. behind eleven appeared host character netflixwarner bros. universe justice league dc comic universe, mortal kombat universe earthrealm guardians, rick morty, harry potter, legendary godzilla.",0
swear.. u die die,-1
upside,0
die die..,-1
"someone pointed another video jonathan doesnt seem anywhere real world after, assumingly, upsidedown crew make back. joyce hopper arent van like everyone else robin said thought easy part. theory if, jonathan died hopper comforting emotionally wrecked joyce? thats joyce hugging seemed sad. since definitely learning finding accepting season. came joyce happy tears?",0
138 thats nancy jonathan,0
amazing love,1
dont know ever excited tv show.,1
merry christmas! oh died...,0
dr kay aint dead yet??!!,0
swear thats not thessil hydra,-1
show hurry end already,-1
"die! die! so, one die, right? .?",-1
135 no,0
wow! getting intense!,1
"packemup byers pull generational clutch, trust",0
volume better come heavy haymaker thought volume 1 lame f considering long waited it.,-1
"dont worry, stranger thing continue stranger thing pursue there anything netflix love keeping famous series long living edit phone auto corrected wrong living, but would also work",1
amazing,1
"steve die, diedustin die, dieme yall die, die",-1
barb return,0
shaking watching death counter not himher,-1
im hard time believing 100 lb woman carry shoot gun like that. especially untrained.,-1
damn,-1
finale new year eve,0
gon call baby boo,0
ya,0
surely wont make dustin experience another eddie death scene steve right? right?!,0
look mid.,0
"die dustin steve, literally die too.",-1
"die, die.",-1
nancy shotgun definition badass women.,1
byler,0
vacna look like shahrukh fan,0
feel like vol 3 really gonna show everyone feel who gonna confess thing never talked,0
,0
die die,-1
die die know thay shit foreshadowing,-1
release early cant stand wait!!!!,-1
stranger thing lover attendance,0
nice,1
military still not using flame thrower demogorgans?,-1
u better not touch steve dustin,-1
omg,0
"die , dieoh heck nah need stay alive",0
cool steve dustin!!! but better not die!!!!!,1
ready heart,0
yo! bout determine ill merry christmas fr,1
055 nancy walk em wheelerr,0
no no!! nobody dy,-1
literary one finest trailer,1
die die,0
going insane. cannot wait anymore.,1
doraemons anywhere door,0
nobody die please,-1
think film not good but watch 2025 understand good film english language not good,-1
"chat lock in, lock freak in, bout get lit , forget present morning. im gonna watch first thing.",1
steve dy season 6 chapter 1 vanishing duffer brother chapter 2 fall netflix chapter 3 massacre planet earth,-1
omg christmas lit,1
ok robin dying thank,-1
dusty wont able live steve dy,-1
damn... thats say.,-1
duffer brother said let traumatize one last time,-1
three word hell,-1
up.....sidedown... in....side..out,0
yoo,1
walk em wheeler,0
omg....speachless,-1
geeyyulp,0
119 running past vickie,0
"die, die. need shirt",-1
,0
"jump, jump.",0
steve dustin none dying swear god.,-1
steve death sure....,-1
hopper??,0
yaaaaaaaaaa,0
142 eleven breaking dimension not upside yoo t bouta tuff,1
seeing finale theater film event year!,1
cant believe really thought steve going get fried,-1
bro yall see way eleven looked mike bro something wrong,-1
32 bridge!,0
im bro,0
thumbnail ai netflix,0
ok may sound stupid but anyone else notice havent seen single scene jonathan trailer red orb thing appeared?,-1
"gon take die, die literal swear",-1
robin appeared 2 scene,-1
"forever stand fact release date dumbest thing ever, like wanted stretch could released one episode per week",-1
"im gonna say it, shot kali black widow sht bad as",-1
already cry,-1
caralhoooooooo,0
118 there no one thats going able guess next video channel is. spiderman 2?,0
136 hey no one dy,0
dead feel like,-1
derek isnt trailer,-1
"die, die",-1
,0
jonathan reverting british saying surviving,0
deadass one thought saw deadlight but red,0
sarah connor,0
hey vecna . peecheey hut,0
jonathan cooked,1
tf die die,-1
"die, die...",-1
peak omg!! no words..,-1
welcome derry better,1
favourite series,1
finale?!!! new year eve?! omg never knew,-1
robin dy istg,0
,-1
"eddie returns?......you die, die",-1
childish story even child trigger ak47,-1
im soooo exited,1
steve dy cry day el,-1
song mix fire,1
vickie better not die...,0
"russia, also waiting sequel.",0
omfg im hyped shit,1
"vickie go like bob demodog attack, everyone hearing me.",0
gonan replace em chrismas tear joy whatever shi mf give u,-1
"slime steve dustin, duffer getting slimed",-1
steve dustin dy im going back hbo max,0
nancy shooting special force soldier pretty ridiculous. one thing decent shot gun but whats supposed highly trained military personnel. soo ridiculous. isnt avenger,-1
no one talking vickie?? feeling shes getting slimed,-1
india attandance,0
thes si pewak griet vudo,1
"son absolutely love stranger thing he excited begging stranger thing themed stuff round year, even hellfire club shirt.",1
vecna giving mariahs carey,0
053 walk em wheeler,0
uuuuuffff uuufffffff,-1
steve harrington not making new year brochacho,-1
guy think cooked might wait till boxing day doesnt ruin christmas,0
"nah, stranger things. no one die. lol. maybe side character bite dust.",0
peak,1
,1
pure peak bro but stranger thing wait untill christmas bro serious,0
not making alive mentally,-1
136 die im going depressed christmas,-1
die die ahhhhhhhhhh help,-1
"people within hour release watched this, say",0
mindflayer surely final villain,0
swear dustin steve die.,-1
please not tell demodogs,-1
"steve dustin dy im hiking top mount everest throwing tv scream clouds, whyyyyyyy!!!!!",-1
040 el sister season 2?,0
,0
christmas aint gonna fun cheer.,-1
im obsessed,1
wait guy listen eddie dustin died demo bat see steve dustin demo bat them.,0
"f supposed mean die, die? no pleasseeeeeee",-1
cool!!!,1
wow stake way higher,1
"die, die????steve harrington better not die!",-1
nobody talking murray actually alive.,0
please dont die,-1
annoying release schedule smh,-1
"finally, fake volume 2 trailer come end",-1
dustin dont dare,-1
better not boring mothafuhers,-1
yall imagine patty newby help,0
"die, die. dont",-1
let turn vecca rightside 67 axe oblivion,0
three episode better 75 minute long,0
im sooooooo excited omagah,1
135 wait what? couldnt happened....but steve saying dialogue back dustin no....dustin steve alive till last,0
steve die diedustin die die,-1
body ready.,1
no steveeee,-1
dead light,0
nah man didnt make trailer hyping season 4 trailer much better,-1
finally nancy gave shotgun,0
walkemdownwheelerrr,0
im literally gonna remove netflix acc even try send either one steve dustin ok bye see christmas day buddy,-1
"die, die",-1
vecna shut time always time,0
steve dusty bun gonna die,-1
byler byler byler byler,0
ltrly watching going school,1
"die, die.uh no thanks. reject option. live. please thank you.",-1
insane,-1
bangerrrrrrr,0
kali not really el side?,0
perdictions wil die steve hopper dustin lucasmax staff wil die hospital whole city wil torn apart red robin girlfriend,-1
"upside down, soldier v gang",0
"die, netflix subsciption dy",-1
,1
going littt,1
"not gonna lie, im little worried steve.",-1
exciting!,1
omg byers main character ily,1
many series come gone..... but extremely next level....,1
shit going total flop watch much explain explore inna limited amount time have. feel satisfying wrapped inna bow. many topic unravel explain.,-1
im not ready whats coming,-1
whoever edits trailer deserves raise,0
eddie!!,0
crazy christmas gift,0
iam curious,0
"holly outfit look much like ivy village. got brave girl facing fear vibe going, but hopefully no stupid twist like village.",0
god please protect steve dustin,1
anybody know time christmas?,0
dustin steve dy ill make sure netflix change fate smth else im livestreaming finding duffer brother location leaking,0
dont dare die die,-1
118 119 robin vickie,0
"one person wil standing, wil crazy, 01 feilng know last one standing 008",0
steve dustin dead.,-1
"dont know else post so, random theory henry actually still hiding mind flayer. claimed shaped but thats flat lie, actively trying retake spot dimension x henry stole it.",0
"swear god steve dustin dont die, ill pissed. thats rich emotional manipulation waiting harnessed. make hurt please lol",-1
wait see get possed agian,0
fastest 2mins life,1
hold attack el,0
"gonna cook 2 remaining times, series come end, miss prime time",-1
118 robin attacked demondog pls no wouldnt netflix,-1
steve,-1
ill give yall challenge name every time vecna said time whole story trailer,0
steve dustin dying apparentlyokay,-1
obvious gonna nancy catching stray bullet since shes always trigger happy,0
not steve,0
get it. happens stranger things.,0
cant wait,1
"steve die diedustin die dieme die die, im dying two time",-1
"end, harry realized mind flayer behind everything, decided sacrifice end all. imagine scene truly epic.",1
really one season much.,-1
die die ass.... better not touch,-1
yeap. going destroy u,-1
die die oh hell no netflix.,-1
expecting something agin,0
mr. whatsit?!,0
kit look like theyre late 40 5 marriage,0
ayy soo good cant wait out!,1
season pls,1
"rename last season friendship thing because, first part pure garbage.",-1
please nobody die,-1
nancy become badass. shes going beast mode happened mother father.,1
die dienooo nooo,-1
noooo stevee not dieeeee pokonyaaaaa,0
,1
im going sad show over.,-1
die die,-1
look surprisingly upbeat. like no one dy,1
john cena gonealso stranger thing ending,-1
die die,-1
vickie die like shot rip,-1
"mean. saw it, stranger thing nothing.",-1
shake dread shake dreads!!!!!,0
look like strangest thing,-1
scary thing im seeing trailer dustin steve said other! better not die,-1
"die die absolutely not, yall better not, actually started tearing",-1
started it. end,-1
watching got anxiety roof,-1
gidddamnnnnnnnnnnnnnnn,0
netflix,-1
max wake uppppppp,0
136 die die og partner come together,0
look absolutely horrible,-1
nancy walk em wheeler,0
swear holly dy die,-1
lot head cannon moron,-1
holy peak unprepared season,-1
die dieme getting flashback season 3,-1
uwahahahahahahahahahhahahahahahahhahaa,0
omg!,1
let go!,1
"steve gonna die, foreshadowing dustin killed playing starwars steve",-1
040 eight back!!!!,1
"eleven eight hardly shown trailer, im guessing thats went portal cannot revealed yet time traveled",0
10m view,0
,1
yeaaa steve dead af,-1
no die no die please,-1
put 2x speed,0
hope get see mind flayer,0
steve dustin better not die,-1
"im excited christmas. dont need present feast, give stranger thing",1
havent even watched vol 1 gang,0
somebody important gonna die.,-1
steve dustin rip. rip jonathan not even 1 sec trailer,0
"was, always never ending story",1
moment make thing stranger,0
nancy walk em wheeler!!,0
die die,-1
"jump, jump.now die, die.okay, love story.",0
waiting,1
"yeah, steve definitely biting finale",0
let f goooooooo,1
"im not nearly excited netflix. blanket takedown reaction channel follow. protecting ip one thing, but supporting automation negatively impact people thier best follow rule isnt flattering you.",-1
106 broo vickies dead,-1
nancyyyyyyyyyy,0
jonathan??,0
"die, die.if yall die, die",-1
055 yesssssss,1
im excited volume 2 early watching philippine server 900am pht,1
im... vecna grow wing tripin????,0
nancy walk em wheeler,0
max escape!?,0
trailer giving goosebump,1
026 guy remember peacemaker season 2 last episode,0
dont want finish,-1
whoever gave nancy gun genius,0
netflix die show keep company popular,-1
"steve die, die dustin die, die die, netflix subscription dy",-1
please good,1
marvel got nothing stranger thing,0
wait till derry finished ijbol,0
dont die guys?,0
,1
mileven forever,0
wrong set people talking die die,-1
wish could release theatres....they shouldve released episode theatre gap one week,0
show rainbow enjoyer incels,-1
cooked chat,0
im scared trailer,-1
gun fight sounded like music,0
steve bro not dying,1
gracias netflix por destrozar la serie con vuestra secta lgtbiqpluplu por tres put0s degenrados,0
leave robin vicky alone forever grateful. need lesbian okay.,1
gonna mad steve died,-1
im already cry not even yet,-1
omg im excited!!,1
dustin steve guy better not die,-1
guy,0
041 scene prob henry realises holly max,0
trailer editing boom,1
vecna looking worse worse volume wonder,-1
12 dying sure,-1
henderson harrington,1
r waiting,0
im excited,1
vecna bowing head end trailer. 145 something big coming,0
epical trailer,1
yooooooooooooooooooooooo,-1
stranger thing 5 vol 2 best netflix series ive never seen life!,1
"stranger thing fan..wow, wow trailer. scale whats going season 5...",1
season three reference im dying,-1
die die no plz,-1
"106 anne shirleys long, long way avonlea",0
"crazy amount people watch show, watching completely different show. yes, im talking delusional bylers romanticizing little kids.",-1
omg cant wait,1
think steve gonna died,-1
im glad see dustin steve better friend againi sure hope nothing bad happens...,1
look sickkkkkk im excited,1
point feel like movie. magnificent movie,1
yo duffer brother dropped coldest tv show forgot give u blanket,-1
118 falling sky?,0
,0
no holly vecna noooo,-1
nancy wheeler badass are!!,1
"die , die",-1
chat eleven sister fell love trust,1
"bruh byler wont happen, ill cry sleep. poor already went much",-1
least 15 20 network studio passed stranger thing netflix picked,0
byler endgame byler endgame byler endgame byler endgame byler endgame byler endgame,0
crap,-1
demogorgan getting shocked instead robin. less gooo,-1
made it.,1
"die , die",-1
got goosebump,1
cgi bad but look good,-1
everyone die,-1
"steve die, die dustin die, die noooo",-1
anyone but not steve dustin please. would decide new year man please,1
best best bestest everrr,1
steve dustin doomed,-1
calling holly willing participant vecnas plan screw everyone probably hopefully killing max process.,-1
yea robin f cooked turned radio tower max,0
"die, die fan die",-1
"die , die. no please",-1
peak die die,0
108 forshadowing ? robin mike,0
want christmas murray get offscreen death thats never mentioned brought again. please duffer 1 2,0
"hope cut gay stuff robin , focus actual story please please dont make mike gay",-1
peak,0
uh oh rest comment teleported,0
really draggin out. lol,-1
rip rockin robin,0
heart down. 031,0
"u die, die. neither u die",-1
oh yeah byler definitely going happen,1
must protect babysitter costs!!!,0
first half season actually really bad. hopefully bounce back big way.,-1
holy.,0
"no no. no dying. going happy ending, everyone going live, god damned waterfalls!!!",1
man finally ending.. die die,0
"die die maybe scariest thing dont wanna hear, dont wanna see gone",-1
le go,0
jonathan dead bro,-1
finally vol 2 coming soon,1
vecnas cooked twin,1
walk em wheeler,0
damn nancy guns..im constant badassery,1
let gooo,1
biggest question yet return dart,0
045 dark series vibe,1
,1
"107 theyre still clothes, robin mike !. unless dont change long time, well see will power probably 1st ep vol 2",1
who ready deathss not. me!!,-1
never wanted christmas,1
steve die next second leave series no matter end,-1
holy peak,0
"caring ogs season 1 cast okay but robin part that, dy shock jock",-1
boom,1
dissapointed volume 1 but hyped,1
,0
thats pretty strange! but ive seen stranger things.,0
wtf... kerrigan form?,0
spoiler vecna gonna lose,-1
eagerly waiting,1
"die, die. please neither die!!",-1
normal fever dream,0
papa want movie,0
volume 2 gonna break heart know it.,-1
song thing theyll make popular months?,0
ready watcchchhhhhhhhhhhhhhhhhhhhhhhhhhhhhhhhhhhh,-1
die die hit hard,-1
great everyone dieing,1
get goosebump every time...,1
scene dustin steve looking damaged roof something. looked like something big taken bite,0
mean?!! die die?! no dont dumbasses?!,-1
upppp,0
no one talk fact 8 back sooo freaking tufff,-1
bylerrr??????,0
or. live happily ever after?,0
oooh cant wait!!! yet dont want end!!,1
knew thumbnail,0
diana gonna make coin,0
bro cant wait,1
diana ross music upside,0
dustin one going die..,-1
crazy nancy hunting,0
anyone mf not gay,-1
nancy transformation rambo next level,1
endgame vibe,0
really,0
omg finally kali help,1
officalseason 6 episode 1 vanishing duffer brother,0
"hope holly max get everything fine them, otherwise trailer show killed forever, but max finally dies, die myself.",-1
people better start dying not going realistic,-1
duffer brother know cook!!!!! dayummmm,1
who monday.,0
cant wait !!!! end near bitter sweet moment,1
daammnn got nipple chill,1
know not relevant but found 60 dollar shop day handed think im proud,1
im mortified wtfffff,-1
steve dustin die,-1
"age ive saying literally wrote remember one thought process of, take dustins die, die s3 literally like could metaphorical, like steve physically dy take mentalemotional toll, dustin mentallyemotionally dy literal, like steve dy dustin refuse leave body despite danger even steve unresponsive, end getting killed cross fire fight background also dustin wouldve leave eddy body upside down, right? so, doubt would wanna again, especially steves bodyor vice versa either, think work better way wrote said again?!??! swear, ether steve dustin dies, die.. cant really see another outcome unless oneboth get injured put hospital",-1
"guys, much hate say it, already know robin gonna die",-1
honey singh fan thought something different volume 2,0
025 thats doraemon door,0
"im glad dustin steve got issues, but im scared theyre gonna die.",0
"look grand like dont know describe but huge ohh steve dustin die,i die not readynancy gun ohh myy el kalii",1
"hopefully die, no happy ending",-1
"excuse me??? die, die??? think tf not",-1
034 nancy shooter mfin wheeler,-1
"little screen time steve has, terrified",-1
steve u die l die dustinu die die meif anyone dy die,-1
steve dustin cooked yo,0
"first time, series trailer using intense music..... going hell ending fabulous well written duffer brother co. cant wait marvellous twisted cinematic ending st.",1
"damn bout 10years since show aired , wtf time flew",-1
008 back,0
f0ckkkkk screamed saw this!!!,1
032 wtf,-1
die die yall die die,-1
"say karen wheeler save world new year eve, slamming wine bottle first dramatic effect.",1
dunno man look bit shit theyve given game away already,-1
adrian,0
bro mean everything knew upside wrong? im confused,-1
byler,0
bro first think glitching henry ted wheeler stair first?,0
absolutely despise whole volume nonsense. either release release episode week. dont release wait week end another couple episodes.,-1
die tooo,-1
"im calling bunny hops, dusty bun , hairspray dying.",-1
no robin trailer,0
cant wait spinoff 2085.,1
,1
die die?????? noooooo,-1
henry glitching vecna looked cool yet freaky,1
yeah,0
"no, not dusty bun",-1
upside,0
yeeessssssssssssssssssssssss,1
yooo let gooo,1
136 better not die im suing .,-1
136 fivk mean die die stopp,-1
didnt like lack screen time hopper,-1
byler... save me...bylersave byler,0
ohhh myyyyyy gooooooood!!!!,1
finale.. done,0
cant wait 25 december seeing,1
im calling fin spoil dustins death but yall wont know fact real not come non spoil spoil,0
really hope steve doesnt die but feeling especially end beginning playing,0
136 mother enjoying time son,1
clip lucas sheltering obviously still unconscious max?! goosebumps.,1
die die shaking,-1
make vecna transformer,-1
dying,-1
die die sound bad ending,-1
really dont think demogorgon hospital vickie think finish started......,-1
end era,0
peak,1
thing scare jonathan isnt,-1
die die,-1
robin whereeee,0
im excited find max not wake blind,1
yeesssss,0
die die steve dont die,-1
"die, diethat",-1
hope show less robin 2nd half. shes not og character getting screen time steve dustin lucas combined,-1
kid still need plan save holly physical body vecnas lair even escape camazots max.,0
hope dustin die,-1
world love show dang much,1
"054 ah yes, typical nancy always holding gun.",-1
126 146 vecna,0
ohhhhhhhhhhhhhh noooooooooooooooo,-1
"steve dustin dies, duffer brother aint gonna found",0
ever assumed upside down.....was totally wrong,-1
imagine season 6 come,0
hire,0
"give avenger endgame level vibes, whatever take coded.",1
,1
smell epicest epic endings!!,1
110 nice jurassic park reference,1
die die,-1
not like bopper,-1
absolute cinemaaaaaaaaaaaaaaaa,1
056 nancy switchemdownnephew wheeler,0
die dieegot dyingg noo,-1
gut tell season going break u,-1
season five gonna seven membrane,0
show insane. mother hatchet defeat demigorgon but whole military squad cant beat machine guns. somehow gayness make able control monsters???? writing shit.,-1
".? ,",0
"get it, vecna aint villain.. yall making obvious now, trailer like spoiler point smh.. steve probably dy tall as tower sacrificing lol",-1
finish series already,-1
"excited, but im also not ready say goodbye...",1
ahhhh freakn exciting,-1
die die,-1
love upbeat song background! totally fit vibe,1
please change el costume even volume 2.is producing team budget even costume,-1
netflix really trying take time.,-1
one last time,1
118 omg demo heading straight shayla robin?? not peaceful christmas gang,-1
gave nancy big gun! copy discover commercial give flamethrower.,-1
"wtf, netflix makin everyone wait watch riddiculous!",-1
die dieme better dont die,-1
053 thought nancy badass shotgun. im attracted assault rifle!,1
oh bouta peak,1
steve die die dustin die die,-1
literally flipped bed saw glimpse using power,0
vecna bout get hand,0
traumatized lol season brutal,-1
"well, im psyched ever see ending. looked amazing.",1
"holy shit, real thrill, got ready excited blood pumping it! im many unanswered question cant wait finale",1
steve dy 100 yall im sorry.,-1
strong gut feeling steve definitely gonna die time,-1
"dear internet, not upside stranger thing playlist, time find it!!",0
119 vickie might cooked,-1
max gonna runnin hill new year,0
149 nancy rambo,1
whatchu mean u die die???,-1
keep rewatching im excited stair scene henry glitching one make impatient wanna watch ittttt,1
la mejor serie del todo fuking mundo,0
118 demo attacking robin hope doesnt die,-1
look insane,-1
not looking good steve dustin rn.,-1
"cant wait find out, but question dragon show venca master deploy mind flyer dragon would best villain deploy",1
witness peak.,1
123 get away baby holly get wheeler house vecna,-1
"steve, dustin, robin die idk life",-1
losing 4 character 2 kid main gang 2 side homies going down. feel big toe,-1
"die, die die too.",0
cant remember name but robin gf bouta either get slimed gonna clutch,0
ive never wanted christmas come faster,-1
148 think said training season dua lipa helppp,0
fact netflix philippine trailer 170 comment 17k comments! like video bro!,0
136 make scared,-1
time shut hell,-1
die die? entire time weve hmm well steve dustin r fight who gonna die itll prob one hmm j netflix like haha mf,0
glad see dustin steve friend,1
upside music always point,1
die die wdym,-1
105 robin no please,-1
time. new world,1
107 let gooooooo,1
henry vecna to.,0
049 fire sync,1
steve dustin not say please not die,0
"die, die no steve",-1
nooooooo steveeeeeeee cant ima cryyyyyyyyyyyy,-1
050 burned rements star court mall?,0
118,0
oh gosh robin girlfriend semi important yaaayy,1
yees best duo back,1
spoiler gonna die,-1
steve dying,-1
got chill watching trailer,1
omg nancy reaching whole new level badass,1
smash,0
"steve dies, die",-1
time.... everytime bro,1
108 okay theyre clearly broken frying,-1
eddie better come back,0
last volume?,0
let goooo!!,1
cant wait this!! hawkins trouble vecna back looking scary eleven gang make final stand hiding blanket like netflix dropping heartbreak epicness time gonna change everything know upside down!!!,1
christmas yet,0
vecna dead?,0
"screwed, im 80 sure either steve dustin die",-1
t getting reaaal,0
ever since said use ky lube vecna outfit make shiny chuckle.,1
no way,-1
excited volume 2,1
watch,0
nobody die please lol,0
milked last dance huh?,-1
like bullet perfectly rhyme song playing 050,1
look good steve dustin fine ahhhh,1
end beginning,0
showed date release showed like pretty much everyone together planing something hear crack look back say sync shocked eddie?!?,0
"vecna aura farming season , time",1
dustin steve die dieme die die wtf,-1
damnwtf bruh,-1
vecna going full sarah kerrigan,0
wanna see mike action. little snippet elevenlooks like he going war.,0
"bro someone dies, im crashing bro, im going cry",-1
nancy certified savage,1
"please dont let steve, dustin, hopper max die",-1
absolute show,1
please end goto college never see again...,-1
nancy walkem wheeler causing problem military,-1
omg,0
mean die diee noooooo,-1
,1
wdym finale new year eve,-1
...,-1
rip steve,0
hawkins hitmakers,0
cold war aether portal stranger thigns,0
holly max duo carrying season 5,1
dustin definitely dy,-1
im excited finally get levelledup will. he no longer sad kid get possessed time.,1
anyone know song used trailer?,0
steve dustin gunna daiiiiiiii nooooooooooo not genocide supporter,-1
136nooo please,-1
s3 ep4 4059 literally cry,-1
absolute cinemaaaaa,1
no one gonna talk will voice crack? failed. never stood chance. sound like question.,-1
el seemed annoyed mike...mileven dead elis finally gonna permanently break,-1
"vecna time.. dont want lot christm... oh wait ,nevermind.",-1
forever miss era. ive stranger thing fan since 2017. sad see ending,-1
volume 1 terrible look like volume 2 going much same.,-1
wow,0
mudshark max,0
everyone thought vecna bos,0
cant waittt,1
"said line s3 omgomg pls no u survived then, u survive now!!!!!!!!!!!!!",1
vickie better not die dont play,-1
steve dy steve dy get bruh,-1
duffer brother genius,1
fear vicky isnt making season,-1
netflix edging u rn,1
editor really coocked,0
nancy walkemdown wheeler return ammo pooh sheisty,0
q ya sea 25 de dic,0
"omg, nancy badass",-1
"steve die, die",-1
nancy walk em wheeler de assault rifle,0
know one die,-1
10 hour ago!!!,1
"steve die, die.dustin die, die. yea life",-1
cheek,0
nancy walk em wheeler,0
wow going g cool!! 143,1
use telepathic power force mike hand pants.,0
106 omg vickie get know truth,0
"die, die gonna happen cause mike said hot one dustin dy no one want happen but itll prob happen",0
tufff,-1
111 get jurassic park moment let gooo,1
"die, dieno no no",-1
smart realeasing christmas swear,1
,1
bro,-1
im proud exited,1
like gay dude no one ever see comment though,0
cancelling membership over?,0
yeah gonna number netflix,1
not redeem!!,-1
die die hit different season3,-1
vecna bowing someone end trailer?,0
"die, die oh hell no.",-1
there no way 80pound girl wouldnt blown away recoil. make nancy one gun? make no sense,-1
im ready !! gonna epic! get ticket see finale nye movie ! gonna insane!,1
mean die die,-1
let breakdown begin!,-1
"insaneeeeebtw steve die, die",0
volume 1 boring seemed like actor not interested. hope volume 2 brings back charm made show popular.,-1
w,0
netflix really gonna give u tear pain christmas...,-1
"feel like steve dustin dying fitting end characters. steve already really likely die opinion, but steve dies, whats dustin gonna do? hell go full depression mode. idk dying together fit but something really dangerous important",-1
chat reeeal,0
better not die!!!! would punch hole universe,-1
kali back,0
136. hell nah,1
lot jonathan speaking . hrmm make wonder he not making,0
genuinely holly gotta go.why risking life irrelevant character,-1
whoever making trailer year need serious raise.,0
105 no not vickie pls,-1
hope non character die,0
indian fan attendance please,0
nancy walk done wheeler back,0
die .. die,-1
yo soo. ep 6 called escape camazotz huh?,0
idk man feel like shouldve ended season 4 random might low comprehension skill though,-1
yo soo. ep 6 called escape camazotz huh?,0
wowsa,0
better video table read one,0
anyone anyone aside mike dy ruining christmas everybody!!!,-1
,1
steves gonna die,-1
.,0
shit finna hit,-1
yes,0
max back!!,1
trans papa still alive,0
sure... shall see...!!! far truly disappointed...!!!!,-1
dont dieeeeee,0
bro either steve dustin die im gonna km,-1
"vecna glitching stairs, show mind flair connected not bad. mind flair bad might help team.",0
"135 shut mouth, steve. not say",-1
human formed bats?! excuse,-1
cant wait vol. 2 season finale,1
"die, die.",-1
um no not die die none die die,-1
136 im even scared steve dustin,-1
111 cant one think demo look weird af right,-1
"know sure steve not gonna die. remember finn wolfhard saying btw, dustin dy ahahahaha, kinda mean dustin wont die, right?? math...",0
"die, die.i not ready",-1
im really excited will new power upgrade,1
drop right welcome dairy,0
hope die. murray goat,-1
"whole time, everything weve ever assumed upside been, dead wrong. oh !",-1
amazing series,1
die dieshoot me. anything would less painful this.,-1
oh no delightful derek?,0
holy mother god im binge watching,1
w trailer anyone excited,1
dont let steve harrington die,0
damn milking it! wait new year eve watch finale. thats actually stupid,-1
"volume 1 saw hindi, but seeing dialogue deliverie change plan volume 2. die die cant translate like man.",-1
"walk em down, wheeler back!!!",1
nancy look like gabbar singh sholay,0
transformation henry vecna,1
always time vecna lmao,0
ummm scene 050???,0
10 buck say theyre going turn vecna sort sob story character he going try go back time prevent younger self ever influenced entity,0
oh man eating good christmas btw guy exam end 23so im eating double good,1
"que die die la pelota ninguno se muere, estamos?",-1
"let tell somethin! world, knowledge going down, couldnt stop warning friend family!",0
,1
"spoiler, even tho release christmas doesnt mean santa it!!!",0
episode left moment truth next year.,0
vol 2 trailer btw,0
incompetence military show reached walking dead level,-1
nancy assault rifle awesome!,1
anne e?,0
netflix give u rest show aready danm,0
not show noah,-1
omg !!! amazing !!,1
excited ahhh,1
sheesh,-1
think know steve hop going die maybe both. im not ready,-1
dropped phone came watched,-1
anybody saw murray getting shot,-1
fact vol. 2 coming christmas vecna said time. love line much,1
nancy archer wheeler yes know gun but projectile weapon,0
im super excited volume two christmas.,1
diana ross uffff,0
106 vickie better not die,0
kugelblitz?,0
omg,0
vickie dy im gonna feel bad robin. vickie dont die please,-1
mom go college.,0
marvel movie now.,0
gay,-1
thank posting,1
let finish year bang time,1
look absolutely insane!!!,1
,1
1,0
"die, diewhat no no neither dying",-1
predict robin dy dustin dy dy potentially steve reverse psychology,0
bet thing painted barn door rib cage monster nancy saw vision season 4. table read duffer referred rib cage like thing,0
119 robin dead,0
walk em nancy again!!!,0
favorite part trailer dustin said dustining time! proceeded dustin place slimed henry love game,1
care shit as,-1
holy peak,0
"die, die whaaaaaattt no no no no no no no",-1
know big thing happen last season,0
oh god,-1
nancy cool ever,1
finale amongst u back,1
im not ready say goodbye,-1
"let start petition!duffer bros shawn levy, please make rightside getting turned 3hrs epic battle finale movie get theatrical release soon get 3d release theater let stay february get hard r rated due violence, bit gory, foul language get distributed paramount picture but use 80 style logo since taking place late 80 ask pop star singersongwriter charli xcx write original, emotional 80 song order based series film joe keerys djos song end beginning ending song show movie make end credit emotional, similar like twilight breaking dawn part 2 avenger endgame add actor character saved main one last.",0
im afraid will character might lose eye?,-1
people still hyped this?..lol,-1
side down!,1
lisan al gaib... mean one... mean shining. theyre going triple team vecna,0
yudai aidai,0
take threat steve dy case u,0
going peak,1
"die, die no thanks",-1
"plz dont die steve , dustiban",-1
hell yh,0
die. die yall better not die pleaseeeeeereeee,-1
nancy!!!!,1
im already crying!,-1
"swear show bouldergate , three made get much im sitting waiting see going lot like character also hoe much one wanna bet max wake last episode part 2",1
"kali not useless, got gold buzzer directly go final",1
man bet diana ross got cut big check,0
omg maxxxxx,0
wdym die die,-1
dont like look,-1
wheres dipshit derek!,-1
robin not shown enough dy im not leaving room two year,-1
die die scared guy,-1
ohhhhhhh god!!!!!!!,1
stop drip feeding give u show already cancel subscription,-1
ahhhhhhh,1
experience marvellike moment everyone come together fight vecna?,0
duffer brother expect go enjoy christmas dinner sobbing?,-1
broo not waiting new year eve,-1
die dieif die die,-1
dustin steve diesnetflix subscription dy,-1
,1
one feel trailer lot spoilers?,-1
"gotta love fanbase want no stake finale season big show. dont necessarily want anyone die, yeah, but need big deaths. im genuinely getting tired massive plot armour kid have.",-1
im excited christmas,1
tuff,-1
lebron,0
die. die. locked,-1
reminds lot dark many ways!! maybe duffer took insporation it! excited,1
"die, die make cry car",-1
dude good cant wait feel like eleven wil die tough well see,1
nancy turning full sara connor dope,1
"time long time. cmon vecna, dont sing it, bring it!",1
eleven unlocked 3rd facial expression yet?,0
omggg j fricken realized gonna stuck another cliff hanger,-1
die die gave season 3 flashback heart,1
eddie hold guitar,0
"finally, trailer thats not ai",0
dustin steve speaking u,0
oh im excited but also worried,1
012 side,1
let go,0
10,0
122 124 124 124 124 124 125 125 125 125 125 126 126 126 126 126 127 127 127 127 128 128 128 128 129 129 129 129 129 129 129 130 131 131 131 131 131 131 131 131 132 132 132 132 132 132 133 133 133 133 133 133 133 134 134 134 134 134 135 135 135 135 135 135 136 136 136,0
055 nancy walkemdown wheeler,0
doesnt show mike kissing?,-1
steve got drip gng,0
volume 2?!? freaking christmas,-1
obituarystevedustineleven,0
ughhh steve dustin dont,-1
oh hell yuh got walk em wheeler da mf cut!!!,-1
there real interesting lack jonathan,0
first neither dying!!!!,-1
yall slow video nance come shes wearing johnathans jacket look like dy will gonna lose shit flip thats gonna huge turning point not mention starting get close tinkvecna also definitely related joyce henry love thing might affair baby .. tink ..,0
cooked,0
song name?,0
"vecna last two season time ,",0
holy shit gonna epic season,1
saddest thing stranger thing never vibe like s1 s3,-1
come baby!!! go hellfire!!!,1
no word trailer,-1
wtfffffff,-1
welp im canceling christmas,-1
107 feel like thats also scene scream ruuuuunnnnnnnnn,0
getting bit preposterous point. early season worked precisely strangeness occurring backdrop normality. lost charm. ill still watch probably enjoy it.,1
finally found real trailer not ai one also im scared,-1
die die? die die?!,-1
10 days!!,1
"that, military still somehow thinking kid bad something? yeah, smoke em nancy.",-1
nancy season 1 til transformed total bad as loving every minute dammit!!!,1
im canceling netflix subscription steve dy,-1
turn heel,0
"die, die. finally, alright.",0
steve dustin give todo yuji vibes.,0
excited,1
guy steve dustin die locked bedroom forever never coming,-1
054 110 love walk em wheeler,1
scared even heard failed. . remind come back watch later,-1
everything ever assumed upside been... dead wrong. chill,-1
hope steve dy,-1
say ive seen stranger thing but nothing gonna get stranger,-1
"people saying steve dustin going die, forgetting stranger things? show many fake death main character lot plot armor yet think going die. fr rn",-1
murraayy aliiveee,0
anyone else see demodog jump robin?stopppppppppp,-1
"not sure die, die pointed trailer confirms denies possibility dustin steve dying together",-1
119 demo running towards robin,-1
let go nancy!,1
got bad feeling dustin steve gonna die sure volume 2,-1
look terrible,-1
guy,0
"shouldve released once, ya rubes.",0
"117 look like eye background, looking us.",0
054 sync tho,0
nancy better military trained soldier stranger thing ridiculous time,0
hope none die,-1
"dustin, steve, max, lucas, robin die die",-1
better not die im deleting netflix,-1
good,1
shit boring expected better,-1
"hate say this, but someone probably not making volume.",-1
look peak,1
136 no one darn die please.. 139 definitely not two,-1
mean new world?! nah keep upside,-1
epicccccc mfer j cant waaaaait,1
"imagine mind flayer appears freakin hydra dragon get see will painting action. season gonna cinema!!!or ...we might get villian arc he forced become vessel mind flayer, horrible things. mean ... leave coat barn freezing cold? remember someone liked ... cold.",-1
"sarah connor, forever typecast linda hamilton...",0
no byler trailer,-1
know something bad happening. ill refer back comment watch it.,-1
please! best unleash eleven full potential!!,1
seriously need know hell gonna die said major character gonna die need know,-1
,0
el controlled mind flayer shadow,0
"gunshot beat upside down???? ur honor, slaying",-1
thought fake second,-1
die dieeeeeeewtfffff would diee thissssahhhhhh omggg,-1
gingy still involved,0
david harbour jumpscare,0
name song????!!!!!,0
jesus love all. repent jesus. john 316. proverb 2528. pls research verse,1
better music trailer,1
time new worldsi honestly believe orb thingy gateway horror dimension like pennywise. think theyre actually going try crossover,0
bro last episode 2 hour shit aint gonna episode gonna movie,-1
bylerrrrrrrrr,0
omg,0
literally shitting im ready,1
millie turning chunky monkey,0
future tell happens,0
love dustin steve subscribe channel people steve dustin,1
steve dustin die dieme guy die season 6 coming episode called disappearance duffer brother,0
"uhm. what? die, die?! steve harrington dies, riot... riot ill cancel netflix subscription bc want watch anything netflix make killing steve mother effing harrington?!?",-1
doesnt vecna use flesh monster like sea son 3 anymore?,-1
peak,1
hey! dustin dy im afraid im going nuke netflix hq,-1
wtf goin,-1
im worried robyn,-1
"boy end era, loved boy",1
know main character gonna die,-1
door middle field definitely giving bad omen vibe currently....this amazing.,1
"whats happening hollywood actresses?ive seen starvation look spreading.not cynthia arianna anymore. look im healthy, definitely need lose weight but woman dont, healthy slim pretty woman theyre making ill.",-1
boy turned ..........,-1
106 stop dont tell vickie dy cause dy robin gonna heartbroken like dustin eddie died duffer brother better watch 139 eleven dy part dy,-1
holy shiiiiiiiiiiiii,0
thats cool but need make plan 80 episode right,1
popping chocy milk,0
said survive must work team didnt recognize voice.,0
"vecna like mariah carey st time. thats reason vol. 2 gonna released christmas, guess",1
someone going die!!,-1
okay finna foreshadowing but dustin steve finna die gng,0
portal dimension x? interesting...,1
"die, die moment gave literal full body chills.",-1
need right,1
"dont think main character kid die but worried robin girlfriend.... remember steve dustin saying die, die earlier season think callback.",-1
let see stick landing,0
rewatching,0
"dear netflix imtroduce idea binge watching shows, start splitting seasons. worst kind fan baiting gouging. want make money user give option pay avoid split season, payperview event id call stranger thing season pass.",-1
mid af,0
version song peak,1
murray alive!!,1
"well, feel spoiled, haha",-1
,-1
omg im hyped right guy dont understand maybe,1
steve cooked,0
,1
heh theyre saving byler scene right? byler better endgame ill cry,0
eleven harus lebih banyak screen time dan spotlightnya.,0
s1 good,1
not ready,-1
season 4 volume 2 trailer still undefeated.,1
mention dark series animation dimensional door. good!!!,1
welcome derry better,1
no way steve dustin die. mislead engage fans.,-1
nancy sick gun tho,-1
"die, dietheyre gonna die",-1
"dont die, guys...",0
best serie ever really make sad thats basically,1
son bitch thats insane,-1
anyone notice gun fight music 050...it amazing .... nancy cool,1
"got tshirt, got surfer boy pizza let gooooooooooooooooooooo",1
love movie else does?,1
amazing show swear,1
026 monster inc. reference,0
controlling recoil gun shes skinniest woman ive ever seen,0
im bouta eat dis chick fil aaaaaaaa,0
walk em wheeler,0
gave nancy gun,0
105 vickie??,0
duffer swear god die die,-1
shut mareomadso,-1
die die mean dying,-1
no steves gonna die know no no no,-1
think 3 headed dragon aka ghidorah,0
019 robin.,0
people whining steve dustins relationship proven wrong lol,-1
vecna many time gonna time give u break,0
lest real music not good,-1
026 wait! look peacemaker somewhere here. get out!,0
please tell nancy catch body,1
bro stave look cute say die die but cant dieeee,1
nobody going mention eddie not dead clearly plain sight?????!!!,-1
cooked omg freaking scared,-1
vecna say time r cooked,0
jesus love,1
one think dustin steve wont die,0
okok,0
put demogoron electric chair j take,-1
gonna die,-1
137 sobbing. nooo,-1
swear robin dy,-1
"incredible, cinema!",1
cant wait,1
fire,0
bro im gonna binge watch,1
oh fcking god know someone die lol,-1
sooooo excited oh god,1
steve fan lose dy but dont think happen not yet,-1
dustin steve die riot,-1
writer room full incompetent dipshits,-1
giving nancy gun best idea anyone ever,1
havent watched stranger thing since first season binge watch great show also,1
"hope die care good season first one, show not good",-1
someone give natalia dyer action movie like right now! killing action star! need linda hamilton team another movie!!!,1
dont know im im ready not got lied. nawt ready im going scream,-1
054 comedy??,0
havent cared since season 2. kid like 40 year old now.,-1
"fym die, die like better not die",-1
yaaaaaaaaaaaa,0
there severe lack steve trailer im scared asf,-1
wdym die die,-1
final countdown,0
sooooo.. cooked,0
"please steave dustin dieeee, die wateajiiii",-1
better leave robin vicky alone istg,-1
bro,0
"poop, poop",-1
"fck mean die, die",-1
getting dark vibe 030,0
"im willing bet steve dustin die, cause steve die electrocution based theory, steve dies, dustin dies, nah im gonna cry",-1
109 mileven endgame,0
wait robin hospital vickie military too..,0
steve dustin definitely dying,-1
146 vecna look like donald trump kinda lol,0
"steves cooked, gg chat",0
"damn, got demogorgon electric chair 135",-1
nancy walk em wheeler,0
wheres goat ted derek,1
nancy badass!,1
insert gif tina belcher twerking.,0
"steve dustin saying die, die nooooooooooooooooooo",-1
imagine vecna coming 122 hear mariah carey say iconic tiiiimmmmeeee,1
robin girlfriend one dy,-1
steve s4 vecna clockmaker?vecna s5 time,0
sick tired kind trailer editing,-1
guy im saying now.i think dustin steve gonna die verge death,-1
bring back billy plz,0
miss nancy walkem wheelerrr,1
anyone else praying dustin eat death?,-1
time stopped cowering add stake already. plot armor roof.,0
die dieouhhh god no,-1
baby demogorgon adorable,1
120 fred nancy journalist partner s4?,0
,-1
not even finale clip oh shoot t gonna crazy,-1
"season 5, flop!",-1
"die, die oh no",-1
think not good idea watch christmas,-1
love spoiled everything but didnt time,-1
damn man steve b8r not die fr,0
"surely everyone agrees still watching kinda to, wed wasted time previous seasons? dragged long non character feel engaged",-1
going finale century.,1
like comment cant wait too!!,1
noooo dont want dustin die,-1
lucas??,0
"dustin hug someone quick second, wonder cgid cant tell eddie",0
"like idea going back time season 1 came telling fan next four seasons. heck teaser would make no sense, like nancy ak crazzzy",0
uk suck lol,-1
g,0
delightful derek.,0
please please please bring eddie back,1
hype,0
"absolutely no flippin way. 139 real, everyone. gonna go take break life hot second.",-1
cant wait see ending,1
136 please dont die,0
eddie,-1
omg christmas come right nowwwww,1
"die, die nobody dy",-1
"dont want steve die, but character show he literally death make sense bc character arc. anyone else died wouldnt care. die better death worthy remembrance better die fighting vecna",0
bro cant waittttttt!!!!!!!!!!!!,1
confirms thought. lab hiding something big. government making something,-1
una cagada,0
"die, die.dont dare duffer brothers! dont dareee",-1
"die, die foreboding",-1
000 already banger,1
no one main crew die,0
"die , die think carefully youre doing, netflix",-1
"goat ted, still doesnt lock like thought, cry",-1
trailer,-1
think like living upside,1
look stressful,-1
"said upside downyoure turning meyoure giving love instinctivelyaround round youre turning meupside downboy, turn meinside outand round roundupside downboy, turn meinside outand round roundinstinctively give methe love needi cherish moment yourespectfully say theeim aware youre cheatinwhen no one make feel like doupside downboy, turn meinside outand round roundupside downboy, turn meinside outand round roundi know got charm appealyou always play fieldim crazy think youre mineas long sun continues shinetheres place heart youthats bottomlineupside downboy, turn meinside outand round roundupside downboy, turn meinside outand round roundinstinctively give methe love needi cherish moment yourespectfully see theeim aware youre cheatinbut no one make feel like doupside downboy, turn meinside outand round, roundupside downboy, turn meinside outand round roundupside downboy, turn meinside outand round roundupside downboy, turn meinside outand round, roundupside youre turning meyoure giving love instinctivelyaround round youre turning mei say thee respectfullyupside youre turning meyoure giving love instinctivelyaround round youre turning mei say thee respectfullyi said upside youre turning meyoure giving love instinctivelyaround round youre turning mei say thee respectfullyupside youre turning",0
nancy new gun crazy,0
nancyyyy,0
"die, die sybau yall arent dying watch",-1
well dimension door theory right,0
who ready,1
ted walkemdown wheeler important final twist appear trailer,0
"steve dustin die, cry.",-1
113 dusteve139 dusteve,0
please leave jancy alone thank,0
136 dont two say,-1
netflix . greatest show guy created ngl,1
vickie definitely gonna die oh no,-1
eleven omg... ive never seen powerefull omg..,1
107 mike jonathan voice? cant tell,0
beautiful,1
"dont care tina, uncle jack party. mom not gonna able find u dead russian elevator!",-1
music choice point.,1
baby girl hopper dy im gonna sob,-1
"3 year making, im disappointed show",-1
omg,0
duffer brother guy eve come close touching dustin steve istg,0
byler going canon?,0
im almost certain theyre baiting u steve dustin but theyll fine. pic leaked filming stevejoe dustingaten different hair cut change appearance lead believe survived scene future vecnaupside stuff. but could wrong come back bite butt.,0
cheesey season,-1
053 let gooooooooo!!!!!,1
wwww trailer im ready,1
"someone please get vecna damn watch already? poor dude always trying guess time but he always wrong not time yet, but doesnt know since aint got working watch besides old school chain clock lol",-1
die die.you die die.lets not,-1
"oh, im moist ready one!",1
"die, dieplease dont it, netflix",-1
054 reallyyy hope nancy doesnt die else riot 3,-1
end year right,1
rip steve,0
guy robin cooked,1
die die?? stop stop stop theyre killing,-1
why! steve said u die die know steves die bcs scene se jonathan hugging kid steve nowhere,-1
steve cooked bro,1
no die no die please,0
literal shiver,0
part one lame dont even think ill watch part two,-1
lol! nope. show died season 2. duffer sister succeeded sabotaging work. ill check video firing mess atmosphere though!,-1
welcome derry really made everything feel like videogame stranger things. cliche villain plot armored main castretcon previous season ending cliffhanger established universe law rule change fit narrative,1
054 nancy assault rifle lowkey cool whole walk em wheeler family packin fr,1
dont think gonna either dustin steve think el jonathan,0
"great trailer, not much spoiled, but lot excited",1
getting bad vibe mileven better endgame,-1
please let 3 episode 2 hour long,0
"105 worried robin , hope shell fine",0
053 ayoo thats nancy walkemdown wheeler,0
"steve die, die dustin die, dieme anyone two dy die",-1
doesnt want steve die,0
need right now!!!,1
jesus love,1
"holly dimension door 3come vecna, really thought could trap wheeler sibling mind safely?",0
please save steve dustin,0
im curious dimension x connection upside hawkins,1
holly max dreamcore subplot fire,1
nancy came like rambo,0
holy w,0
gooooo!!!,1
"die dieoh naw none dying, not play heart like",-1
no there likely going no explanation russian plot line season 4 theyre continuing mrwhatsits nonsense. not happy far,-1
"steve die, diedustin die, dienetflix die, subscription service dy",-1
"die, die. never not hurt",-1
yes girl kali,1
vickie?,0
die die?????,-1
vickie doesnt die pls,0
thumbnail reminds original bloomsbury halfblood prince book cover,0
cant wait eleven vecnas ultimate showdown battle!!!!,1
holly no,0
oh yeah theyre dying,-1
"die, die no no no no no no no please please please",-1
im not gonna enough tear cry,-1
053 go nancyyyyyy yes,1
pls let derek screen time beg thee,1
"dustin steve die, dieme duffer brother please no die",-1
die die crazy,-1
,-1
pls let derek screen time beg thee,1
gag cant wait,1
want max escape!,0
hell earth,-1
"shiiittt good, cant wait!!!!",1
"much spoilers, least thirty second great edited trailer, instead every episode two minutes.",-1
"theory blue red rays.what 008 illusion power, knownin s4 hawkins almost destroyed, right? captured, harnessed power made illusion hawkins already growing again, atleast peaceful.and 008 released el hopper, illusion ended.",0
cant this... pay therapy leaving anxious waiting,-1
nancy gun make question shes not fortnite collab. lmao,-1
"die, dieif die, im dying 3",-1
almost 3 whole min worth trailer hopper show twice already see going,-1
"amazing! hopefully no spinoffs etc. love fact thats 5 seasons, done! cant wait final",1
213 no way bro,-1
upside boy turn yas yas need remix,1
mr whatsit,1
"trailer always nail music, hype insane",1
else getting shredder vibe vecna?,0
feel like everything umbrella academy season 3 4 wanted,1
steve stop dustin no die die die season 6 duffer brother end story,0
die die ok well die netflix subscription dy,-1
omg look sooooo good,1
"will power not strong enough capture mike love, unfortunately.",-1
omg,-1
mike wearing beanie winnnn,1
141 die die getting two death,-1
"cmon lads, let jumo hype train",1
stranger thing good welcome derry,1
wheres dereck,0
please dont let max cooked might sacrifce holly also ngl vecna looked kind constipated last shot,-1
tf 3 episode,-1
steve die diedustin die diegotta love bros im gonna cry hard either one dy,1
"die, dieme ok dont die",-1
,-1
as,-1
welp confirms steves death ask,0
vecna looking like swamp thing.,0
nancy anyway started blastin wheeler,0
"bhai yeh henry apni mundi ghuma ke vecna kyu bann gayaand wtf steve dustin mean die, die! ?? bhai noone die mai ro dungi",-1
fact everyone saying dustin but people say jonathan plss no not jonathan thats name,0
"one could see killing el, hopper, mike, robin.",0
135,0
epic,1
stop wasting everyones time. disneyfication series.,-1
"vecnahenry001 keep mentioning time. keep mentioning time? got it, guys! time key! time key! but key what?",0
actually look peak omg,1
steve die diedustin die die nooo cant,-1
"didnt get jonathan scene vol 1, hoping get annual big bro small bro moment again.",0
bad lmao,-1
derek?,0
9 hour peep,0
goat nancy walk em wheeler,0
,-1
guy might not getting date enzos,-1
dont die please,0
finally steve dustin duo back original,1
steve dustin please dont die,1
die fukc,-1
no estoy preparada para el final de ya tengo escalofros,-1
die die,-1
vecnas trying steal bruce buffer job time,-1
vecna stop trying diddle holly,-1
cant wait see whats upside really,1
explode anyone dy,-1
holly max nancy el going smoke everyone feel,0
byler moment tho.,0
dint allow steve dusty bun die,-1
season dustin stealing steves perpetual ive ever loving shit beaten outta look,-1
bit odd init,0
"stranger thing fan,s please like",0
"time vecna speaks always major juice getting dropped. yall really think theyre gonna put anything revealing trailer? also, say middle killing someone.",-1
please christmas alreadyyyy,1
swear vecna glitching sign real henry somewhere trying get,-1
oh yes im ready,1
crazy goosebump,-1
"die, die okay reference s3 im cry",-1
bet finally,0
mileven fan,1
die die noooooo,-1
upside ripping human world look absolutely peak! cannot wait!,1
dawgs back,1
vecnas favorite line time something beautiful,1
bro max holly getting hit harddddand steve dustin bro yall die swear im killing duffer bro,-1
derek,0
dont hurt holly max eleven mike dont touch leave dustin lucas alone dont bother nancy steve stay away johnathan robin joyce limit dont messing hopper erica importantly dont touch hair holly head not one hair,-1
theyre playing emotion,-1
die die?????,-1
"watching 2 hour came third period instead actually anything productive , started crashing steve dustin told die, die. video also 1.2k like",0
"interesting way red enegy ball move rotates eratically almost way mind flayer particle move hopper joyce find particle contained russian lab season 4. also vine origins, try open gate russia season 4 far hawkins vine start appear disappear close like saw hawkins. upside isnt bad but good like buffer barrier even failed attempt merge dimension x world? would like know hatched green egg end season 1 creature baying distance season 4 earthquake scene. also helped take telekinesis door season 1? party coming together season 5 ending threat may not possible wasnt taken?",0
138 demogorgan nut?,0
damn,-1
"thing didnt want see die, die.i hate duffer brother",-1
140 nobody going talk eleven protecting hopper kali mind flayer?,0
oh god im excited,1
add blue lock netflix,0
wow,0
best series ever,1
no dustin daddy steve!! dont die us!!,-1
people really worried dustin steve dying?,-1
welcome derry waaay better,1
136 nononono no one dy ok,0
okay evbs alive still,0
eleven get outfit change all?,0
yes yes yes,1
gonna ignore vecna attached something teeth like thing background 144,0
going youtube comment section fam,-1
no nno no nooo not die dieee,-1
stg steve dustin die im km,-1
cant wait,1
die die,-1
"basicallysteve dustin me, pretty safe, best duo ever, no doubt.max playing brave woodsnancy freaking ramborobin murray always hilariouswe didnt get much will, think going something epic die",1
"138 die , die .... okay guy definitely trying tell u something",-1
boy turn,1
omg goosies!!!!! cannot wait volume 2!!!!!,1
yeah whatever ball red swirl genuinely dont know win,-1
"006 yeah, youre kid lol",0
pleaseeee137 dontttttttt dieeee,-1
gay bitch,-1
"love first upside lyric sang shown up, side angle loved trailer cant wait",1
cant say hyped season! first 4 let apart end episode 4,-1
want see dustin flying power,1
nancy bad as bitch. teen something going trained soilders. also vecna saying time meaning plan gonna something spectacularbasic gonna go right heads.,-1
610 show,0
vecna look menacing last shot,-1
amount reference season season 5 insane,1
holy peakness,-1
robin girl cooked,0
best tv show time ngl,1
cliffhanger,-1
main problem show shouldve left season 1 like original idea. much going on. suffers blockbuster syndrome.,-1
ooo,0
vickie no,0
"die, die. truly would get better em did, but duffer dont got ball thing",-1
"imagine training year military, dedicating excruciating minute serve shot teenager traumatic issues.",-1
robin yes,0
,1
gone need fusion dance mind flayer fuse 11 together,0
celebrate christmas? nopewatch st5 vol. 2? yes,0
003 look fine shit,-1
took 4 half season useful. annoying character.,-1
amoooooo,1
ahh im excited,1
"die, die",-1
swear god anything happens holly cry die,-1
good know dustin steve still working,1
rambo nancy spinoff,0
wheres mvp ted walk em wheeler,-1
143 vecina literally literally sprouting wings.,0
surely not hurt holly christmas day risk losing viewer finale like would crazy,-1
im scared them..,-1
"die, die im going throw dont die wtf",-1
"die diethey confirmed it, one em dying! wrap folk dont need heartbreak!",-1
"not steve dustin call back die, die season 3 scene dustin said it, but time stake higher",-1
"136 putting hypothetical death pause, please talk steve backwards hat??",-1
going interesting kali el going reversed since last saw other.,0
really gotta always use cheesy generic platitude line ever trailer,-1
"stevedustin die, die. took personally",-1
"apparently, vecna voldemort common first letter name.",0
version upside diana ross perfection,1
"finally, dustin steve not arguing anymore",0
bout try stay alive!!!,0
supposed good christmas gift bad christmas gift christmas cuz date yk,0
dear steve dusting no one dying right!!!,-1
"steve die, diedustin die, dieme one die, netflix subscription dies, dustin brother die",-1
die die crushed,-1
136 dont die,0
nancy wheeler gun religion,1
nancy bos b!tch love her!,1
"die, die.. nooooooo rip hearth",-1
duffer brother habit killing innocent people every season geuss vickie dying,-1
brooooo,0
hypedddd,1
friend new year eve plans?me yes.,0
give boy mind flayer screentime,0
dont like going,-1
let goooo!!,1
literally created hour countdown till release chapter 2,1
"die, die! no please no",-1
yaaggsuiaos,0
die im gonna cry,-1
honest think better steve harrington die like show true character growth,0
136 please dont .... need alive,0
sheesh,-1
not vecna promising new world,-1
like.... release please. like december 15th,0
"think mind flayer come back, party team manage destroy good, kill veccna?",0
loveeeee,1
dustin steve dy im reporting netflix,-1
vecnas giving mariah carey w time comment bruh,0
max gonna runnin hill new year,0
steve harrington alive hearts!,1
didnt see boy derek,-1
no maten dustin steve,-1
johnathan dead,-1
vol 2 come netflix better not crash,1
t peak,1
let find yall killed steve,-1
104 havent watched vol 1 max alive,1
demogorgon rushing straight towards robin vickie stood side.,0
steve dy cancel membership guy else noticed nancy upgraded shotgun,-1
die die ke... make nothing steve oh,-1
"trailer diddnt give stronger feeling first trailer, praying good last 4 episodes. final episode something amazing",1
steve dustin saying die die make think one going die,-1
watched taking shit,-1
w,0
max lucas reunion see?? 111,0
spoiled lot thing woulda cool find first time watching lol,0
104 istg vickie dy,-1
took great show turned stupid marvel movie..... terrible,-1
stanger thing first shadow season. 5.... henry creel,1
get weird feeling dustins demodog returning,0
leave dustin alone.,0
dustin wearing eddy vest thing,0
wait look like fire,1
lost interest took long come back,-1
"vecna glitch...the demorgorgon invasion hanging doorportal thingy fiery hawkins skyline die, die.every freaking thing..i need get christmas asap not festivities.",-1
oh gosh im sooo ready volume 2 oh gosh steve dustin dy im gonna cry hard,1
way dustin steve said die dustin saying die die make think something bad going happen one,-1
unflayed henry glitching flayed henry sickk,-1
absolutely cool,1
goddammit theyre pulling time travel trope.,-1
123 tbh kitchen look really nice,1
"dustin dies, calling",0
lose dustin steve im suing duffer emotional distress,-1
peak,1
"die, die duffer brothers, please dont touch them!!!!",-1
excited see mean everything knew upside dead wrong,1
hope mind flayer still about. would good twist mind flayer come back. reckon could exist will.,1
die die dustin steve vetter not die,-1
"125, epic!",1
"die, diehow bout dont!?",-1
stupid military ba?,-1
steve dy gonna downfall netflix,-1
shit cant wait,1
wait holly max make door either sort memory real world but real world max would wake maybe portal behind vecna? idk,0
dang look like mightve outdid top 5 peak nancy finna walk em,1
no one dy,0
look awesome !!,1
guy ya funny said dustin dy mean steve bc u die die,0
peak cinema,1
interestingno mr mr wheeler.,0
"jack die, die. rose",0
108 yes using power again!,0
big ball energy hawkins lab kinda remind god particle dark,0
"problem is, dying, let trim bloated cast!! let go!",-1
peak gonna nostalgic years!! soundtrack sick,1
"ive learned anything stranger things, new character love always killed season introduced in. chrissy, eddie, bob, alexei, etc. theory vickie dying next",0
"die, die please no",-1
broo saying die die made cry istg hopefully getting og duo second volume c miss baby andd istg one dy,-1
oh no vickie no,-1
nancy walk em wheeler top moving truck!?!??!,0
stressful tf,-1
holy peak,0
hope murray get bullet dome,-1
walk em nancy true goat series,0
sorry say but unfortunately trailer didnt anything me. weird considering initial trailer season really good guess seeing robin still cringe delivery not helping anything either. hopefully rest season isnt bad actually concludes well.,-1
"die, die. shutup shutuppp shut",-1
whole time...everything assumed upside been...dead wrong. definitely intriguing part trailer could possibly dead wrong time? vecna true villain here? something else ?,1
"ok, get straight probably vic not bad guy dustin steve gonna die holly power think probably like travel memories. robyn basically dead. vicky probably also gonna die. shes good killadul guy. everybody severe danger there probably energy source explodes thats like that. whats power upside down? holly going get stuck bean mind know said bean gonna discover truth upside three freaking episode im going pee pants. im going mental breakdown please. dont know do. dont want spoilers. gosh, gonna fit three episodes? actual heck mean trailer first one good but second one second one good even better. even better. know really long comment. im absolutely freaking out.",0
019 thought gonna say flipped upside,0
nancy wheeler new john rambo!,0
wait till boxing day watch,-1
25 december christmas26 december stranger thing vol227 december birthday 31 december new year eve1 january finale stranger thing 2026 best week time cant wait,1
ohhh really want upside remix released!,1
lfg!!,1
steve dustin better not die.,0
least trailer part better entire first part combined.,1
"omg, dude. not explain absolutely stoked rn volume. watching trailer made absolutely speechless, especially remix upside down? truly, holy mother god.",1
need byler,0
yoooo,0
really big hunch vickie going die,-1
best christmas present ever,1
feel like dustin die bcz deepressed. vecna target deepressed like max,-1
mean byler isnt happening!!!!!,-1
im not ready no please dont die,-1
108 nobody gonan talk will?,0
"guys, know dustin said die, die gonna die arent thing. yep, theyre dead. theyre graf no no no no no no no no no no no no no no no no no no no no no no no no literally soon heard thought said youd add put subtitle started cussing. oh gosh, need mental help",-1
soundtrack fit perfectly. welcome derry guilty pleasure watch right tho.,1
nancy badass like always is.,1
best series time,1
037look clockit read 0731731 11 easter egg?,0
wtf,-1
look,1
literally panic attack. mean? said die die theyre gonna die. oh gosh shoot oh im gonna cry. crying? im gonna poop pants.,-1
043 useless move jonathan..,-1
"highkey want fry vecna eat him, look crunchy. but no one gonna know comment going lost among others.",-1
steve dustin better not die,0
im not okay,-1
god damn.,-1
yooooooooo,0
get ready analysis!,0
"like playing druid dd, seeing 113 made think heat metal",1
die die,-1
,1
might cooked,0
tennnnnnn daaaaaaays,0
no stop literally next thursday im excited,1
"die, die. originally came dustin season 3. hearing steve relay back season 5 making scared.",-1
dis gotta da best xmas present ive gotten long time,1
trailer quite intense ..i like,1
derek?,0
"die, die",-1
murray alive,1
vecna time...me many time ned say,0
im ready,1
"steve die, diedustin die, die die season 6 come episode 1 called vanishing duffer brother",0
"die,i die ,",-1
"die, die",-1
less rockin robin,-1
im sick,-1
nancy rambo callback,0
demodogs back!!!,-1
fake?,-1
aaaaaaaaaaaaaaaaaaa,0
"oh boy, maybe time demagorgons take damage butter knife!",-1
"im season two, someone tell bob isnt trailer?",0
steve die diedustin die die yall die die,-1
yoo nancy gon die,-1
im scared,-1
cooked,-1
die die????,-1
need add diana im coming robin. make real supreme finale!,0
chat im scarredd,-1
look confusing! im,-1
horrible feeling robin going die saving vicki?,-1
dustin steve look almost resembles dead light stephen king series .,0
"honestly, cant even hold breathe, could not handle die, die really take place.",-1
henryone creating new world mind.,0
bro shit look sick,-1
time reversal theory actually play im gonna flip like literally never watching another netflix show that!!,-1
absolute cenima,1
gonna one epic christmas!,1
going see victor kreel again??? need know truth.,0
goosebump,0
no eirca sinclair explain else shoot,-1
die dietheyre gonna die,-1
no one dy ill pissed! netflix better balls! stake mean nothing!,-1
im gonna start 2026 swollen eye snotty nose arent i?,-1
"much better trailer ost time, reminds aot castlevania",1
omg good!!!!!,1
yes duo finally back,1
jcb killing per usual,1
no,0
ted might not trailer but feel mvp performance coming him. mark word,1
time finish season 4 time watch every episode,1
ummm die die concerning,-1
duo back!!!!,1
vicky getting slimed,0
dont want end,-1
people die gonna eleven robin lucas! maybe max die,-1
die die,-1
aaaaaaaaaa,0
max made comma,0
im exciteddddd,1
108 trio. yes.,1
nancy cringe,-1
steve die die,-1
nancy mother,0
"die, im gonna die",-1
mind flayer come back,0
nah focused steve dustin way much im scared,-1
"wish theyd stop edging everyone drop all, least understand two volume but holding finale cmon bruh",-1
upside,0
holy shit thats insane,-1
wouldnt put die die prominently trailer actually going die right? would much spoiler put trailer. fear robin safety tho,-1
peak,0
fym die die,-1
"save steve, fck world",-1
"christmas day cant come fast enough! also, thing nancy jonathan looking look like matter show dark anyone else watched show noticed",1
oh im actually excited bro,1
shes back.... eddie?,0
infinity war endgame change way trailer made shown us?! epic,0
well like trailer!,1
vecna snatched dont know act better not touch dustin steve,-1
decide gunfire percussion cool sound effect sync visuals?,0
"listen, netflix, steve literally holding subscription alive dies, subcription dies. easy that.",0
bro dustin dy die,-1
think steve die dont want,-1
mind flayer still missing reason. something tell going appear finale final fight,0
vickie noo,0
nancy going resident evil style,0
basically dark but mid west usa 80 instead small town germany,0
christmas gift need,1
nancy walk em wheeler,0
suddenly im not excited volume two,-1
"die,,i dieno plz",-1
missed sister much,0
upsidedown,0
145 dragon head,0
not ready,-1
"die, diesteve dustin nooo dont die pleaseeeee!me.",-1
right dustin steve dead youre saying,0
use upside song hilarious.,1
yh um holly cooked point em,0
"everything weve ever assumed upside dead wrong. upside isnt real bad place but bridge real world origin world mindfayer, demogorgons, etc. reason el couldnt find vecna holly demogorgon upside werent upside down. place henry1 got sent may origin world el opened gate second time opened bridge upside maybe explains bridge stuck static real world replication day got openedday went missing. new world vecna envisioning might merging 2 worlds, origin world real world upside serving bridge. wormhole foreshadowing also kinda support theory.",0
no dieng please,0
"please dont let anything happen robin, steve dustin",0
guy im sorry but actor mike hot wing challenge said dustin dy,-1
no view zio filth,-1
hope hopper adopt kali well,1
go thats go ahah season,0
insane trailer like got full body chill im ac nervous dont want anyone die but know,-1
ready.,1
oh god,-1
5 season michael wheeler finally upside 011,0
fact barely see jonathan trailer,-1
vecna!,1
"dustibun steve die, die",-1
im glad steve dustin made but better not dir,1
steve dy im suing netflix duffer brother altogether,-1
finally official one. ive seeing many fake one,-1
032 reminded kugelblitz umbrella academy,0
109 mileven shipper assemble not like many left anymore tho,0
lame. put chic make lame gay,-1
,0
who 2025?,0
136 uh oh steves cooked oh naw dustin,0
nah dont trust max gonna betray holly working vecna smt,-1
epic trailer better volume 1,1
mid. move people.,0
noo not u die ide,0
die die,-1
ohh godddd im excited cant wait,1
vol 2 gonna peak,1
please dont sacrifice steve .,-1
nancy finally upgraded shotgun,0
spent 227 hour life watching show believe not,0
uh oh enzos date not happeneing,-1
vecna say time john cenas time up.,0
epic!!!,1
damn many day left guy,1
ehh nobody dy,-1
005 ughh always cutee,1
byler christmas,0
u die die best character show back,1
bad feeling jonathan byers.,-1
die die.,-1
okay jonathan die. know..,-1
reading comments.... but.... wanna watch final chapter hurryyyyyyyhy plzzzz no sad ending,1
gay?,0
"steve die, die.dustin die, die.me either die, die.",-1
im scared,-1
everyone mentally prepare steve nancy. literally everyone.. prepared lose everyone,0
time. thats answer everything time.,1
ummm wheres ted walk em wheeler? not going come 1v1 vecna save everyone??,0
love brought kali back essentially tracker. issue even strong enough track him?,1
"die die, noooo, begter not happen",-1
finally steve dustie bun getting along season 5,1
overstimulating,-1
yeah bro steve defo gonna go bro,0
die die not wanna hear,-1
"swear dustin steve die, especially christmas day, duffer brother paying damn therapy!! leave two alone",-1
"many silly moments, found rolling eye throughout first volume maybe finale better.",-1
feel like take lot tear watch,-1
126 bro im not ready !!,-1
look epic,1
"die, dieif die, soul vaporize christmas day",0
really gonna leave mind flayer? controlling vecna dont get no clip it?research asking trying prove wrong,-1
fok,0
im excited,1
die die,-1
,1
ahhh cant wait watch volume 2. knowing busy im going christmas day might binge watch volume 2 finale new year day.,1
anyone else see thesselhydra camazotz background big explosion,0
miss walk em wheeler see,0
no one dying,-1
157 end era..,0
want christmas youuuuuuuuuuu hahaha,1
"yeah, wrong along. really william who actual villain, pretending good guy controlling everything since beginning!",-1
release trailer welcome derby better show ended,0
", like saw 2 seconds??!!!!",0
eye vecna???,0
"die, die fan worried",-1
lumax please reunite,0
new word omg cant wait watch christmas day,1
steve dustin baby forever better not die,1
123 not please!!!,-1
guys... notice joyce isnt present events.... gulp,0
108 omg won!!,1
"istg. steve dies, holiday ruined.",-1
yoo,0
nobody talking perfect timing bullet music 054,0
"chills, literal chill",0
108 omg won!!,1
thry touch baby max main character ladt episode thr show caled vanishing duffer brother,0
"die, diemadmaxthatsbait.gif",-1
"vickie not surviving, uhmmm hope robin, nancy, dustin, max, lucas, holly dont die",-1
t bouta peak!!!!!,1
hawk definitely dying im fence nancy dustin steve definitely going make feeling jonathan going also not totally sure lucas but leaning towards dying heard interview sadie sink said something heartbreaking happens lucas cant see killing max shes shit shes,-1
volume sick.,-1
making sad,-1
mmuerooooooooooooooooooooooooooooooooo,-1
052 max suddenly wearing literal plot armor!,1
insane,-1
son,0
could watch 50 time wiml,1
ughhh die die duo back,-1
"again, gatekeeping almost scene cause theyre probably spoilery. will, max, holly henry gonna best storylines, know it.",1
,0
mike finally upside,0
let fcking goooooo,-1
"omg , literally, omg!!!!!!",1
think last episode shouldnt volume 2 3 31st december,0
bro squid game ending swear.,-1
vickie??? kali??? girl getting actual part plot??? true christmas gift,1
"die,i die netflix subscription.",0
steve dustin best duo stranger things! please dont die!,1
120 thought ted,0
feel like steve done dont think would keep alive probably gonna sacrifice,-1
"fackkkk, no hint kas!!!",-1
demodogs return,0
"know someone offer dessert even know deep inside bad. accept it, eat it. feel dizzy instantly regret decision. kind feel way. lilke much stop right moment would perfect. ruined it...",-1
oh im gagged kali look tea,1
"everybody dies, end.",-1
upside one henry memory,0
still not better derry,-1
ohhh theyre cooked.,0
dont say that!,-1
wanna see mind flayer point,-1
wtf bull crap releasing 2 halves?,-1
getting major empire strike back vibe,0
nancy walk em wheeler,0
thisll fun.,1
think vecna take johnithan instead stevee,0
yall really dragging ...,-1
steve die die.nooo dont understand im gonna die,-1
steve dy riot dont want anyone die,-1
hope nobody dy volume 2. dont need another show character like dy christmas. im still not arthur dying show merlin christmas eve 2012.,-1
"as holy shit, cant wait watch",-1
cant wait let gggoogog,1
steve dustin die im dying,-1
really need start show first time man look dope,1
im scared,-1
think dustin die w steve,-1
played tv school,0
look insane,-1
so....im not getting byler christmas. anyone know get santa customer care number? ive got complaint file thess duffer dingus dude,-1
yeah steve dy dustin dies...calling,0
im going best christmas !!!!!!!!!!!,1
die. die,-1
"welp, look like dustins dying",-1
,1
love thumbnail big ol spoiler slapped havent seen part one already. people definitely gonna waiting binge whole thing episode out.,1
go vdiddy but time look like finna sum child,0
"red died season 4, would created great fear wonder season who next?....instead isnt yawn!",-1
"oh, look like gonna",1
welcome derry finale stranger thing volume 2 trailer 10 day left release. man 2025 ending banger.,1
holy cant wait till come im excited !,1
anyone notice 119the demo dog run past vickie hospital u pause u see running straight towards robin,-1
came derry. st wont match ending.,-1
136 one dying,0
"steve die, die.dustin die, die.me die, rage!",-1
mean least vickie wont think robin stood up...,0
"feel like vicki going die, robin going sort sacrificial type gesture shes gonna blame feel guilty not telling vicki earlier protected thats im calling",-1
murray better make truck. steve dustin,0
please dont die,0
"love eleven eightskali wearing similar clothing majority shot trailer,",1
fukin excited,1
wrong 008 flashback,-1
,-1
"mean die, die none yall die yep thats one",-1
happended delightful derrick kids?,0
love steve truck background mike eleven,1
052 yes maaammmm,1
nancy gun,0
dustin steve back also dont die,1
"wish didnt see this, giving much away. look fun though.",1
holy shit look good,1
"134 robin turning voltage up, totally shock jock shes barely trailer shes cooked yall gaurenteed losing",-1
vecna need kid energy break trough world completely guess?damn drain kid like battery,-1
133 kali time showtime,0
aura farming one,0
"die, die. getting feel steve",-1
oh shit not,-1
please dont let anyone die,-1
146 gonna good,1
delusion tell putting steve dustin saying trailer theyre safe. okay,0
duffer brother cooked,1
135 no.,0
"die, die netflix anyone dies, subscription finale ofc",-1
epic,0
"think bridge chapther came life barb holland, bob newby, billy hargrove, alexei, eddie munson, dr. brenner chrissy cunningham image bridge time everybody came back time?",0
boy steves hair,0
120 insane oh gosh,1
107 look tuff holy aura,1
"die, diehow none die, sound good??",-1
vickie dying bet,-1
omg,0
bro let max wake already miss,0
nice nod jurassic park kitchenraptor scene!,1
053 walk em wheeler,0
die dieyou die diethis shit gonna peak day stranger thing gonna peak thank duffer brother,-1
lowk feel like vicky toast,-1
absolute bone shivering chill entire time never another show like stranger things.,1
"steve, dustin, eight, eleven, joyce, hopper, mike die 7th episode travel back time 8th order rewrite history hawkins sacrificing choosing not born all.",0
finally netflix actually released vol 2 trailer tired ai video,0
end game,0
steve dies...chapter 1 vanishing duffer broschapter 2 fall netflixchapter 3 massacre planet earthchapter 4 graveyard legendschapter 5 sudden death netflix showschapter 6 celebrity crash outchapter 7 social medias chancechapter 8 remembering stevechapter 9 right way end itthis coming episode steve dy episode,0
used like series but common nancy taking army wtf understand harper wtf gotten cringe,-1
let fucing gooo cant wait,1
vecna wins?,0
133 steve die diedustin die diehell yeahh duo backkk,0
epic final season,1
henry venca giving dark vader anakin vides,0
dont forget ted walk em wheeler hospital poor poor demo dogs. poor thing dont know allpowerful entity coming them.,-1
absolute cinema,0
106 no no no no robinnnnnnnn save girrrllll,0
goosebump,0
time... again.,1
cmon let honest besides special effect insanely good show especially season clusterfuk man,-1
lol thumbnail look like door dash girl,0
ive seen stranger things...,0
noooooooooooooooooooooooooooooooooooooooooooo steve!!!!!!!!!!!,-1
050 nancy walk em wheeler,0
robin demodog scene?,0
robin gonna die,-1
wait dustin hugging im like slow,0
"die, die s3you die, die dont dare hit line bcs mourn like forever fave character dy",-1
steve hopper better not die!!,0
life beautiful,1
what!?!?,-1
steve dustin heart,1
029 pennywise refrence chapter 2 u see exact thing deadlight,0
time vecna damn near worse mariah carey,-1
guy released week come,0
no way dark orb thingy.,0
duffer brother never miss music,1
im steve dustin die im suing emotional damage,-1
"die, die wait",-1
venca look like swamp thing dc comic...,0
not watching repeat sure actually said die die,1
swear god steve dy crash tf,-1
omg omg omg omg omg,1
imagine whole upside thing imagination kali power,0
like robin dy die,-1
henry twitching like fighting another side inside hmmm interesting,0
cmon spoiler thumbnail smh,-1
die. die no. please steve dusty bunn.,-1
115,0
t going peak,1
excitedddddddd,1
omgomgomgomgomg,1
nooo stive,0
gng holly gonna get powers. think everyones dnd character literally reflection,0
gave chills. hope nth happens lumaxx,-1
im excited omg,1
alive time,1
"duffer brother tell steve max dies, cannot forgive!!!",-1
"die, die, die.",-1
lowkey welcome derry better stranger thing,0
please dont die steve,0
nancy went full commando,0
time hhahahahahahahahahahahahah!!!!,1
"christmas trailer, please fix video title netflix.",0
die die yup losing steve,-1
couldve sworn saw levitating,0
cant acting.,-1
good know steve dustin back good term,1
108 no one talking here???????,-1
wheres byler,0
vecna said time yt asked take break,0
115 eddy?,0
murray alive,1
cringe.,-1
istg every time nancy get gun becomes biggest badass,1
vecnas going holly....,0
im gonna family christmas function like sorry gotta go watch stranger thing hehehe,1
"omg max holly saw vecnas new form, theory vecna threw max across room wheeler house vecna decided walk holly",0
se viene gente,1
,1
demadogs back!!!!,1
mind flayer at???,-1
insane,-1
die die man shut,-1
steve dustin def getting slimed,0
best duo steve dustin together,1
holy shit.,-1
126 time du du du dududududu duel,0
never excited tv series entire life,1
excited christmas present!!!,1
thanks netflix. usually stuff look like cash grab. thanks letting duffer create!,1
point town hawkins realize core character show know something other. like not seeing bruce wayne batman room.hey even notice town chief police always missing...?,0
dont want stranger thing end tho!,-1
"dear duffer brother sincerely hope comment find well. telling right now, baby die season vecna utter agony no remorse! p robin better get date ps byler better end game know whats good",1
loved trailer,1
die die yall know mean,-1
t peak,1
steve dont joke,0
wonder mind flayer make appearance,0
holy shit!,-1
stranger thing never stranger,0
mm,0
omgg omgggg,0
love cant waitt xx,1
ugh he offline wait,-1
"die , die",-1
prob first tv series dont want see happy ending. like cant possibly see ending happily,-1
dying,-1
holy mother god.,0
not enough robin trailer,-1
surely rollercoaster,1
bizarre song choice but look exciting lol. especially jurassic park scene lucas max hospital.,1
,0
"nancy, girl!!! strong brave! love you, natalia",1
chill whole time watching,1
wish showed will power,0
wait im actually excited havent stayed consistent w show forever,1
112 jurassic park reference 333,0
music fire,1
"ten days, this!!!",1
never considered fact steve dustin could die,-1
aff,0
yall make another similar show real event miss show like,1
military still wrong ones? ffs lol frustrating series.,-1
please dont die...goddammit steeeeve,-1
wheres derek glorious king.,1
"die, dieno thank you.",-1
nancyyy,0
die die!!!!!!,-1
kind remind infinite tskuyomi,0
yeah johnathan definitely dying,-1
die die,-1
steve dy bro,-1
feel biggest thing decade tv show,1
get need girl bos gun but shes exposed killed popping truck top.,-1
upside downing,0
peak goddam cinema,-1
time release christmas? im uk last volume actually came 100am next day hope not wanna watch christmas not boxing day,-1
"duffer brother need know one damn thing steve dustin die , im gonna sue brother fr",-1
"ye ye win vecna no one die, character eat pizza cola together",0
"die, die",-1
not ai,-1
steve die diedustin die die die die,-1
10 year make 5 season show wat waste,-1
"yep official, dustin steve going die going ensue chaos around world gg",-1
"ill morph someone else, im ghost",0
omagad,0
dead cry,-1
lack delightful derek trailer concerning,-1
help gave u nothing volume one but watching trailer volume two assume shit hella spicy,-1
song mashup whoever make trailer song need raise!!! never miss!!!,1
"die, die ohhh god noooooo stopppp",-1
omg im freaking im excited,1
tamil audience comment,0
not dustin steve stop,-1
exciting thing christmas,1
omgggg,0
something different special... dont know fckk,-1
isnt even finale 3 episode,-1
wheres derek,0
excited!! steve dustin dont die pls,1
mike get together? im still dying know!!!!,0
im excied!!!!,1
"need know ball energy also steve dustin die, subscription dy the.m",-1
die die omg no cuz like,-1
134 nononooooo,-1
128 look good,1
yay,1
ruined musiccc 010 trailer,-1
"bruh cooked die, die",-1
wonderful series,1
gatekeeping byler u see..,0
youdieidieyoudieidieyoudieidieyoudieidieyoudieidieyoudieidieyoudieidieyoudieidieyoudieidieyoudieidie,0
st,1
yo nancy wtf,-1
farewell productivity... upside work now.,0
nancy turned sarah connor,0
noah flopp,0
"no, dont diei dont die",-1
"one thing utterly needed thats will confession mike mike supportive accepting is.thats fan want, not byler endgame!! without emotional payoff finale would terrible!! tension frustrating sometimes, need meltdown.",-1
yessssssssssssss,1
holy shit,-1
max lucas need get happy ending,1
"vol 1 wasnt good, seeing adult kid dressed teenager not coolthis series vibe started 10 year ago must ended sooneryou killed vibe marketing monetizing everything",-1
"everyone complaining vecna repeating time over, but idk feel like he hinting plan along time, time. main thing obsessed clock time, either building figuring already existing tesseract lol",0
meh,0
well robin dead. wdym hospital vickie demodog going straight baby,-1
not deadlights! plot twist parallel dimension derry pennywise real mindflayer. vecna collecting kid munch on.,0
max totally escaping finale,0
no steve youre getting wrong dustin dy everbody else dy,-1
"youe die, die nuh uh",-1
wow,1
wow,1
think character around long. one dy not going feel believable me.,-1
"dont tell holly, steve, others going die, vickie, dont care, but max wake demogorgon attack, but think theyll survive lucas protect him. ... hope so, hope so.",0
coocoo blitz,0
think figured song 1 billboard top 100 soon,1
118,-1
glad see steve dustin getting along,1
son,0
acting bad! ffs.,-1
sad going end finally,1
nancy badass,1
panicking ahhhhh,0
holy shit!!!!!!!,1
demo heading towards robin gonna die ?,-1
"nooo, another trailer without confirming billy",-1
"let die already, stranger thing released high school. already graduated college still not ended. let die already.",-1
el brake mike????i hope dont even though like him...,0
dude el bald again?,-1
"not die, die",-1
"well, guess go theory henry vecna two different entities, also, kind weird mind flayer mia whole setup really dont want show last episode say im big villain",-1
guy prepare time,0
"die, dieoh fuh naw bruh",-1
bro finnaly dustin steve friend,0
die dieok,-1
holly cooked,1
swear riot steve dy like go strike life write whole damn show,-1
"die, dienetflix dont play right now!!! not 1, 8th, 11th!!",-1
uh trailer good,1
die die what?!,-1
walk em downn wheelerr,0
incredible cant wait merry christmas 2025 every body,1
fire,0
steve dustin dying,-1
crazy trailer gave literal chills..,0
"made avenger level trailer, bro!",1
ugh really doesnt look interesting anymore unfortunately,-1
bring eddie back im gonna cry!!!!!!,1
t peak yk else steve rogers return doomsday,0
"steve dustin dies, show die me, forever.",-1
f ing cant wait,1
holy yes,1
"im excited! dont even know happy best duo reunited! but christmas? not christmas eve. really want watch volume 2 cousin since watched volume 1 them, but idk gonna make work christmas",1
die die feel heavy,-1
holy smoke geesh,-1
rip jonathan,-1
"whole time, everything weve ever assumed upside dead wrong",-1
"please tell someone, no one dy",0
want dont want watch this... weird feeling,-1
u serious !? die die ?!!? dont fuckind dare duff bros,-1
"die, dieno!!! dies, live !!!!!",-1
omaigod strangier tiongers omaidodsssssssss uaaaau no sexin house plis,0
,0
im shitting pant character rn,-1
im ready vecna get new world going. cost living one high!,-1
nah jealous,-1
thats vicky robin together hospital robin gonna sacrifice,0
amazing,1
"guy im gonna cry hard, ive watched long running show but ive never actively followed one beginning waited come out. show golden im gonna miss like hell",-1
ball,0
hell u mean die die dont die,-1
"yall im gonna cry volume 2 no matter what, know",1
seriously cant tolerate anything happens dustin steve .,-1
montauk,0
best day ever looking cant wait look 10 day left think,1
demogorgon,0
everything ever assumed upside dead wrong.instead saying wrong said dead wrong. could mean upside dead isnt source everything.,-1
054 1000000000 aura,0
"steve dustin die, die. entire fandom die, duffer brother die next",0
turn birth jesus upside down?,0
"see demogorgon frankensteined?? obsessed, cant wait!and run holly runnnnnn",1
im scared vickie tho,-1
didnt fifth season already end?,-1
yayyyy,1
tf yall mean die die bruh either die die heart attack!!,-1
pls dont tell tvma,-1
pmg,0
every theory killed trailer,-1
noooo steve,0
"theory place holly max henry prison, actually called rightside up. think it, upside introduced middle season 1 season 1 finale called upside down, maybe, maybe thing series finale but thats theory, dont know im right but guess wait see",0
swear entire holy trinity dustin steve die rioting,-1
"yep, steves cooked.",0
everyone avoiding militarynancy walk em wheeler hold beer,0
026 anywhere door doraemon collaboration coming ?,0
please dont take dustin steve away,-1
nancy gun lmao,0
"vecna time.the time, actually never comes.",0
no one dieexcept vecna pls beg,1
remember s2 size portal directly contributed decomp hawkins like tree stuff turning goopy not but metal plate everything fine,0
"cant believe many weak people there. threatening cancel subscription favorite character dies. isnt story, author story write see fit. mean making sad, bad!",-1
"die, dienobody dead",-1
guess see steve dust cry got split apart,0
story become william?!!?! happened bald queen????,-1
"nobody talking everything weve ever assumed upside dead wrong part, literally mean viewer still wrong idea upside biggest plot twist incoming?",-1
"kudos trailer editor up, side, synced camera angles.",1
oh god bro,-1
"die, die....we die",-1
"steve die, diedustin die, dieme either die im gonna freaking die",-1
clip using power trailer?????,0
cannot wait soo excited waiting year,1
pleaae let one focuse mike,0
"ahahhahahahahahahahahay omggggg im,sosoosssososossoosos excited",1
finally steve dustin back,1
"die, die oh heck nah!",-1
wow wow wow wowvecna die last part offcourse want see max camazatas part get out. getting excited thrilling every new part.,1
holy peak,0
robin 0 scenes... perhaps wont episodes...,0
cacete!,0
tf u mean die die ? netflix dont make come ur hq aint gonna pretty,-1
omg want watch but also dont want spoiler fuuuuuuuuuuuuuuuuuuuuuuuuu,-1
ohhhhhh yeahhh,1
s4 volume 2 trailer always goated!,1
here!! 15 xii 2025,0
"look like best duo world ever seen back , steve dusty bun!!!",1
108 run moment,0
no mike will?? didnt say started filming month prior everyone else?? volume 2 hiding it?,0
best duo back,1
"netflix releasing 2 minute epic trailer. everybody really cared die, die",0
136 either die die,-1
else rewatch entire series next year tenth anniversary stranger things?,0
cant wait shit end lol stopped s3 oh but commenting hurddeeehurdddddurrrr,-1
youre hating dont like video doesnt mean rude,-1
epic,0
"please steve dustin get hurt, trust issue get worse...please protect cost",-1
"im genuinely worried steve dustin, better survive!!",-1
im n ready yet,0
omg peak,1
"obviously ai, guys.thats sarcasm.im honestly excited.",1
wheres jon,0
johnathan????? less screen time definitely ded,0
shittttt not steve!,-1
swear nancy absolute legend come gun,-1
robin aliveee,1
die diedamn,-1
die die no???,-1
hell happening,-1
"end game, anyone?",0
"love references, little red riding hood holly alice wonderland max",1
steve henderson dy die,-1
crazzzzyyy,0
nancy wheeler rambo ted wheeler asmodeus? got it.,0
bring back insignificant character like l sister? look see hell from?,-1
wow mind blowing nancy gun,1
also jonathan putting arm ahead nancy standard,0
"died, id died perfect duo",-1
die die,-1
byler kiss byler kiss,0
noooooo never ending story ending new song inside,-1
113 cgi horrendous,-1
"die, dieme die toocant believe new year dependent",-1
better mind flayer way,0
fellow fan look reedsmithtv!!,0
steve die die no dont u pleaseeeee,-1
"due, epic epic",1
rip vicky.,0
gun shot go musicso clever,1
nancy !!!?!!!!,-1
vecna definitely bowing someone end,0
look great,1
need release stranger thing version upside down! sound rlly cool!,1
letzgow,0
not steve,-1
"cant imagine die, die situation",-1
body snack ready... bring on!,1
sick trailer but hate gunshot door always used match percussion trailer,-1
"die, die. dustin also said steve season 3, btw.also, escape camazotz gonna good, know it. hope max holly get safe.",1
"im living max holly! please let survive duffers, almost killed max already cant",0
netflix! foreigner watch show doesnt celebrate christmas dont understand date release!,-1
im exciteddddd,1
amybeth dying,-1
steve dy im gone,-1
evil b1tches said die die. im gonna kms.,-1
dont want end,-1
112 pretty nice homage raptor kitchen scene.,1
"waitt think jonathan voiceover line might actually addressed nancy he proposing, even though implication directed gang jancy stans holding breath",0
fkn nutsack quaking hyped,-1
vickie dy im gonjna sob bro.,-1
illusion 008?,0
vecna epstein v.s plot armor,0
netflix die youre dead,-1
"dont die, dont die",0
day 1 asking netflix trese season 2,0
cant wait watch illegal website,1
oh god im not ready,-1
"istg, mind flayer show wreck military. prayyyy, give screentomeeee!!!!",0
duffer brother something happens steve dustin im suing u.,-1
ahh,0
walk em wheeler,0
"im glad see seem making least. get dustin way season, id surprised still way before, but im tired nonstop fighting steve even jonathan steve. not even really steves fault. three responsible, but look like thats going stop. get tension high, realistic, but dont want fighting entire season. look like volume 2, theyll least work difference fight real fight.",-1
oml,0
rip nancy read first,0
dont dare die,-1
everyone hugging nancy hugging gun,0
omg steve dustin said thing omfg seriously cant freaking wait omg,1
dustin steve finally made up?!,1
could take vecna 1v1,0
hope crazy lasagna man okay.,1
giving umbrella academy season 3?,0
im not ready...,-1
swear god take steve dustin riot,-1
eddie doesnt come back im gonna burn orphanage. empty one thats haunted abandoned but still. building gonna die.,-1
volume 1 excellent but volume 2 look absolutely insane visually,1
cant say vol 1 blown away but look pretty great,1
"nancy, girl always brave",1
word say yes,1
trailer slightly different netflix shot eleven headphone two different shot edited together netflix but youtube one longer one. interesting,1
die dieyou die diesick absolutely sick,-1
season 1 season 2 season 3 season 4 season 5,0
"die, die actually give hope. gonna make",1
oh my... mike,1
guess wont survive ... omfg !!!,-1
die... vecna win,-1
"die, die? no! no! mean!?! hold up!! sir!!! freaking meannnn?!?!??",-1
look like im going watching stranger thing everyone else saying happy new year party,1
"dustin die, dielisten better not!!! core kid teen need survive this! someone sacrifice themselves, let adult sorry bout it!",-1
vecna ready project tsukinami like madara world saving sad backstory,0
"manifesting byler, jancy, lumax, rovickie endgame no harm done",0
oh im not okay someone sedate,-1
"stranger thing vol.2 someone gonna die, not gonna hopper",-1
enough billie no please,-1
one last time,0
steve dustin die die im not ready. see death,-1
doesnt anyone get feeling series dark??... mean red thing look exactly dark series.,0
"whats crazy believe 57 lol. get trailer finale too? dang, next four episode gonna insane. getting used accepting fact wait 25th 31st. not know coming lol. not cool.",-1
pls release,0
no kiss mike not watching.,0
die die? mc,-1
"steve die, diedustin die , dieme anyone die show dy",-1
swear touch dustin steve.,-1
waitinggggggggg.....,1
wasnt expecting cry lunch break hearing steve dustin committing suicide pact,-1
time henry suck fat one,-1
coookingggg,-1
mileven 3,0
dontttt play nancy,1
movie released?,0
istg dustin steve robin el mike max lucas dy yes im aware named like half cast end subscriptionbtw fire as trailer jaw dropped,-1
nancy popping firing military goof got spazing!! goated!!!,-1
damn nancy!,-1
wait theory u dont remember but s2 hospital lab something got invaded demodogs everyone tried escape see trailer thats happening lucas max vickie exit hospital vickie dy like bob died exit s2,0
holy peak holy peak holy peak10 day way long yall....,-1
aaannnndd think person falling everyone worried demi 134 ish robin turning voltage!,0
grrrrr ended championship cliffhanger will back cry lol,-1
die die hell nah,-1
stranger thing fan assemble final fight,1
"die, die.their bond unbreakablep.s. let not die",1
like trailer show need know even watching,0
christmas? netflix telling november 26th,0
always no one die vecna defeated,0
goin even peaker,1
damn,1
calling right now. steve gonna sacrifice protecting kid dustins gonna saved idk else group but dustin fine steves gonna die. dont want steve die. he like one people want protected cost but really think he gonna die,0
054 nancy literally best,1
totally gonna steve cant prove,0
steve dustin finally back together,1
nancy walk em wheeler 055,0
ficking peak,-1
aint no way nancy takeing military,-1
nancy wheelersadie adler,0
nancy taking itt soo back,1
max holly stuck backroom whole season wonder theyll use significant plan taking vecna,0
aaaaaaaaaaaaaaaaaaaaaaaaaaaaaaaaaaaaaaaa,0
not ready thisssssssssssssssssss,-1
"die, die, better live",0
cmonnnnnnnnnnnnnnnnnnnnnnnn,0
mother offffffff,-1
"die, diehell no, no one dying",-1
"steve die, die dustin die, die final fight yall kid v vecna even power none yall gonna die 11 sister v veccna demogorgans shadow monster none yall dying",0
whoa whoa 118 demi dog run right vicki towards guards. nice!,1
nobody dy hear duffer year deserve happy ending,1
cant believe epic mind blown,1
holyyyyyyy got school saw peak peak peak,0
"robin dies, im gonna gonna made saw video swear saw robin like tied wall vicky dont know",0
"steve dustin die, die",-1
know vecna lieing! walking somebody house without whipping shoes!,-1
"please dont die, steve",-1
okay conclude copied dark but not good way iwas doubt volme 1 like ihave seen somewhere but dark copy visuals close storyline linear kid but let see good like dark not,-1
nancy walk em wheeler back againnnnn,0
116 dustin mike hugging!,0
"nobody die, huh?",-1
"die, die. well gg guess ill die also",-1
cant wait,1
friend dont die!!,1
135 noo,-1
got ticket new year eve??,0
robin .....,0
cannot wait!,1
good trailer but no mind flayer.,1
steve gonna die,-1
duffer brother killer steve dustin swear god. not steve!!!,-1
008 back bitchin,0
die die yep...... steves gonna sacrifice dustin.....jinx me...,-1
ill miss era much,-1
die die u kidding,-1
"mean really think show called stranger thing yes everything already well strange but im not shocked upside not think but something stranger think, idk really know like thinking bout title stranger thing like every thing going get stranger moment",0
"steve die, die.dustin die, die.me youre gonna die.",-1
everyonelets go volume 2 coming outme yes new ateve look,1
"die, die excuse me????",-1
gotta catch up!,0
nancy badass,1
aaaaaaaaaaaaaaaaaaaaaaaaaaaaaaaaaaaaaaaaaaaaaaaaaaaaa love thisss,1
107 barb?,0
"do, die. no bro, run away",-1
die,-1
"die, die please no",-1
show much yet absolutely nothing,-1
insane !! omgggg but steve dutin die die them..,-1
034 perfect song,1
dustins mom? actually liked funny overbearing way ..,1
praying byler,1
anyways.. thought season finale welcome derry? shit awesome,1
omg look absolutely insane!!!! cant waitbut know someone dying im scared....,-1
please dont die dustin steve.,0
hope diana get hit,0
"die, die no die die",-1
oh hellll yeah!!!,1
die die,-1
dude! holly heroic dimension door! mike making character need be! game! bet!,1
feel like kali cant trusted,-1
"doesnt matter die final series, let vecna win dad freddie kruger fair",0
oh stranger thing going one best show time.,1
time waste christmas watching stranger thing,-1
die die???what,-1
omg cant wait!!!!!!!!!!!!!!!!!,1
peak,0
"jesus christ died cross may not perish sin but forgiven eternal life heaven. repent turn god, day salvation today",1
die die netflixs income gonna die,-1
man sooooo excited,1
"feel like dark. time travel, apocalypse, glitch matrix coupled harry potter stuff. henryvecna jonasadam. special kid tool fix glitch apocalyse dr brenner turn actual mastermind behind this. eleven may time traveled lead thing constant loop apocalyse could broken. know dr brenner elder version henry?",0
scary compared volume 1,-1
better imagined,1
released trailer exactly 10 day volume 2christmas day. perfect timing,1
,-1
die diegoosebumps,-1
"see vickys clothes hat next lucas he hiding, nothing huge but nod plot bit",0
damnnnnnnn cant wait dec 25,1
gonna peak,1
new duo!? max holly ?,0
"cant wait christmas volume 2 come out. ive seen already alot comment but steve dustin die even die, netflix sub too.",1
billy doesnt come back hope joyce dy,-1
"think know beat vecna. hope remember come back comment see call it. but think fact brought eight back show beaten, get advantage him. max learn painful memory vecna cant face, max holly escape, regroup including eight there, used eight power creating illusion people head make vecna see painful memory doesnt want see, trapping memory prison like max holly were.",0
wrong upside world,-1
nancy freaking cool,1
strange but ive seen stranger thing,0
omg damyyyyy,0
boutta absolute cinema,1
"steve dies, im starting riot!whos me?",-1
"die, die yeah no thank",-1
"dont touch robin vickie please something serious going vickie hospital, least let date please please please omg im cry",-1
,0
holy mother god,0
steve diesseason 6 episode 1 stranger thing vanishing duffer brother,0
not want end,-1
"no,no,no,no,no dustin!!! steve!!! !,, netflix,, whyyyyyyy!!",-1
"die die shut ass up, dont die!",-1
"dont say that, steve!!!!!",-1
"loosing faith. dont time new plot unless 2 hour episode man. nothing else say dont add characters, make shorter good season. damn man def lost magic first 2",-1
meu corao,0
release date,0
"finalllllyyyyyy maxxxxxxx cominggggggggh backkkkkkkkkkkk want see everyones reaction also want know max written letter gave steve, lucas, dustin, will, eleven billy",1
cant wait,1
comment bot opposite watch stranger thing,-1
die die nononononononono,-1
steve dy im,-1
one wish show ended season 1...,-1
awaking spencer new video iykyk,0
hate first got notification hour ago thought another fan made trailer,-1
041 discover girl kidnapped ran away,0
first ohhh 2 min long trailer but like like wtf man time really fast,-1
chill ! gonnna epic,1
cant watch die....please dont die!!!,-1
christmas already,0
steve dy,-1
eu ansiosa pra isso aqui md,0
yall robin dead,-1
kali finally something useful,1
die die....!oh come man arent ready ti,-1
hope dy,-1
canon byler pls.......,0
ai 100,0
shit trash tbh...,-1
hi,1
vecna really building time machine?,0
damnnnnnnnn,-1
yesssss,1
up.sidown idk but reason thats funny,1
"big up, diana ross, mj, quincy jones giving u new soundtrack cut, anthem upsidedown",1
great thumbnail not seen part one yet...,1
omg,0
dosent look epic good seems liek holding back epic stuff!,1
"die, die netflix diee!! , subscription die! ur service entire lifee!!",-1
138 nancy jonathan get flung back. theyre okay right?,1
cant! gonna intense!,1
", 100 steve die true",-1
", 100 steve die true",-1
dustins pet demodog omg he back,1
500,1
im asking lumax mileven endgame pls,0
love murray character season,1
daaangg!!!!!,1
die die dont dare im scared,-1
108 mileven heart endgame,1
"robin,vickie, murray,steve,jonathan people high chance dying maybe nancy, dustin well..you never know..this year show netflix released like big show like squid game...netflix killed almost everyone even main characters... u think no heshe wont die.. heshe main character netflix prove wrong",-1
"die, dieme please not two but vecna",-1
peak,0
dont take please leave steve dustin alone omg,-1
nancy lot gun highlight,0
"steve dustin die, die",-1
hoping another tina scene.,1
byler not happening. thank lord,1
let say one thing..... wow,0
anything happens hairy dusty duo netflix going pay itt..,0
054 stupidest scene history high school student taking highly trained military,-1
love diana ross getting play time! upside down!,1
happy gave kali importance finally. would waste potential good character,1
endgame ty shiiiiii,1
ong holly,0
comon nancy! take dr kay!,0
136 die die also,-1
stevedustin back,1
"im starting hate watching trailer bc take much away time actually watch episodes, already predict whats going happen, wish wouldve never watched this, great trailer but many giveaway whats going happen",-1
look forward part 2.,1
dustin running steve dy make duffer brother bob episode 8,0
patty pls come back,1
fifty beat show exposing diddler,0
"steve dustin bros again, johnathin nancy getting offed",0
bringing back demo dog,0
140,0
lot unpack.,-1
"die, die.iconicc",0
bet itll boring braindead volume 1 xd,-1
"jump, jump die, die",0
no not dustin steve cant die ever knew upside not right,-1
lucas figurante premium,0
duffer brothers!! spare steve life yours!!,1
ready!!!!,1
crazy bro,-1
nobody talkin must chance erica might sacrifice lucas,0
demodogs back babyyyyyyyyyyy,1
casually hoping minivan bone,0
think scene started floating scream run like got shown tudum date announcement,0
lack lucas might intentional scene may contain spoiler .,0
anyone hear steve say u die dustin dustin said thing,0
"steve dustin definitely not dining cu said die die saved , think someone didnt think gonna die someone sure thats not gonna die gonna die something like shit gonna happen",-1
133 guy whats happening,0
11 nancy,0
119 demodog literally went past vickie running towards robin.,0
family gonna spending time together im gonna spend time byler kiss,1
murray got hitttt,0
"no way volume 2 awesome, fact season 5 beyond amazing !!!",1
swirly red matter look exactly like god particle dark used time travel.,0
netflix,0
im canceling netflix subscription forever something happens steve dustin,-1
cant wait!,1
shit look as,-1
leave vickie thissssssss,-1
"wait, hold on!! 12 child dr. brenner experimenting henryvecna abducted 12 child open wormhole clock gate. thats exactly dr. brenner trying do?! father killed mindflayer knew that. maybe mindflayer manipulated brenner like manipulating henry!!!",-1
tf mean die die,-1
im not ready pls let live,-1
,1
"no one noticed yet?? hospital scene lucas holding likely unconscious conscious max, mean might wake maybe protected",0
goat mike first time upside,0
omg im cry,-1
dont want anyone die,-1
10days,0
look like slaughter received military still shooting party. there saying applies well them.im government! im government! im reason nothing works!,-1
"another, make confusing, talked about, big hyped fest trailer...? make statement that, wrong upside down. ill watch but final story seems boring despite blockbluster visuals",-1
song played.. brr.,0
little detail jonathan putting arm ahead nancy ud! better endgame.,1
getting jonathan like 2 frames?????,0
scene mrwhatsit rain..,0
055 nancy walk em wheeler,0
trailer spoiler,-1
"die, die.",-1
aghhh cant wait ittt,1
wow awesome,1
dustin andor steve die im never using netflix,-1
"well , mr sits han morphing vecnas vecna stair well guess put sit theory rest.",0
"vecna, aint gonna win, sorry buddy.",-1
husband dy im not coming back,-1
omg im excited,1
always end vecnas voice give thrilling chilling time,1
someone die die,-1
"die, die neither die sanity please",-1
steve diesim gonna beat yo as vecna..,-1
everyone dy world reset bringing everyone back,-1
look like complete as,-1
tuned shooting copied rohit shetty cop universe movies.,0
"feel like will one whose gonna d!3 like he somehow connected vecna idk like harry potter but st version lol, steve dustin surely theyre not gonna take",0
vecna glitching best part,1
"jeez. im nearly 60 very, rarely experienced show provoked kind anticipation. writing, acting, production values, long burn finale. freakin epic. enjoy youngsters. something like doesnt happen often.",1
finale?! since,0
hollywood millie bobby brown set already. must push nell fisher!,0
"024 like mike said, holly gonna cast dimension door max.",0
eddie back?,0
peak,1
dustin steive please dont....you cant u,-1
steve dy riot.,-1
die die . brooo know know who not dying way cant take two,-1
hiding ted wheeler accualy think going hard win,0
,1
shit going,-1
"die, die.",-1
dont die heaven sake,-1
145 see will drawing barn door,0
watching welcome derry stranger thing better coming heat,1
,1
"think cooked come back verify discredit finale come robin, derick, kali, el, almost but survives somehow tearing eye something, johnathan, maybe joyce hopper.",0
christmas depression everyone!,0
robyn gonna get clapped demodog. shes goner.,-1
hopefully better part 1,1
not steve dustin saying die die irghiffuughhhh im scareddd,-1
"chaotic. mean kind bad. sometimes series follow many character noticed 1st. act. yet sometimes series surprise, example dexter ressurection. thought would horrible but 1010. hope stranger thing wont dissapoint.",-1
"shit soo lame. never liked stranger things, seems like show college hippies.",-1
omg noo vickyy,0
dont forget misdirects first time! many line spliced yet show!,-1
omfg duffer love,1
dustin doesnt die safe ??? yay,1
wtf,-1
let get already!! youre holding one piece season 2 back!!! release itend itand let get onto grand line!!!!,1
bruhhhhhh im stoked,1
brooooo omg im excited,1
"yea, think ima check theaters, bc trailer",1
nancy x shotty x sarah connor ive waiting for! yasssssand not misdirect bc see frame!!!,1
scene demogorgon getting shocked probably episode named shock jock,0
"steve dustin die, dieme duffer brother die, franchise dy",0
no one dies???,-1
"netflix please stop cucking shows. used release episode once. wait year release allow u upload month later. really pathetic. customer pay watch content. gonna watch 5 episodes. better company. stranger thing over, im done netflix lol",-1
finally steve dustin steve dustin!!!! missed duo muchh,1
"steve harrington not dying! explanation dustybun already lost eddie situation , thats move day see first half. aint no way he gonna loose anyone else sacrificing selfs.and think scene eventually end no one dying but later show situation turn dustin make decision sacrifice self.",0
die die,-1
die die,-1
honestly part 1 beyond mid show ended year ago dragging,-1
no pls dont want steve dustin go,-1
vicky die?,0
wheres though . power ???,0
well steve gaten obviously not dying cuz duffer wouldnt put actually,0
jonathan british accent coming 108 surviving,0
sat max holly escape.,0
vecna always tb time,0
iconic screaming,1
let see dy first.,0
gonna best stranger thing series ever well maybe not best but think gonna break netflix,1
132 8 anyone wondering,0
duo finally back,1
audio upside top friggin tier.,1
noooooooooooooooooo know wont get goto enzossss whyyyy meeee,-1
stranger thing 6 teased,0
die die like dont die guy plz,-1
"steve dustin die, die. everybody watching no! no dying!",0
made epic music?!?!?!?!,0
"119ok, theory vecna mr whatsit beign different personality true?!",0
im ready but dont want end,-1
thing im happy steve dustin get along,1
nancy looking fierce la ripley.,1
"well, werent inspired get filmmaking already, go!!",-1
"omg thats soooooo amazing , incredible",1
yup! best absolute cinema! dont dare make grown men cry vol.,-1
spend christmas eve cry steve dustin dying netflix getting sued.,-1
"die, die. no, none going die.",-1
holy peak christmas,1
"theyre battling vecna government said, let make harder.",-1
"oh yeah im sorry gotta say say im gonna say , stranger thing ending gta 6",-1
,-1
"steve die, die!dustin die, die!me die, netflix die!!!",-1
"hey guys, season 5 last season?",0
shut,-1
"tear heard steve dustin said, die, die noooo cant istg die im suing",-1
vecna still supposed scary?,0
ooooooooooooh,0
thesselhydra anywhere??,0
oh no steve going die,-1
"best, beautiful, wonderful series ive ever watched life. perfect, magnificent, beyond amazing. nice, good series. recommend everyone. watch it, watch it. swear never seen better series series. watched series, felt like couldnt life. almost perfect every detail, everything thought smallest detail. worth wait. everything definitely thought smallest detail, action, thriller, horror, nostalgia, everything here. all, people since 2016, 10 years, good, im going cry, swear. mouth open, every second watch it. perfect series. no series take place series. no series, film, cinema, whatever, surpass this. stranger thing best",1
die duffer brother die,-1
"scene steve dustin kinda make think survive. duffer brother probally hyping theory much, people end surprised someone else dy maybe nancy jonathan many dont expect die.",0
bring edit back,1
136 139 nooo,-1
"dont know are, but thanks spoiling it, thank you.",1
"steve die, diedustin die, diered queen youre die",-1
everything great die die,0
lexzgoooo,0
"die die, bro literally giving endgame trailer vibes, btw farewell stranger thing",0
holly face thumbnail,0
wdym steve die die ?,-1
imma honest. t look straight cheecks,-1
ready,1
"nobody dies, nobody dy",0
music buh,0
dustin die im gonna delete netflix,-1
vecna getting upgrade? really? fckin wings?!,-1
steve dustin die die please get thatso dont die,-1
ngl no hate but already feel v2 gonna way cringier n probably shit,-1
im ready not ready. cant let go,-1
omgg guy im literally pissing im excited,1
like stranger thingsits fell cozy good,1
"swear lucas, steve dustin die im gonna crash",-1
steve die die,-1
game baby gonna dope sick hell god mode 2025 2026 cool seein stranger thing 2025 december 25 2025 last season show see christmas eve 25 2025 almost time one week end second week see netflix 2025,1
nancy v freaking military!?!?,-1
many time watched this? yes,0
nancy stay strapped,0
nancy!!,1
"steve die, diedustin die, dieme die, cry",-1
look good lol yall keep,1
vecna time doesnt hate clock anything time?,-1
chat ... r cooked,0
damn guess there no tiamat thesselahydra,-1
let gooooooooo,1
dustin steve going,-1
nancy badass girl time!,1
door middle nowhere major dark tower sk reference,0
not steve baby,-1
008 nooo dont cry,0
storm trooper aaaah aim,0
"steve die, diedustin die, dieme die, cry nd sue duffer",-1
see hotrod nancy wheeler fan team.,0
need start seeing body drop volume 2,1
mean seen stranger thing,0
cant believe im 5 hour late,-1
steve dy im burning netflix,-1
sweet mather pearl,0
second volume ill studying final ill choose better thing future.......... choose happiness success,1
turned cinametics 100,1
think red room saw vecna end trailer spike child stomach red creature saw will painting.,0
no no no????????,-1
never hyped silly show,1
please dusty bun stevieee,0
waited derry finished stay relevant,0
im gonna cry,0
"else tearing steve dustin said die, die",-1
man! goosebump ive gotten watching new trailer crazy!,1
"26th december, red dead redemption 2 epic 31st december finale 1st.... like",1
cant wait,1
die die,-1
nancy walk em wheeler,1
not even christmas anymore stranger thing day,1
epic,1
nancy new sarah connor wanted????!!!,0
"who ready 2 hour episodes!! am!! need die, dustin, steve, william 11 but course annoying black kid!!",-1
die dieok steve,-1
"release ffs , comment care die , last season , let die , refreshing",0
"die, dieone two dying",-1
best final serial netflix world,1
"ugh, part 3 nye.",-1
holy got goosebump watching watched 6 time already,1
saying die die guys?guys?,-1
johnathon saying need team? x,0
"love song choice, remix dianna ross upside another 80 hit",1
robin? didnt see whole trailer,-1
epic season ever,1
military braindead. would still fighting main group protagonist vecna wiped as them?!?,-1
50 cent gonna drop next 4 episode diddy documentary surpass trailer no time.,1
time.,0
woahh anyone see 3 little weird tentacles?? weird head kinda.. think might tessel hydra yalllll,-1
die die,-1
told yall nancy needed machine gun,0
3 eps btw,0
oh goshhh,0
no dying! heart cant take it!,-1
whait but hopper died,0
"one thing sure though, eleven dying disappearing finale",0
else watched entire series last week,0
im excited but volume one pure shi ngl,1
upside,0
"no focus crazy, seeing last saw last do.",0
one last time!!!!,1
there always split scene hugging mom bed,0
frat boy cap,0
dustin steve may cooked,0
"die, die leave favorite duo alone!!!!",-1
vecna literally doraemon now. got anywhere door even,0
"yall. whoever thought steve dustin done friend bc whatever happened didnt happen vol.1 next part gonna prove wrong. said die, die. im shaking fear.",-1
3m,0
omg undoubtedly amazing,1
045 no way bro think dark,0
fuckin chill,-1
dustin dy aint watching,-1
ima tell kid commented st5 trailer,1
"robin vickie dies, im gonna find guys.",-1
026 thats doraemons anyway door,0
"footage feel like final episode, but vol 2, finale gonna thing, holy shit",-1
happy stranger thing christmas,1
top villain 4th dimensional electricity box derek built model vol 1? maybe powered vecnas 12 child go back time,0
doraemons anywhere door vecnas floating anywhere door.,0
not dry eye sight tm,0
lol,0
going sooo good. nancy badass shooting scene. dustin steve die know,1
gon die,-1
140 seems best steve dustin duo back finally,1
"steve die , die",-1
meannnnn die die!!?? either dy flipping table house!!,-1
nooooooo basically either steve dustin dy will!?,-1
dustin nd steve please dont die,0
let make liked comment volume 2,1
,1
"die, die plssss nooo",-1
not dustiney bun,-1
plss save vecna cost,0
,1
doctor strange shit vecna upside rightside demension x,-1
ayy nancy walk em wheeler,0
holy shi,0
flipping diana ross music upside like straightup genius.,1
hold waterpeak dropped,-1
thing know dy sue duffer joking btw,-1
arrepiouuuuuuuuuuuu,1
cant wait,1
steve dustin friendship backkkkk!!!!!!!!!!,1
vecna coming like mariah carey time!,1
c r n g,0
guess wrong 008. important,0
see vickie trailer followed demogorgon,0
"die, die? oh someone going to...",-1
"die,i die noooooo not againnnn",-1
"dustin die, dieno...please no.",-1
yes,0
"thanks, thumb up, great day.",1
cant wait,1
holly shit,-1
byleerrr,0
"whole time, everything weve ever assumed upside been, dead wrong plot twist?",-1
best trailer world,1
steve dustin need stop saying shit giving anxiety,-1
nah either dustin steve aint making fella,0
well go favorite character die die,-1
masterpiece,0
steve better not die!!!,-1
die die die die,-1
max back,1
pico,0
,1
isnt steve jonathan real world? dis get stuck upside down?,-1
epic stranger thing trailer weve ever seen,1
"steve dustin, brooooo!!!. get back tear.",0
"well, im gonna watch multiple time over.what mean everything know upside wrong!? twist aee come",-1
absolute cinema,1
"ok, 11 falling sky!!!",0
"steve die, diedustin die, diegot cry 140",-1
"military incompetent fiction, change mind.",-1
byler endgame eat upppp,0
please dont foreshadowing 136,0
not whole lot johnathan trailer...,0
time.,0
yall r missing big as red ball thingy sky,0
byler endgame cope,0
"think ending would hard , emotional unsettling but come writer maker show make good ending everyone survive end world nobody make sacrifice save",-1
everyone talking dustin steve dying but im happy friend,1
thanks google not giving ai slop,-1
"make traileri mean finally, someone making lister without giving away entire story",1
actually let sigh relief saw robin,1
"swear best final season tv history, whoooaaaa",1
im convinced theyre gonna lose point,-1
anything happens steve im gonna sue ur as netflix duffer brother,-1
nancy like war vet now?,0
030 holy sht look freaking incredible cant wait new episode,1
"mike look love el, mileven lives!!",1
best,1
lol huge let vecna already got hawkins big as portal show supposed end world vibe still fighting inside upside down?,-1
die die please brother,-1
hopefullly steve dy,-1
like button get scared thats cute,1
im show. end already.,-1
"no dustin dont say that, thats gay",-1
im hyped let fing go!!!!,1
"dont get it. could aired first half 7 episode october, taken break, finally aired finale december 30th wanted to. airing like this, considering number episodes, seems extremely absurd. isnt broadcast tv.",-1
steve dustin die also die,-1
"kali, el better destroy vecna. thats christmas present u",0
"absolutely love trailer. love theyve continued trend mixing current song st main theme. but, however, demobats?",1
t fire,1
043 cgi model dark????,0
camazotz,0
"theyre not showing much eleven, think must big twist coming.",0
ngl hate thing weve following however many season pull everything weve known whole time wrong might well say everything last couple season waste time. actually matter,-1
dustin steve duo back,0
"die, dieyou die, dieany even yous die, ill die",-1
051 best definition nancy walk em wheeler,0
duffer brother die steve die,-1
dustin steve nooooo,-1
not listen mareo madso saw video weird stranger thing way better,-1
"good lort, yall please stop playing like this.....can christmas come sooner",-1
"die, netflix die!",-1
108 steve outside upside first time trailer footage?,0
,1
might but vecna reason didnt look terrifying end.. face looked like someone without rage. something like dunno,0
thought show couldnt get better,1
"steve dustin die imma sad, lose next volume",-1
homage eddy vest tho..,0
watch stranger thing b4 final volume,0
indian assemble,0
wait. there pt2 last season? sigh,-1
think nancy walkem wheeler mad jonathan dies..??,-1
055 nancy walk em wheeler,0
commenting see theory right die not happy ending,-1
trailer felt like avenger endgame,1
dustin dy im suing netflix,0
,1
"really bad noah schnapp big role final season. performance god awful, especially compared season 2 will. hate made less talented lol",-1
wtf white haired scientist bish back?!,-1
holy shit,0
yessir,0
die dielikely one die thats steve,-1
kid fight demon minions. copy paste. repeat 9 years.,-1
wheres erica not shot mann,0
ohh kali.. eww,-1
die. broim not emotionally ready this.,-1
"oh cant wait!!!but me, joyce not vol 2 trailer??",1
god cant believe close end,-1
volume 2byler?,0
dont waste time watching stranger things.the video post much better stranger things. thats fact everyone acknowledge. h,1
warning netflix anything happens steve gonna last subscription netflix,0
no brooooo wheres derek,0
"die,i die heart",-1
hope better volume 1,1
"die, die.",-1
137 nooooo,-1
128 huge shockwave probably used destroy wall,-1
demodog going past vicki not attacking her??,0
woooooooooooooooooooooooooooooooooooow,0
havent excited xmas since kid!,1
wow,0
look like god particle dark,0
omg!!!!!,1
cant wait,1
die die.. die steve,-1
strange thing stranger thing people like much. couldnt make one episode boring af ripoff basically no thanks. welcome derry suck as but different reasons.,-1
hyped hyped hyped,1
137 omg finally said back dustin,1
vecna shape shifting like big p,0
hope release upside stranger thing remix,1
"like eldritch horror thing thats coming season. me, personally think need kind stuff",1
guy fear fokin life,-1
duffer brother im coming ya something happens steve dustie bun,-1
"way still gatekeeping mike scenes, cant",0
0031 oh cool deadlights?!??!,1
die die,-1
omg! theyre holding last episode new years?!?!,0
one getting clappw,0
,0
steve gonna hit uno reverse dustin sacrificing say something like die live,0
im getting scared,-1
please dont let die steve,-1
no idea going volume 1.,0
"damn , die die",-1
steve die im making season s6 vanishing duffer brotheres,0
nobody gonna talk willy ...... bro getting white eye againnn,0
,1
"trailer, ms. dyer look like female version rambo",1
107 welp jonathan speech confirms theory,-1
"oh god, love series!",1
054 nancy badass,1
054 nancy badass,1
im glad robin murray alive. die die. please dont die.,1
next week there stranger thing christmas special.,0
sooooo sickkk,-1
fan telugu vertion..,0
new year? new year?,1
"whole time, everything ever assumed upside dead wrong ohh??",-1
"die , netflix done",-1
next thursday.,0
doesnt look like gonna deliverim literally watching decade time done now.,-1
anyone 2026?,0
"die die,no one gonna die",-1
bro cooked,0
"steve die, die 136 dustin die, die 139",-1
ted still gon solo vecna,0
released watching stranger thing 3,0
nancy badass,1
rip robin jonathan. barely see ..,0
pls die?,-1
"die, die, thinking stfu",-1
hottie,0
"oh god, steve dead",-1
die die wrap,-1
think scene 105 isvecna sent demodogs hospital attack max physical body since shes trying escape want stop her.,0
"dont worry anymore , netflix, die day",-1
"dont waste time watching stanger things,the video channel far better mine",0
hug joyce omg.. think he monster,-1
vecna amar rahe.....,0
"vecna saying, time new world 125 gave chills. also gang charging upside look epic!",1
show year volume 1excitingvolume 2 predictionheartbreakingvolume 3every emotion combined,0
"die die, go rampage gta 5",0
t u dead season 2 crazy,1
never regret watching show,1
everyone remember watch slow motion! sooo much catch!!,1
nooooo not steve dustin please,-1
okey stop killing steve say,-1
jonathan?!?!,0
finna fire,1
"crazyyyyyyyyyyyyyyyyyyy , but no u die die plsssssssssssssss",-1
atleast one main character die mentally prepared,-1
die die,-1
"welcome derry threw heavy gauntlet... stranger thing poised pick up, snap fingers.",1
reason im pumped christmas year,1
idea dark 1899!! wow netflix!!,1
030 think eddy beby,0
well vol 1 absolute trash except last scene. like writer brain fallen still havent found yet.,-1
dont dare die,-1
watching school,0
rip steve,-1
die die die die,-1
no one mention joyce isnt there?,0
please die make shit bit interesting,-1
need psychologist janiart 1st.,0
oh gonna red christmas,1
why no one talking 138 look like nancy jonathan,0
vickies cooked,0
welcome derry better thn,1
,-1
whoever gave name like kali el? theyre together like kalel? never strike,0
136 holy mother fine shyt steve harrington,0
cant wait,1
im excited v2 gonna good,1
tell nancy high schooler never shot rifle. shoot military train soldiers. show really went rail,-1
cant wait !!!!!!!!!!!,1
im watching show free imagine paying netflix big old 2025,1
crazy yall dropped trailer right welcome derry yall knew yall competition,-1
gonna go 2026 devastated,-1
nancy walk em wheeler,0
nah look ahh,1
106 robin also standing military guy get attacked demodog.. istg robin dy die,-1
die istg new episode named disappearance duffer brother,0
dislike like upsidedown,0
wheres patty this?im expecting significant role otherwise whats point introducing her?,0
holly still prettiest girl earth,1
there someone falling sky one shot dont think vecna.,-1
nancy walk em wheeler back absolute savage,-1
byler isnt endgame im done,-1
"thing happen. steve dustin , netflix gonna end . gomma lakka sethanaunga",0
"finally, actual trailer volume 2, kept seeing fake, fan made one appear fyp",0
know byler kissing,0
waited long last season suck,-1
steve dustin please dont dieeeee!!!!!!!,-1
nancy walk em wheeler,0
nancy,1
"2 thingsnancy popping machine gun made yell wolverines!!!!2. pennywise, die die thats way is. iykyk",-1
055 nancy walkemdown wheeler usual,0
wheres trailer?,0
"dustin dies, cry",-1
hell want dont even think steve dustin,-1
"loved when, coming stairs, changed form vecna, omg!!",1
not die dieim not ready please,-1
cant wait finish dookie as series finally get rid netflix. holy shit. know coming too. lol,1
vicky no no yuri noooo,-1
go hard.,0
"die, die duo back",0
seems like darkk,0
yeeeeeah!!!,1
die die,0
absolutely cinema,1
die,0
think steve die saving jonathan nancy dustin. max die saving children. kali dy vecna too.eleven disappear upside fight.,-1
ud nothing but breeding ground vecna. demo arent monster hoomans turned demo.,-1
total goosebump man epic,0
not two character desperately want stay alive saying die die,-1
finally !!! love,1
producer much plot armor? writer yes,0
105 noooooooooo,-1
instant goosebumps. every. single. frame.,1
nancy underrated asf,-1
heck argyle????,-1
t corny bro,-1
please tell upside season theme song!,-1
"die, die come true duffer brother gonna say line.",-1
die dieme die die,-1
robin goner,-1
eleven sister,-1
aaaahhh,0
happy ending no one dy yeah let that!,1
look boring,-1
welcome derry better season 5 way dragged way long grown cast disappointing ill still watch anyway,-1
predict character going die season,0
duffer brother setting nerve fireeee,-1
"steve dustin die, dieme either die, die",-1
vecna social time,0
"mean die, die ??????",-1
vecna,1
"die, die netflix die promise wont getting anymore money",-1
hate show always blasphemy name god holy name like mary mother god joseph husband. like show.,-1
peak like....u dont understand,-1
holy shit,-1
"steve die , diedustin die , dieme yeah duffer brother",0
"wtf die, die nooo cant",-1
die die?! excuse what?!,-1
steve better not going anywhere ! must live.,-1
"steve , jonathan, max alli dy",-1
steve die diedustin die dieeveryone comment die dieme im good,0
wow real dumb looking .,-1
"die, die ?? noooo pleaseeee",-1
man first four episode disappointing,-1
"steve dustin die, diemeanwhile got scratch surely die",-1
106 robin back demodog 119 thing running right,0
steve swear god,-1
bye bye steve,0
"seeing dustin steve connect again, make tear bro",0
"okay, guys, hear out. matter dies? long remain alive till last episode, series anyways ending, way one dy none die, die, series over, doesnt matter remains alive no upcoming season look forward to. series coming end, mind blowing finale expectations, let u enjoy.fellow stranger things, fan",1
time everytimeee bro,1
steve guy,0
duffer brother gotta keep steve alive,0
waiting................................................................................................,1
netflix better handle traffic time?,0
die die,-1
keep saying vecna misunderstood im curious theyre gonna portray next volume,0
steve 2 short scene trailerhes dead,-1
henry glithching 001 vecna insane!!,1
nononononono,-1
dustin n steve,-1
"dusteve.. netflix, please dont ruin christmas",-1
think dart back,0
105 im afraid vicky gonna next victim loveablesidecharacterthatwasonlycreatedto die curse,-1
mindflayer,0
see nancy??? aahh amazing,1
"due respect, im gonna pirate final episode, really enjoy show, but not extent watching movie",1
im damn excited,1
"wow, bulletstothemusic trope used hollywood trope last decade.",-1
mike imagination,1
gonna break internet f,-1
nancy walk em wheeler,0
average season. tone place. acting mostly awful,-1
watching 2030?,0
hype,0
duffer bros touch steve dustin see happens. dare you.,0
next week there stranger thing christmas special.,1
im excited!!!!!!,1
murray alivveeee,1
peak,0
alright look like ima step in.,0
helly vecana weler home,-1
,0
oh gonna something never even imagined,0
ohhhhh die.... great....,-1
yo got deadlight,0
tell u runtimes episode pl,0
still waiting die,0
vecna table???,0
stranger thing zero point,-1
2 minute spoiler,0
stretched long point idec dy make,-1
noooooo steve dustin omgggg cant take,-1
insane.i wish prey el not die jonathen,-1
robin need stfu cringe one liner,-1
nononononononno steve say,-1
holly gonna get vecnad,0
absolutely brilliant marketing,1
nah cry teaser,-1
die die?! excuse,-1
no one dying!!!!!! get behind steve dustin,0
"die, die no dont pull shit swear vanishing duffer episode.",-1
william waiting !!,1
ahhhhhhhhhhh caught super chills!!! omg!!,1
one watched series uff,1
136,0
boring show literally,-1
let gooooooo omgggg!!!!!!,1
"always knew dustin die. lost eddie, therefore no chance loses steve. protect steve",0
die netflix die,-1
yesssss,1
upsetting released three parts! really wish couldve binged it!!!!!! really take watching fantasy!!!! but love stranger thing,-1
die die them?! stg duffer brother leave. them. alone.,-1
"watched welcome derry , show overshadowed it.",0
nobody dying! no mean no,0
"well hopefully core cast actually something part 2. mike nothing 11 girlfriend. dustins whole role getting beat up, super cool. lucas cry girlfriend take back seat sister, second worst character show. always weakest link cast he front center but didnt bother getting acting lesson brutal watch. max there. 11 millie, epitome unearned entitlement worst thing show. nancy john wick reason. guy hang around not steve still there. adult going die wish got already. steven robin continue best thing show. robin carry throughout part 1 im convinced purpose act well enough them. everyone else garbage. dont give crap holly, hell she?! max could done part would able spend time character actually like. spinoff bait ruining last season.",-1
season going crazy,1
genuinely died 15 time fainted 5 time watching freakinngg trailer... aint kiddin dead vol 2 ...,-1
ok murray still alive!,1
trailer already sent chill spine. imagine watching whole thing! excited 26th,1
much. theyve gone far,-1
im not ready,-1
"wise man said steve dies, diei may follow dustin steve die",-1
peaaaak!,0
die die die die,-1
ojo con lo que le hacen mi steve dustin loco,0
vecna look like ultron 146,0
imagine getting bella ramsey webseries,1
duffer brother keep safe brother,1
finally steve aur dustin ki fir se dosti ho gai,1
steve dustin dying sure,0
netflix dont fuc dare touch steve dustin,-1
netflix dirty company,-1
"much paying moron hype lame season up? not rhetorical, straight forward question. ill wait",-1
nice,1
"die , die",-1
139 dustin gon pull eddie,0
136 no steve dustin please no,-1
hyppppppeeee,0
oh god got done rewatching delightful derek scene pack jumpscared,1
let gooooooooo!!!!!!,1
"thing havent seen anyone talking yeta demodogs back!b dartagnan back!c vecnas throne roomlair, place kid probably held",0
duffer brother duff series netflix one greatest show!,1
25th upside downside,0
mike kiss?,0
nancy walke em von wheeler bringing m16 fight general holy shi t peak,0
no one dies??,0
130 kali jumping hopper???? traitor smt???,-1
"die, die. cant happen steve hair harrington dustybun!!!!",-1
die.. boring,-1
"go, go backdraftpeak vibe",0
awesome trailer!,1
nancy turning sarah conner fighting original sarah conner,0
"said die, diei bet not gonna die",-1
vecna confuse choose body 120,0
die pie,0
absolute cinema.,0
vicky cooked,0
really hope leave open ended possible sequel 10 year line but im worried might not true dustins line not assumed.,0
william...,1
delightful derek?,0
"already foreshadowed, steve falling death",0
excited christmas,1
stranger thing crazy show thank u cook,1
"die dieplease tell thats lie much, cant cry rhyming, sighlet good happy bye byeand no im not high",0
"die, die",-1
robin turning power nooooo cant die!!,-1
steve dusting dy lot people gonna die,-1
112 jurassic park homage lol,1
t pmo bad,-1
w,1
youre moron think steve dustin dying btw,-1
122 henry glitch vecna,1
"doraemon goated, use anywhere door",-1
nancyy gunnn 054,0
welcome derry destroyed st,1
"script leaked early, dustin fact die, sorry break everyones heart",-1
steve dy die!,-1
"die, die youve got kidding..",-1
broooo netflix batch bro like want watch whole thing stayed home one batch,0
got absolute shiver watching this. cannot wait!!,1
upside actually inside round round!!,0
nancy go full rambo....,0
"pls, steve dont die",0
10 day way long.,-1
"john 316 god loved world gave one son, whoever belief shall not perish but eternal life. jesus love never late repent !!",1
watch new year thn year best,1
so... jonathon dies?,0
nancy walk em wheeler back business babyy!!!,1
someone falling lightning like henry season 4,0
"steve sacrificing himselfeddie munson enters coming back dead ive got this, big boy.",0
gonna need bring nancy wheeler skin call duty,0
boutta insane,0
finished watching welcome derry peak cinema show. time get back real fun,1
nancy turned unrealistically op,-1
boringgggg. derry way better,-1
op,0
definitely greater villain vecna,0
wish machine gun shootout didnt part climax show. not interesting but america seems really machine gun deaths.,-1
anyone notice drop trailer welcome derry released final episode season,0
"jesus, birthday gift",1
"go girl, give u nothing!",-1
"die, die",0
"first time watching stranger things! idk strange thing eras, but am, finished season 13 start season 4 next week bcs amazing series want take slow since heard s5 last season, end show! yup! believe not, idk but finally got curious heard enough hype season 5 finally started stranger thing s1 month got done s3, ofcourse s4 next. got hooked! amazing series, like season, got getting amazing. became fave! perk watching late late hype wont need wait yr season come, but downbad that, bcs im new late, kinda sad already ending show newest season 5, like new club, wont getting another new season kinda sad ending thats im taking slow watching s4 getting last season ahhh love show much",1
max hollymy queen,0
die die wtf,-1
no one appreciating trailer thumbnail dedicated max ? like somehow many way kept center mystery curiosity every time.,-1
119,-1
"upside down, remixed sound dope",1
nancy walk em wheeler,0
already die,-1
im excited stranger thing christmas.,1
trying create artificial hype netflix opponent,-1
karen 134?,0
die die. not gonna lie line got nervous af,-1
young man,-1
die die,-1
thought robin one scene abt throw hands..,-1
025 mike told holly open portal dimension door shes cleric.,0
wanna stand chance surviving need team johnathan byers. stonathan incoming,0
"die, die ...we die",-1
hold holly max salvation.,0
damn rip dustin,-1
fact none scene steve trailer upside scaring me. trailer till now. no sign coming back main world.i trembling fear point,-1
"die,i die no pls no",-1
know great get 2.5 million view 4 hour,1
"steve dustin die, die",-1
byler happening,1
guy byler real?,0
casually crashing end said finale new year eve,0
source say vecna still saying time,0
"im psyched tell writer fun writing this, theyre throwing everything wall im loving",1
enter pennywise wreck everyone lmao,-1
walk em wheeler,1
die die. rebuke itttttt,-1
petition eddie come back,1
stop edging already give hard!,-1
byler not endgame im calling police,-1
117 ted falling aura,0
forever young shouldve song choice trailer ngl,0
damn know who dying,-1
watching steve...,0
"everyone talking vecna glitching die, die, but shot eleven running debris",0
omgggg,0
stranger thing fan like 119,0
omg,0
man legendary show period cant wait next 3 episode,1
williams fire mood start ahh,1
"robin dont die, queen, please",0
plz steve dustin live,0
"steve die die dustin die die die guess, suppose get happen, litterally favorite relationship show!!",1
"dammmm,",1
rip steve rip dustin,0
goddammm getting chill,0
ik im christmas morning,0
nancy walk em wheeler thing see,0
fact trailer got sob... ill wreck watching whole thing,-1
die dieaahhhhh season three reference,-1
"die, dieoh god",-1
find interesting didnt include child recently taken.,1
explain nancy outgunning military soldiers... real second,-1
cant wait,1
"steve dustin safe. netflix duffer know scared fan them, thats reason dialogue like included trailer. plan make spin spin off, really looking like moment, steve dustin robin safest best make money. end day, business netflix wont throw away cash show. youre going scared characters, scared mike eleven",0
oh no favorite girlfriend going die 106,-1
120 huh,0
,1
nancy walk em wheeler,0
die dieno thank stop right,-1
indian girl likely mole vecna.,0
superrrr good cant wait volume 2!!!!!,1
mileven byler dont understand steve dustin live okay?!?!?!?!??!?!?!,-1
"rememberas insane looks, isnt even finale. part two",-1
die die pls no?,-1
max sacrifice holly,0
namcy serving ripley,0
gonna make u wait week finale vol 2,-1
cant wait,1
051 nancy ate secen,0
love stranger thing,1
big circle dark,0
request final show isnt vecna 11 straining holding hand towards other. seen many times. still soooooo excited see end,1
027 doreamon anywhere door stranger thing,0
rock hard,0
kaliiiii,0
die die noooooooooooooooooooooooooooo,-1
stustin saying die die cant breathe,-1
2min aint enough,-1
trailer bro insane,-1
"die, die.",-1
whyy heck final season?? like please,-1
jonathan byers fan assemble,1
weak trailer. wow.,-1
cant wait!! 10 day guy,1
107 see vecnas curse ??? please tell wrong,-1
"steve die, diedustin die, dieme dont die!netflix wanna kll someone kll mike not dustin steve",-1
got deadlight stranger thing gta6,0
steve dusty bun dy duffer brother die.,-1
praying eleven dy annoying af,-1
"die, diesteve definitely sacrificing save dustin!write",0
thats gonna peak,1
die die,-1
"yeah, gonna bawl eye watchin vol. 2",1
let gooooooo,1
cant wait pls come fast,1
wtf die die,-1
"im today ik always goated series man started watching 7 year old im gonna 17 !! doesnt feel 10 year , st soo peakkk guy specially recent season 5 4th ep came soo peakkkkk n soo excited see next 4 episodess yay",1
no one dying guysss,0
"wtf die, die shit",-1
dip delightful derek?,0
nah nancy ar yea cook,0
"die, die nobody dyinggg",-1
,0
nancy walkem wheeler shootin military,0
vecna wheeler house now???,0
bro think eleven die hopper said cmon big moment might fail sacrifice,-1
insane,-1
die die,1
"steve die, diedustin die, dieus either die, die",-1
insane !!,-1
omg,0
dont u dare touch steve,-1
"vikna looking 12 child use power banks. relationship socalled world real world actually relationship north south poles, like positive negative terminal battery. world red, real world blue. viknas goal reverse positive negative terminals. twelve power banks, turn world upside down.",0
no steve noooooo,-1
"putting here, im almost 1000 sure robin dies.",-1
"die, die???? no",-1
109 baby look scared losing forever,-1
cant wait see using power,1
seeing steve least give hope wont die shock jock,1
nancy walk em tf wheeler,0
dustin steve die file class action lawsuit netflix duffer brothers.,-1
welcome derby better,1
not die die nooooooooooooooooooooooooo,-1
okay but wheres byler,0
others many time watch this?me yes.,0
stranger thing end netflix downfall start,0
"actually feel better dustin steve now, bc feel like die, die red herring",1
epice !!,1
"love woman singing upside down, mike looking lady said up, max side room lady said side ,and max holly looking lady said down, agrees cool",1
trash woke dei serie,0
nancy going rambo mode,0
stranger thing ending netflix subscription ending,0
nailed trailer again. thinking make trailer interesting without spoiling it. tell majority scene episode 5 6. dont think getting anything 7 finale. maybe glimpse be.,1
dustin season 3you die die..steve season 5you die die,-1
holy mother god,-1
die die,-1
man last excited terrified character dying 2019 final season got na endgame released. cant believe far duffer brother went create masterpiece. worth hype wait.,1
"really looking forward rest season, buddy n stoked",1
aint nobody merry christmas year,1
much spoiler ngl,-1
"series end netflix subscription also end,",0
"steve die, die dustin die, dieme guy die, duffer bros die",-1
"hey, netflix, could u favor not buy wb, please thank",1
"die, die. excuse me?? lemme talk duffer brother real quick",-1
no strong role el ?,0
cant wait,1
oh god pause hospital scene demogorgon jump military guyrobin literally right behind him! think hospital gonna blood bath. dont forget ted karen still patient,-1
look freaking promising. no finale season series sitcom made conclusion properly. hope st5 conclusion,1
nancy taking trained military. television logic.,-1
cannot wait!!,1
"finished watching volume 1, im ready volume 2 december 25th christmas.",1
leave vickie im scared,-1
think 119 robin get attacked dy heavy wounded,-1
"die, die, die!",-1
hope jancy endgame,1
"die, die! im not crying! upside soot eye",-1
feel like point bad harry potter fanfic. obviously harry vecna voldy.,-1
thanks max spoiler netflix. get feed im not even subbed!!,-1
im not ready die,-1
escape camazotzz!!,0
look like vecna mouth. look like teeth behind him. could mouth dragon . see!,0
"anyone else little underwhelmed this? season 4 fully expecting warapocalypse carnage. seems like theyre walking around, chit chatting eachother occasional action scenes. ? feel like netflixthe creator abandoned actual storyline simply going shock valueviral worthy moments.",-1
damn holy moly,1
,-1
"simple guy, want happy ending.",1
yeah.... gonna insane! volume one solid!,1
let go! busting nighter watch this!,1
136 138 die netflix remember subscription also die,-1
oblivion gate,0
spoiler vecna die,-1
someone better scream wolverine shoot scene,0
"word cannot express excitement, final stretch yall",1
stranger thing v. wtd finale competition,1
goosebump,0
omg eleven mopppingggggg,1
pls no die die,-1
hell mindflayer,-1
go watch welcome derry learn tto great show,1
fact steve isnt trailer except two instance dustin show he going die. doesnt help queen another one bite dust album game randomly popped 4u listening. know know.,-1
im vecnaing omg im boutta vecna omg,1
no argyle season massive oversight,-1
watching welcome dairy doesnt interest anymore.,-1
wow legit,1
"die, dieand cry",-1
"word wisdom die, die",0
"heart sunk die, die",-1
die die,-1
im fired up!!!!!!!!!!!,-1
walk em wheeler,0
bro die die freak,-1
blyer endgame,0
die die,-1
absolute cinema living noww,0
gonna choose forget robin appears getting charged demagorgon pray life,0
walkem wheeler strike,0
"142 look shot upside believe canyon, holly max looking",0
105 2nd time demodog destroyed hostpital btw,-1
138 brother die?,-1
cant wait,1
steve going die sacrifice dustin button,-1
wonder itd go everyone except steve dustin die.,0
"lfg! cannot wait see finale unfold. great trailer! im excited, but couldnt tell certain happen next.",1
annoying character season 2 back? ugh,-1
look much better part 1.,1
no spoiler please,0
finale betting 5 hour long,0
136 nooooooo,0
yup dustins lose steve like eddie,-1
136 steve dustin,1
anywhere door stranger thing,0
"die, die netflix die subscription die",-1
one notice steves hair,0
trailer feel like endgame,0
nancy giving rambo vibe,1
music plot,0
nancy,1
,-1
025 aaah doraemons anyway door!,0
"die, diestfu, nobody dying",-1
cool nancy shooting damn military,-1
,1
excited,1
absolute cinema cant wait,1
steve dustin dy im coming,-1
top comment bot comment wild,-1
aura.,0
,1
living nra nancy,0
"mike dead, dude trailer scene left volume 1, get cooked",-1
cool,1
lucas green flag... way holding max getting chased demigorgon,-1
"die , die",-1
die,-1
effin cold chill,0
yes lesgo robin scene wont die soon ohew,1
hope dont kugelblitz thing like umbrella academy... im little worried,-1
gf forced watch first half,0
152 dragon,0
thanks confirming byler not happening. hate byler,-1
"die, die told steve going die dustin dead inside",-1
atleast boy murray didnt die crash,0
dont die steve dustin,0
no one notice blonde hair 014?,0
no one dy,-1
ending stranger thing cancel netflix subscription,-1
"pedazo triler!!pd para todos los fan de stranger things, el viernes 18 la 0000 sale una cancin llamada nancy steve de los artistas davvo mj jaune emma. se viene volumen 2 este temazo!!",1
doraemons anyway door! yay!,1
oath give making cry!!!,-1
"oh, look innocent troop getting killed following order",-1
cant wait mileven fav,1
cant wait excited,1
yassss! who gonna spead christmas watching stranger thing meee,1
pls cant wait volume 2 hard,1
"take that, take that!!",0
please dont end web series,0
110 mileven,1
many episode vol 2??,0
"die, die dont like sound",-1
"die, die line enough make u die.",-1
malayaliss,1
turning marvel movie,0
mindflayer,0
fuk steve harrington gonna die,-1
craaaaazzyyyyyyyy,0
noah schnapp right. not prepared whats coming.,-1
give strong harry potter vibes.,1
disrespect bot disrespected stranger thing,-1
plot twist steve dustin talking dyeing hair.,0
walk em wheeler 053,0
nancy handle military shoot out!?,0
netflix want u lose sanity even,-1
get video game would crazy story line,1
"die, die... no no no no no",-1
dont let dustin die please he favorite character,1
im not ready say goodbye show.,-1
"im sorry family, ill unavailable christmas",-1
"die, die.no chance dying. right? netflix?! , please dont",-1
"die, die.absolutely not!!",-1
im actually scared volume 2,-1
max better make alive istg.,0
100 confirmed either stev dustin die,-1
best dungeon dragon show ever made,1
istg dustin die im crushing,-1
131 chal jaa vedya time har episode pyaaz ke pakode,1
010 mike upside mike upside oh god used pray time like,0
duffer not fool me! theyve hinting steves death almost every trailer thats know not gonna happen. wouldnt give u hints.,-1
dudeee freaking excited scared shit this...i getting goosebump everytime watch trailer!!!!!!,1
im not rlly feeling tbh.,-1
best series year,1
never ending storyyyyy.......finally end....with happy...hope,1
waiting 26th 1st january,0
"mind you, last stranger thing trailer ever get",0
kid,0
025 026 abeee sala motorstucker doberman ka anywhere dooor,0
no but trailer gave goosebump anything ever experienced,1
ughhh steve cooked bro. gonna christmas nightmare,-1
"die, die no please, dont die!!!",-1
dont die wont cry,0
finna cry last episode,0
103 hope vickie doesnt die,0
"stranger thing friendship stronger monsters. die, die.",0
,1
"right staring face fact will power arent random event he close henry, get powers... he got power regardless is!!also, steve, dustin? neither die? that?",0
"neither die, hear me.",0
steves death comfirmedyayayayaay,-1
ooooommmgggggg,0
fact dustin say everything ever assumed upside dead wrong say something dustin always one come revelation upside,0
murrie going die....!!!!!!,-1
wow,1
steve cooked fr,1
eagerly waiting ultimate face v vecna,1
legit gasping whole way,0
nancy v military thats gonna wild,0
sorcerer incredible! hope see badass power want finally happy,1
never clicked fast youtube video,0
cant control excitement but not ready show end...,1
way end 2025...,1
waiting,1
lol time travel gonna fix everything,1
gonna get diy gate using demo sacrifice 135,0
die die,-1
"thank netflix finally giving u trailer no clear spoilers. hated volume 1 trailer gave u much spoiler, full tensione but visibile clue, still hyped. hoping final episode!",1
bout no one dy,-1
unnerving lack robin trailer,-1
hope less swearing time!,0
"die, die. swear lort dustibuns steve die!! ahhhhhhhhhhhhhhh!",-1
finally discover understand whole history show but sad end,-1
lied died ! georgie denbrough,-1
omgogmogmgomgomg,0
nahhhhh,0
new song added upside,1
feeling dont want,-1
vecta grinch want steal christmas.,-1
feel like trailer showed much. like bit spoiler,-1
oh god steve dies..,-1
,1
"die, die",-1
goosebump die die,-1
die die,-1
please no one die,-1
no hell no,-1
maybe way destroy upside world good.,0
holy peak,0
"finally iconic line dustin steveyou die, die",0
2 million view four hour insane,1
something happens dustin steve. would another episode named vanishing duffer brother,0
christmas mean gonna best christmas present besides jesus,1
netflix christmas. screw paramount,-1
omg,1
atp thing want explanation demo take much damage drunk woman wine bottle but shrug full clip assault rifle like pebble fired slingshot,-1
hell mean die. die no need alive,-1
spoiler thumbnail. good job,1
didnt get see trailer,-1
telling still wait 10 freaking days!!!!!!!,-1
pleaseeee no one die plsssssssssssssssssssss,0
really avenger endgame vibe,1
waiting,1
"029 noticed shot trailer dustin say holy mother god see call back saying exact line season 3 steve, robbin, erica tunnel underneath star court mall.",0
not ready,-1
die die. god damn!! cant wait!,1
time better fly imma crashoouuuut. christmas seems far away,1
wow eleven,1
vecna controlled he not real villain,0
"steve die, diedustin die, dieme yall die, cry",-1
dont accept duffer bros due die,-1
steve stay alive,1
"die, die got chill",-1
"bro, feel like cant see?",-1
oh gonna amazing,1
stranger thing new trailer? yes,1
anyone else looking tiamat teases?,0
best trailer ive ever seen history cinema,1
"die, died die, dieme hope someone dy",-1
die die whwwhhharttt,-1
die die none youre mannnnn,-1
codswallop,0
mean u die die.... u dont die .m,-1
die die going become die die.,-1
goat derek,-1
steve istg nooo please steve,0
okkk thats fire,1
"die, die. either die, die",-1
cant wait!!,1
"really want find dustin mean everything weve ever assumed upside dead wrong. bring on, duff bros!",-1
"die , die",-1
054 nancyyy,1
"10 day left, less gooo!",1
"nancy rambo, love lmaooo",1
oh. my. god.,-1
4 hour ago,-1
see vickie hospital but never saw elevator,-1
someone please die already not revealed hospital later,-1
omg steve dustin era back????,0
nice,1
"die, die netflix please save them.",0
"die, die!wtf",-1
wdym die dieyou die die,-1
"137 man still make think, dustin finna sacrifice not allowing steve die another friend",0
know gonna good see nancy shotgun,1
series ends?,0
vecna smell good,1
need vol. 2 already!,1
"well, here hoping netflix doesnt mess ending.",0
bye dustin steve,0
neither one die sacrifice lucas instead???,-1
cant wait. love tv series stranger things.,1
crazzzzyy,0
"yep, dustin dy",0
136 aeyy aeyy aeyy...dont...you cant steve,-1
waaaaaaaaaw..they setting stage soooo high,1
steve die delete netflix,-1
peak trailer im ready christmas binge stranger thing,1
"vecna glitch stair wild, die die dustin steve think die unfortunately.",-1
think vickie gonna die thus season,-1
shitelevens fighting mind flayer,-1
"steve, dusty nobody dy please",0
fuking god no pls ???? u die die ??? steve ??,-1
another fake one,0
"whole time, everything weve ever assumed upside been, dead wrong boutta peakkk maybe even great plot twist",-1
robin,0
"024 holly dimension door!!! love, love, love, love, love!031 045 mind flayer? that?118 dimension x?",1
bro mr whatsit001 glitched outsame twin feel,-1
nancy walk em wheeler,0
not nancy wheeler skin every game? shawty stay armed,0
pennywise,0
"die, die. dude!!! sd bff",-1
054 nancy,1
cant watch vol 2,-1
115 dustin hug mike steve isnt,-1
"die, die",-1
rip steve,0
dusting steve,1
wait kay alive?,0
136 none dying,-1
052 nancy,0
"die, diestop please",-1
endgame near,1
finished welcometo derry much better stranger thing cast acting ending awesome,1
"die, diem going!!",1
"nancy truly underrated character, bravery shown season 1 remarkable...",1
nancy get choppa wheeler!,1
vecna time month,0
feeling red glowing tower event like something transforming eddie morphing making appearance vampire king,0
giving 1899,0
netflix marketing team need sent upside release schedule season...,0
vecna v pennywise wins?,0
thought series could not get bigger oh god!!!,1
"show peak television! every level. storytelling, character development, plot twists, action, suspense, comedy, everything. im going sad finally end but hell ride!",1
swear steve dustin better not die,0
obsessed full blown transition monster fantasy television,0
want die thatd funny,-1
"love part dustin go yeah strange, but stranger thing happened",1
"!!! please please , change l goddamn outfit man , cant bear",-1
christmas episode but everyone dy,-1
hope demodog kill vickie dunne.,-1
yo think time,0
season 5 even though bigger seems lot cheaper even season 1.,1
terrified yet excited like mean everything assumed upside wrong??? die die??? vickie?? door?? henry??? 008?? will???,-1
pls dont die,0
"rewatching stranger thing s3 steve help dustin escape dustin first said u die die s5 steve say u die die, feel iconic dialogue stranger thing",1
"goddamn excited this!!i watched first 4 episode one day, day released, totally blew mind, but really finally powers!!",1
"die , dieyou die , die not die",0
show talked decades. get say kid stranger thing era.,0
ready this.,1
please dont ruin xmas!!,0
eddie munson please help dustin,0
105 vickie going die ?? poor robin,-1
steve survive. sure!!!!,1
"die, dieif dy ill personally hold duffer brother hostage redo second volume",-1
thats one ugly grinch,-1
stop say u die die,-1
hope vicky get date enzos,0
yall wait till derry cleared move lmao,0
everything weve ever assumed upside dead wrong dustinnnnn,-1
"die, diewhatchu talkin twin going u",0
goosebump 126,0
funny post day finish part one,0
steve dont die pleaseeeeeee,0
sick !!,-1
wtffff .... swear anything happens dustin steve,-1
okay,0
wonder many season make...like revived avengers...,0
hopefully linda hamilton get 2 scene episode part 2.,1
omg love monster hospital trope,1
die die no no let not,-1
,0
cant waaaiiittt need watch right arrghhhh,1
136 istg die.....i never gonna recover pls,-1
appreciate lucas holding max literal demigorgon behind them?,0
goku save them.,0
good pissed,1
hope nobody dy,0
whole word going upside,0
holy tucksing shitttequauat aaaaaa,-1
keep remembering interview fellow play hopper... fan going devastated ending!,-1
"die, die okay please neither die. thank",-1
mind flayer???,0
053 nancy. walk em down. wheeler!!,0
power 5 second he already goated el 5 season,0
gotta say thats doppest trailer far,1
put huge smile face. sooo peak,1
oooooooooooooooo im exeirted,-1
"steve die, die dustin die, die meif die, die",-1
im gonna honest...im not ready this.,-1
god cant imagine much needed cause exactly ive wrapped rewatching vol. 1 damn christmas cant come soon enough,1
cant wait,1
"bro swear dustin steve dies, im going worst christmas life swear",-1
"die, die",-1
die die,-1
omg,0
yawn,0
"die, die.they die. die!",-1
nancy wheeler portion,0
sanity steve harrington shouldnt die!,0
goosebump,1
one best thing ever happened !!!! biggest fan !!!!! lot love noahhhhh !!!,1
feel like upside top half wormhole. thinking mr. clark science class dustin realizing wall circle.,-1
stranger thing new year eve endgamekick 2026 wit bang,1
die die,-1
ok im happy steve dustin back freinds but... die die ... nooooo,1
steve plz dont die! ahh end people..the end 10 long years...the end people childhood nostalgia!!adios sayonara,-1
,1
"130 new year, new world!!! classic",1
volume 2 going insane,1
cant wait,1
vote save steve dustin,0
show hasnt good since season 1. people enjoy cringe show. lol,-1
"die, die....",-1
"damn fire trailer. im excited hospital scene, learn upside down, see nancy full shooting military cant wait.",1
holy open portal,0
nancy v super trained soldier,0
got goosebump watching that!,1
138 shot sooo sus. cant wait whatch escape camatoz btw.,1
much happened two minute,0
hope steve dont die,0
im nervous,-1
stupid nancy etc going full rambo expert badass shooter ... nerdy kid gone,-1
kind look like doordash girl,0
waffles?,0
sheldons memaw?!?! 048,0
yeah...... steve dustin may cooked,0
nancy badass!,1
max,0
thessalhydraaa,0
die die no one die okay,-1
"duffer bother using theory either dustin steve dying torture us! saying die, die better not foreshadowing rage christmas day",-1
no one gonna talk vecna becoming look like literal spider end?,0
lack steve concerning,-1
omg given mini heart attack,-1
think anyone die would vicki hope cause hasnt much development. steve dustin die hope honorable way possible. but dont foresee happening.,0
139 please dont die,-1
steve die would shattered,-1
vecna using doremon door,0
"die, die!me",-1
steve dustin gonna die,-1
longest month life bro,-1
,1
,1
show this? season 6 disguised part 2? release show big dawg,-1
die die dang bro soon?? feel like started show main character point!,-1
watching tking steve dustin going die,-1
bro sm tweaking see deadlight,0
doesnt make think anything different. still feel like show hero get slaughtered,-1
omg! vecna terrifying! got chill im excited!,1
"steve dustin die, dieme screaming phone no! refuse.",-1
,0
119 no robinpls god dont want die!!!,-1
everyone netflix dy either one die,-1
112 max,0
,1
think dying steve dustin??,0
sucharitadhar3 die die,-1
shout everyone wasting almost decade life show. not mad show ended badly but upset favorite show ended general,-1
"steve die, die durtin die, dieme please no one gonna die",-1
not ready say bye stregner thing series,-1
no byler btw,0
look trailer people. taken 3 years. basically 8 hour long movie split 8 episodes. want see cgi look like tv show get way smaller budget way less time look anything cw. like flash upon time.,0
die die ampotaaaaaaaaaa aaaaaaaaaaaaaaaaa,-1
im excited,1
jesus mother god wow !!!,1
crazy,1
time..,0
"dang rewatched s3 recently, die, die made teary eyed",-1
robin dead maybe steve like no scene trailer robin outside hospital way shes turning valve dial look suspicious,-1
"screamed nooooooo.......after hearing die,,,,,,i die....",-1
best show earth!,1
together family sue storm fantastic four first step,1
amount excitement ridiculous!,1
want see new trailer one piece live action. see new trailer?,1
know fact disappointed. not show ended bad but favorite show ended,-1
vecna v will.,0
gon die fr,-1
108 tapping using vecna power behind radio station robin mike,0
"die, dieno hell no",-1
dustin die 100 sure,-1
vecna giving mariah carey but stranger thing chriatmas time,0
reviving demogorogon????,0
"sooo excited like, except 11 year old eleven like u understand",1
"steve die, die. no steve?!",-1
dewdew brother better not ruin christmas netflix subscription go bye bye,-1
want moreeee,1
0.00 already banger,1
"steveyou die, diedustinyou die, diemeyou die, duffer die",-1
"low key, vecna noah schnapp",0
never liked nancy much girl slay,1
omg please dont diealso think someone gonna die im 99 sure 11,-1
steve wearing eddie head band,0
endgame now.,0
theyre finally buddy again!!!!!,1
"plz not uhh die ,i diei cant tolerate netflix..",-1
nancy walkem wheeler!!!,1
die delightful derek die,-1
nancy walk em wheeler!!!,0
clock.,0
look good !,1
okay im not gonna able handle steve dustin dies. nah.,-1
im excited,1
back future reference making think somehow gonna time travel.,0
"will? expected something trailer, let wait",0
"4 8 . 4 , ,",0
anxiety soar new heights.,0
get ready,0
"not steve dustin giving jump, jump...",0
son biii..... myann,-1
steve dy im hanging ceiling fan,-1
comment die die 95 others 5 credit steve dustin,-1
11 going die btw,-1
im scared someone multiple people definitely dying volume!,-1
die die. yeah cooked bro,-1
gonna tearjerking finale fear,-1
guy please subscribe bridal lehngaas!!,1
great way finish 2025,1
indian attendance,1
im whole dividing series parts.,-1
die die,-1
no one saw anything edi? chance would alive????,-1
swear ill lose steve dustin dies..,-1
im excited,1
136stevesimueresyoigualydustin139si muere yo igualnonononoqueno,0
"two thing mind1. vecna time clock time travel...something here.2. climbing hill could, id make deal god get swap place ... something too!",0
nooooooo theyre getting slimed outttttt everyone going die nooooooooooo,-1
"dude, robin turning voltage thing.. hope doesnt die",-1
oh god imagine steve dustin die,-1
die die uh ok,-1
cant wait omg,1
"two observations1. stranger thing spin series need buddy action thing steve dustin2. either die, riot.",0
,1
"die, die",-1
dont like comments. theyre bot edit,-1
"die, diei hope none die, glad theyre not angry anymore",0
"die, die.me no.dont",-1
"not steve dustin, duffer brothers, not steve dustin",-1
"die, die got cry",-1
guy vickie cooked,0
excited,1
please dont die steve dustin please,-1
stranger thing mid,-1
0030 bro obscurus,0
140 give everything,0
die die,-1
least know murray didnt die crash,0
"die , die...if die netflix subscription die .",-1
hinting dustin steves death pretend like nothing happened,0
blasttt,1
finally not ai,-1
steve gonna die,-1
havent gone even half volume 1 already saw max somehow awaken thumbnail. damn,-1
"steve, dustin max coma alive thats ask duffer brothers. anyone one dy show dead.",-1
one need donna summer upside stranger thing remix?,0
die die,-1
wow! excited! many theory going mind,1
good duffer brother vecna reference mariah carey christmas day.,1
calling upside created sort atomic testing. time setting make much sense. beyond id wager exposure made people start psychic children. not would tie everything together but would parallel story hopper tell exposed toxic chemical work lead daughter dying young.,-1
way henry glitched 001 vecna insane.,-1
"vecnas hosting week episode mtv crib , marshmallow cool again, no justice barb!? great, next henry sacrifice save eleven chosen family big mf.. wait minute!",0
"die, die yes netflix, wanna miserable christmas depressed new year",1
not epic season 4 part 2 trailer first trailer for. season 5 but im excited. end trailer need epic music,1
"steve dustin die, die",-1
"either dies, riot netflix hq.",-1
worst series ever turn out!,-1
damn got anywhere door time,-1
feel like steve dustin dont die put scene trailer get people love two character watch. hope im right!,1
"look like mike becoming vecnas victim , vecnas method would season4",0
,0
"vids post better stranger thing dont watch this, watch",1
world top comment heck,-1
dont die,-1
141 el protecting vecna white clothes????????,0
die die??? nooooooo,-1
right upside,0
"let go baby, yeahhhhh",1
"please, one die already ... reckon dusty poos.",-1
seeing episode 4 honestly main christmas present im looking forward to.,1
"steve dies, die",-1
derek missing,0
im going finish 3 eps one day lmao,1
"pivoted mikeel dustinsteve emotional center series, im hear it.",0
"die, die die, die.",-1
"killing character falsely past will, elle, hopper, max, hasnt gone yet? oh yeah dustin steve.",0
hear vecna say beautiful one time....,0
best christmas present,1
im moon,1
even trailer look like spoiler great show,-1
"oh come , dustin, throw damn ring mountain doom stop",-1
loose shit die,-1
william!!!,0
damn guy dont die world,-1
millie bobby brown fans.. show support,1
cant waiiitttttt,-1
henry pull swarm moment? looking like kerrigan bone wing pinions.,0
no u die die,-1
literally mouthwatering,1
"die, die mean either steve dustin die? theyre cooked",-1
def gonna traumatized,-1
"stop demogorgan shot vicky, bro shes def dead.",-1
epic fn cinemaaaaaaaaa,1
holy fire,1
uk nancy gun handsss,-1
son will!! let happy please istg ill sue netflix emotional damage something bad happen shaylaaa,0
swear killed steve dusty ill delete netflix forevaaa,-1
wont change opinion vecna not villain intuition tell misunderstood,-1
die die,-1
im scared yk..,-1
trailer literally goosebump,1
come wanna live,0
050 gun shot syncing music good,1
vecna everytime time.hawkins kid nope! not time.,-1
let say goodbye favourite character advance.,0
steve dustin definitely dying,-1
song,1
waited much must good,1
vote s6 not possible,-1
want ask yeh series ki chiz pr based h plz mje btao koi,0
"steve dustin die, die otherme die, duffer",0
damn,1
ayyyyy cant wait,1
omg!!!!,1
barely trailer,0
awesome!!! appreciate no spoiler trailer,1
,0
mike better not die,-1
"legend watched video within 24 hour release, show here.",0
cgi team pirate went? look awesome,1
posted 3 hour ago,0
"buckle up, guys! holiday treat lifetime",1
115 mike dustin hug really tightly either steve died mike hugging dustin dustin saw nancy die hugging mike.,0
"die, die. what???",-1
"die, dieno no no no wrong",-1
dont think trailer vol 3 last episode coz one episode guess ti last trailer,0
let goooo,1
there 3 thing may cause ww31. trade wars2. nuclear weapons3. steve harringtons death,-1
one think jonathan not gonna survive build proposal ruin,-1
broooo im watch anime but accidentally got masterpiece trailerchrome,0
think time dustin still fall cycle,0
available netflix subscription,0
die dienoo,-1
127 time kanda bhajiya,1
"volume 1 trailer, lucas thumbnail volume 2 trailer,max thumbnail.",0
nahh man. seems like ill watchn whole new seriessterrified but excited time,1
one favorite bit character development whole story everyone agrees nancy gun expert. seeing full permed commando fighting linda hamilton sweeeeeeet,1
let go!!! cant wait!,1
clear dustin steve die upside down.,0
lumax better endgame,0
050 omd tf still alive,-1
mike eleven way chemistry previous season,1
"die, die. nooooooooooo",-1
"swear god, smthn happens steve dustin...the first thing go upside subscription",-1
bogus gurl power moment killing show,-1
mareomadso ...finally gonna end,1
double check real trailer,0
123 time fight vecna,0
yoyoyo,0
holy shit,-1
yessssssss,1
dare you!! no body die!! clear?,-1
"steve die, die.",-1
die die people like,1
max boring season,-1
oh robin done isnt she...,0
even using bgm avenger endgame. surely netflixs endgame netflix know it.,1
goosebump,1
cant die!!!!,0
dark 3rd season particle,0
need official mr atomic duck modlist multiplayer!!!!!!!!!!!!!!!!!!!!!!!,0
feel like series dark ..,0
053 badass wheeler,0
show would epic vecna kill all.there no movie one would firts one not god damn happy end.but not happen since people like fairy tale,-1
die die shut shut shut uppp,-1
used think upside couldnt possibly die sh,0
nah steve dustin die tv punch,-1
straight poopy,-1
paw patrol boomers.,0
nancy carrying every single second always,0
"dustin seems hugging someone denim steve not wearing denim, maybe one og kids, mike reunite upside",0
"die, die.? aww hell nahhhhh!!!!!!",-1
108 hell yeaaaaa,1
die.i diefamous last word,-1
absolutely menacing,1
hope no one die excepts vecna mind flayer,-1
oh shit gagged sooooo bad absolute cinema,-1
,1
die die,-1
015 holly bedroom,0
not vecnaaaaa,-1
sense severe lack jonathan scenes...hmmm,-1
damn!! copied dark 1899,-1
"die, die netflix",-1
que locura de trailer,0
volume 1volume 2volume 3 part 1 volume 3 part 2volume 3 part 3 2026 january 31st,0
hey guy mike going die trust,-1
3 hour ago bany,0
volume 2 gonna cook u,-1
vicki find everything? yes please,1
", .",0
u die diei screamed no loud. no one gonna die theyre gonna live happily ever stfu,0
"not die , dieplease",-1
die,-1
nervosa,0
nancyyyy,0
"die, wanna die",-1
christmas going crazy,1
let goo,1
nmmmms,0
people still watch garbage lol,-1
steve dustin actually cooked,1
lack robin screen time concerning,-1
,1
dustin dy riot!!,0
cant breathe,-1
someone please give el good outifit,1
williammmmm,0
"die, die",-1
nancy,1
"thank god , look like finally dustin screen time !",1
istg ruin christmas killing babe ima pull season 6 thats gonna downfall netflix,-1
hero watched 12 hr video released.. gather here!!,0
cooked,0
"steve die, diedustin die, dieme anyone die, die",-1
105 feel like vickie gonna die robin come right moment sacrifise,0
111 but want chance suviving,0
im here. im scott lang,0
duffer brother dusteve get destroyed im coming swear dont make cry big boxing day,-1
"steve dustin die, dieaudience duffer die happens",-1
chat kinda want vecna win,0
omggg,0
135 old duo back,1
,0
"im gonna miss steve jonathan die end, possibly dustin",-1
rahhhhhhhh,0
mindblowing,1
010 012 side 014 downloved,1
let gooo,0
excited christmas newyearnoah eveyones gonna devastatedme devastated watching trailerplsssss dont touch steveeeee,-1
could made movie,1
omg cant ill heart attack... much excitement ill cry lot death coming,-1
retcon story vecna tbe creation upside since s4?,0
else think steve gonna sadly die season,-1
vecnas time shyt timeless,0
said die die like please dont die.,-1
"die, die. ill die too, let not",-1
"die, die oh nahhh",-1
ive never scared.,-1
rip vicky,0
finally,1
"better morning coffee, im still pumped! also, get trailer 2 diana ross remix spotify?",1
"oh shit.im really worried dustin steve now. swear, one dy riot streets. also, volume 2 look amazing! im excited!",1
anywhere door?,0
omg insane,-1
"die ,i diei die please!!! hunt end earth duffer it.",-1
least dustin steve seem good term again!,1
"die, die? whatttttttttttt.",-1
holly no,1
u die dieee wtfffff r u takking,-1
"knew gonna bring back die, die",-1
im hyped acared,1
mother god... electrifying trailer!,1
please get 12 upside dianna ross stranger thing remix,0
5 hour gang...,0
ive restroom like 20 min rewatching over.,0
die die,-1
upside remix unbelievably fire,1
die die somthing wrong,-1
crazy,0
die diee noooooooo,-1
look lit,1
"die, die.. swear diee dont duffer brothersi tensed sweae",-1
"st 5 volume 1 rise bowl cutst 5 volume 2 bowl cut strike backon vecnahere, would love see long hair.st 5 finale bowl cut cut vecna show power bowl cut.",1
boys!!!!!!!!!!!!!!!!!!! 137,1
"hero watched video less 11 hour released, gather",0
waiting analytics guys. telling whole plot end story frame saw.,0
"die, die , die",-1
woah,0
"die, die.noooo!!!!",-1
last netflix ip fanbase,0
red moving particle look similar something saw dark series...the god particle formed basis time travel? cant help but wonder something along lines.,0
steve dustin please dont die,0
"steve dustin die, dieno anyone but",0
"steve die, diedustin die, dieme guy gotta die, need run best friend",-1
guy watched less 5 hour release bad next season,-1
"think eight help vecna, think help eleven save day?",0
thiss gonaa crazy men,0
"die, die not expected",-1
136 dont ever dare die,0
anyone getting kugelblitz flashback umbrella academy seeing spinning orb....?,0
robin gonna heartbreak,-1
spoiler alert die would ever want ruin classic series?! no please lol jk,-1
damn cant wait,1
nancy walk em wheeler,0
rich,1
"saw die, die",-1
". , .",0
"dont care anything thing, except fact dustin steve made",0
think steve die dont want cost but trailer season 5 dustin cried hugging jonathan pretty sure steve die. but plz dont dont want steve die. plz nooo want see happy ending without dying love steve dustin,0
bruhhhhh making nancy accurate assault rifle trained military personal dumb af,-1
yesssss,1
please byler,0
mee,0
not waiting wtd release trailer,0
yo holly cooked,0
music. goosebump,1
vickie????? vickie okay,0
plsss dont die steve dustybunpls dont,-1
steveyou die.. die... dustin die..i die..jonathan really? got free fighting nancy!! damn steve!!,-1
mean die die!!!!!!!,-1
way nancy absolutely clocking,0
"swear show steve dustin dead laying next almost holding hand like remus tonks died, never recover.",-1
vecna mariah carey arc time.,0
"st came out, 6,now im 65 cant wait finish masterpiece series grandchild",1
"die ,i die.if anyone dy die",-1
time new worldyou die die die die,-1
glad dustin steve getting along horrible bickering first four episodes.,1
"st came out, 6,now im 65 cant wait finish masterpiece series grandchild",1
050 bullet hit matching music nancy reveal pure cinema,1
go time,0
"st came out, 6,now im 65 cant wait finish masterpiece series grandchild",1
im already cry,-1
,0
"havent watched single trailer season 5 honestly, stranger thing doesnt need one.over years, series earned trust, hearts, emotions.with without trailer, finale touch everyone.for new viewer start season 1 ultimate experience emotional journey wont find show movie, ever....",1
,0
053 nanceeeee riffle peaked,1
"st came out, 6,now im 65 cant wait finish masterpiece series grandchild",1
106 whoah whats,0
nancy transformation ellen ripley complete,0
"st came out, 6,now im 65 cant wait finish masterpiece series grandchild",1
like want byler endgame,0
"steve die, diedustin die, dieme dont die!!!",-1
vecnas homecoming,0
dustin dy unsubscribe netflix forever,-1
"die, die",-1
si se muere dustin steve mato,0
dustin steve better chill whole die die,-1
absolute chill,1
reload page check view 30 second,0
106 there no way person knew nurse next lucas girlfriend.,0
vicky going get killed,-1
hope el dy mike kiss,0
die die,0
"enjoy double, childhood friend got stranger thing but didnt survive covid",1
"youre first couple hours, congrats.",1
never excited show game thrones.,1
noah everyones gonna devastatedmeanwhile cry watching trailer idk survive watching steveee dying,-1
hyped,1
120 holy shit!,-1
vicky gonna die,-1
dustin steve die suing duffer brother,-1
213,0
123 vecna omg,0
"everyone talking steve dustin but will season cook.that kid deserves lot, shoutout will!!!!",1
wheres ted walk em wheeler,0
,-1
nancy wheeler everybodyy,0
nancy walkemdown wheeler finna beat evb ssa,0
yo,0
awe hell ya! die die,-1
wonder holly cast dimension door,0
click like cant wait see wholesome..,1
nancy gun! omg,1
im slowly losing hope steve,-1
mike finally upside down.,-1
kudos netflix excellent bot farm reply video!,1
"die, die",-1
not ready.,-1
wont watch trailer bc want suprise,0
21 year old small town girl v trained military btw,0
ahhh omg peak,1
"arriving derry, im stuck upside down.",-1
die duffer die,-1
"everything fine steve say die , die 136",0
see doraemon gadget anywhere door,0
im excited !!,1
uhm byler canon trust,0
sign neither gonna die?,0
"ive got crazy prediction, bet holly accidentally call vecna henry vecna instead mr whatsit, vecna know max talking",0
cant wait laugh shit show,-1
nancy getting shot,-1
ready this..... not ready this.....,1
absolute cinema,0
"nancy new sarah connor.... stevedustin die, die",-1
dang,-1
105 ok actually scared vickie,-1
wonder many time gonna damn god again.. literally curse word use. but allah would 3rd world war,-1
"dont like die, die scene tot also demodogs back!!",-1
volume 23 predictionssteve dy jonathan diesnancy almost diesmax recovers fully eleven m plot armor make fineeddie somehow make reappearance along character died show. ill update see volume,0
gave many theory,1
bet life real loss going final episode. bridge event,-1
surely not let u live,-1
im sitting like going insane bc think steve dustin el gonna die,-1
here theory based segment trailer obviously know nancy group consist steve jonathan dustin upside upside c dustin nancy truck riding trailer also made upside hugged dustin. ik dont want hear but thought jonathan steve die left cliffhanger whether still alive episode. not jinx anything but jonathan jinxed got ring nancy. know movie show character r not thinking abt plot atm get killed usually protecting person love. believe steve dustin prepared die one another end steve sacrifice dustin jonathan nancy. boom! idk plot around maybe big red orb but well c dec. 25th im right jus know said first,0
die die ??,-1
kail008 killed army man,-1
"idkk survive watching seasonpls dont touch steve,dustin robin pleasee",-1
show best world!,1
4 hour club,1
get ready lady gentleman dec.25 gonna peak cinema,1
"die,i die!!!!!!!!!!!!!!!!!!!",-1
030 omg god,0
vecna using will... vecna self sacrifice new world william fight eleven die...,-1
"die, die.....iconic",-1
"dissapointing season far. plot armour ridiculous. everybody screaming hysterically. nancy became rambo. suppose feel threat, decimated several demogorgon blink eye?",-1
nancy using shot gun precise rifle crazy,0
im sorry. know people like vecna whatever but.. messed up. flayer way better. freddy wannabe doesnt cut it.,-1
stranger thing went dark universe? haha,0
holy shit,-1
people india gather,0
"die, die ill die die",-1
"yes, nancy!!! light em up!",1
nancy walkemdown wheeler,0
steve dustin never die,0
trailer told literally everything ever thought upside wrong whole time?,-1
136 absolutely not wtf yall talking,-1
come oooooon! gonna epic,1
die dieplease bro dont. dont dare,-1
die diecan pls not,-1
die die,-1
damn,-1
"141 wtf vecna behind , whats bros tryna doin",0
im scared.,-1
yes,0
steve better survive shit,-1
"im really hoping dont underutilize eleven powers. im expecting full potential powers. dont underwhelm duffer bros. hollywood often habit turning powerful female character damsel distress needing bunch support face final boss. here, im out.",-1
no one talking somone falling upside 118,0
byler endgame,0
steve dy next episode disappearing duffer brother,0
cussing sin sinful music sin amen,-1
seems..strange,-1
yes,0
oh man not ready,-1
,1
ayooo,0
"no one talking el? slaying ateee, cant wait see aura",1
u know arent supposed believe zodiac sign u chasing false god bible amen,0
christmas far,-1
hyped,1
omg im somexcited,1
"die, die stop die, die",-1
peak,0
"glad im insured, would not able afford therapy almost certainly going need this.",1
"die, die not right",-1
steve dustin going,0
thank god theyre not pulling cobra kai move part ah month apart,1
ik u didnt say but never say god name vain amen,0
"no one dying, okay?????please",-1
vecna talking said time,0
im gonna become actor cause show hopefully remake something show wanna,1
spread gospel amen,1
song please!,1
jesus coming back soon accept jesus lord savior amen,1
100 percent sure jonathan hopper dying,-1
no release date number ia little annoying,-1
super excited,1
die die,-1
sick,-1
u die die,-1
upside down....boy turn inside ..this song litterally fit trailer dont know but really giving running hill vibes..,1
omg opened youtube get shock like wth ruined sleep tonight,-1
love india plese max dont die,1
vecnas dialogue suck? say time call something scary beautiful im gonna lose it. swear basic as villain dialogue every line always speaks slowly like dude say never deep,-1
"die, die. duo back!!",0
peak,1
"014 max climbing rocket ship playground holly room. see bar beyond feet. would also like point first three scene see holly max max climbing hole holly wall, max holly looking large wooden shaft max holly stepping floating door directly parallel either alice wonderland alice looking glass. max climbing hole holly bedroom wall actualy climbing mirror wall see shard glass desk below. alice looking glass alice climb mirror bizzare world parallel own, alice leaf world falling asleep end book. importent note max already sort parallel world perhaps climbing real one. might stretch but world alice venture climb mirror much childish one belongs in, but hidden level darkness it, similer world max holly stuck in, also rocketship playground childish max climbing one. max holly look shaft similer alice wonderland alice fall deep hole get wonderland. door parallel alice wonderland throughout book alice go door reach different part wonderland.",0
,0
jesus love much died cross sin rose dead three day later turn want but know hell always waiting,1
possible jonathan death?? black widow nancy 054,0
139 who splliting,0
nancy look badass,1
"hero live forever, but legend never die.the sandlot",0
"die, die. no, steve",-1
steve no,0
excited sad,1
not ready see dustin steve dead,-1
robin lesbo scene gonna cringe,-1
"die, die die",-1
ive seen stranger things...,0
"die, die",-1
cant wait,1
idea everyone love let split season 1 episode year next year shall we?,1
no noteswow,1
2 min ago crazy btw w trailer,0
let goooo cant wait,1
die dieme no one die,-1
steve cooked real,0
doesnt seem like anyone dying sooooooo thats good,1
steve robin lucas max jonathan nancy joyce please dont die,-1
die dieneither die.,-1
omg,0
anticipation understatement.,0
"amazing see much nancy grown. character nothing like would thought would been. girl literally soldier, love her. met her, laying across bed pink room, gossiping phone like regular teenage girl. shes channeled inner ellen ripley beyond impressed. let go nancy walk em wheeler!",1
"steve die, die. dustin die, die. die die!!!!!!!!!",-1
die die,-1
ahem anywhere door ahem. anyways theory upside wrong????,-1
"amazing see much nancy grown. character nothing like would thought would been. girl literally soldier, love her. met her, laying across bed pink room, gossiping phone like regular teenage girl. shes channeled inner ellen ripley beyond impressed. let go nancy walk em wheeler!",1
"die, die ....why duffer brother",-1
steve dustin die die dont dieeeee...,0
steve? dustin? pls no wtfffffffffff,-1
best christmus gift ever,1
"134 nah man cooked, fried lil bro",-1
"amazing see much nancy grown. character nothing like would thought would been. girl literally soldier, love her. met her, laying across bed pink room, gossiping phone like regular teenage girl. shes channeled inner ellen ripley beyond impressed. let go nancy walk em wheeler!",1
im ready,1
wow. netflix trailer team better getting fat christmas bonus. never miss,1
thank trailer keep making fake one,-1
not freaking nancy wheeler firing m16 like shes john wick.the marvelification complete...,-1
duffer brother gonna cook u,-1
jonathan,0
,0
robinnn thereeeee,-1
cala boca steve harrington cala bocaaaaaaaaaaa,0
rip steve,-1
wtf,-1
prop guy yt short told u trailer,0
absolute cinema .,1
die die steve like im immortal,0
steve peak,0
cant wait,1
god damn!!! not even kid wanted xmas come faster!!!,-1
spoiler dustin steve dont die. theyll epilogue,1
seems like heartbreak time... die.. die,-1
138 who.are.these.2.people!?!,-1
"steve die, diedustin die, dieme dont die!!!",0
136 please dont die,-1
really cooked harddamn please save steve,1
im not ready,-1
max gonna die frrr,-1
"die, die shut mouth rn",-1
play game before!,0
looking forward,1
sound mixing amazing. top tier.i die die.audiance duffer die,1
lucas need trailer time,0
"welcome derry, super boring.",-1
not ready season end,-1
feel like avenger end game wtf,-1
rip steve,0
"die, die idgaf steve but let something happen dusty bun netflix",-1
king steve dies. unsubscribe netflix.,-1
part 2 best christmas gift yet.,1
back babyyyyyyyyyyy oooohhh good,1
dustin steve die gone cry,-1
getting half life movie though?,0
"mean die, die?",-1
actually hope someone dy episode,-1
omg,1
think series lead new series. dont think duffer brother end world.....,0
,0
bro get one best visual badass ending time. not ready it. damm look dope asf. one fo best series ever. im gonna miss it.,1
okay music sound peak,1
die ....,-1
"supernatural, mystery, thriller turn action, adventure",0
fire boom,1
saw finale said yea let drop,0
yep robin gf dying,-1
yesssss,1
im ready this!,1
chill whenever vecna say time,0
nancy walk em wheeler,0
steve dustin dy duffer too.,0
already tell season going trash,-1
cant believe ending soon,-1
juiii,1
113 opening not look fully rendered? even goop left look weird lol,-1
"die,i die brought much memory",1
hope em die,-1
"netflix, release final part worldwide cinemas, please",1
053 mother,0
jonathan dying???,0
steve goat,1
finally meet one place,0
die die,1
best netflix series..,1
walk em wheeler,0
dimension door! shes using dimension door!!!!,0
fast furiously strange thing 5.2 time one last job!,0
wish could say im hyped nervous gonna bad volume 1.,-1
die die,0
look like henry getting possessed vecna side stairs...maybe henry isnt bad,0
many fake fan nowadays joining bandwagon,-1
ahahahagaga cannt wait.,1
clobberin time!,0
"wdym die u die, u die, die",-1
johnathan dead,-1
fix everything.,1
borys,0
vecna dy hope doesnt either,0
whoa,0
touch steve !!!!!....they better count day,-1
sooooo goodddd!,1
gng peak,1
"hope pace better... pace terrible first four episodes, lot ended not mattering. moment but man pretty slow.",-1
not steve! not dustin!,-1
steve dustin back!!! neeeed se max awake,1
wowwwww thats lot,1
quality show dropped sooooooooo far.,-1
steve dy wont one vanishedim looking duffer brother,-1
vecna,1
vecna time!us long?,0
still excited! but bad trailer song choice. steve dustin carry show!,1
time vecna byers,0
"wtf mean die, die . wtf",-1
"die, dieno pleaseeeeeeeeeeeeeee",-1
best fan ive ever seen! love guys!,1
110 mileven endgame,1
"die, dienetflix die, subscription service dy",-1
"steve die, diedustin die, dieme dont die, otherwise die",0
"nancy actually manages shoot trained solder without getting shot, believability thats left show thrown window",-1
yes,0
actual series always better trailer!!!!,1
die... die??? okay yeah theyre done...,-1
got chill,0
omg omg omg omg omg,1
trailer gave endgame vibe,1
"hi guy future.elven lost powers, byers sacrificed life win.show over.youre welcome.",0
scare almost didnt see robin whole 2 minute,-1
gosh nancy badass,1
director instruct actor make face throughout entire film? mike happy mike sad,0
steve dustin two better not die die,-1
t peak,1
let go,1
no no no no.. steve dustin must not die!!!!!!!,-1
one thought hell vecna going kerrigan here?,-1
timebut time v money?,0
ohh god please save babyss,1
"die, dieplease dont die steve hair harrington",-1
goosebump body!!!!!!,1
,1
die die mean steve dustin relationships. fukc seen,-1
"guys... fear vickie might die.byler endgame!!??also steve, dustin... nobody dying!!",-1
051 beats... omg...,1
die die,-1
many time rewatched stranger thing waiting release? yes,0
saying die die please no,-1
goddddd cant wait!!!!!!!!,1
"netflix cant j watch one time,",-1
"save steve ,plsssssss",0
look freaking good !!,1
power friendship go!!!,1
steve dustin dy im gonna hang,-1
meu deus,0
"die, die??no way that, please",-1
christmas might greatest,1
"steve die, netflix die",-1
byleerrr byler byler bylerr,0
u guy saw scene vecna holly? scared.,-1
time finish audience think,1
vecna moving like glichting npc,0
"die, dienetflix die, subscription service dy",-1
"die, die. please please no one dies, please",-1
no no no no no wait wait wait wait wait,-1
"die, dienetflix die, subscription service dy",-1
"127 time bro time last three years, please love god pick new line",0
absolute peak,1
"barbara season 1 nancy, not you. dont spend night stevewonder would say nancy going full rambo machine gun grenades...",-1
"die, dienetflix die, subscription service dy",-1
die die no thank,-1
red thing exactly like dark series black nuclear particle,0
lot spoil one,0
gritsson dying,-1
stranger woke thing,0
"big redblue energy explosion 129 scene, thought gonna finale",0
good thing will actor totally didnt already spoil anything,1
let go,0
1.7m view 3hours,1
dang not boy steve harrington 135,-1
havent rewatched trailer many time since endgame trailer show peak!!,1
kinda sad last season.. but also proud far show came im excited see come together,1
holy shit,-1
lucas protecting max life please dont die,-1
volume 2 released?,0
not steve dustinnn,0
cant wait longer need know end,-1
"die, die",-1
,1
goosebump,1
release entire rest already good lord lol netflix like dangling end show forever,1
121 fred???,0
vicky robin dy im throwing hand,-1
vickie cooked fr,-1
word close yet far make sense nowbtw die die highlight trailer,1
dont die,1
"die, die. absolutely not! pact aint cute duffers!",-1
110 mileven endgame,1
no motherfucker no die die noone dy bitch,-1
better not die,-1
"im og fan watching since 2017 season 2 release but u wont catch watching overhyped season anytime soon, lot fake fan nowadays, ill wait stranger thing trend watch peace.",-1
thing getting stranger..,-1
let gooooooo!!!!! show gonna death me!!!,1
guy new season taking long cant wait,1
already know kali 08 gonna die.,-1
cant wait look peak,1
"imagine steve thinking sacrificed everyone, but wake see robin side, mortally wounded sacrificed steve",0
meh.,0
"plz nooooooo,we need justin nd steve",0
"die, die reaction aw dustin made steve",-1
late !,0
mike el beloved one dy im not forgiving netflix,1
frimmigaaaaaaaaaaaaaaaaaaaaaaaaaaaaaaaaa,1
die die,-1
"started watching trailer, nose started bleeding. sign thing come?",-1
",,you die diei not agreeing",-1
never early,1
within 4 hour... else watching marvellous,1
anne start preaching poetry everything fineeeeee,1
long time coming guy rip homies died st5 gta6,1
pennywise,0
dustin steve cooked,0
steve dustin let not die okayyyy???!!!!!!! 136,0
im scared new season,-1
oh dear god,-1
"hero watched less 12 hour , mark attendance",1
die die,-1
s4 running hills5 upside,0
come end day wait wait wait despair,0
shortest 2 minute life till,0
steve die die !! what??????? please no harm dusty bun steve !!,-1
"maybe, maybe, vecna actually charge but reason everyone doesnt want trye",-1
hi im hereee,0
"omg,,, im soo excited",1
vol1 blowed mind!!!! vol2 gonna crazy!!!!!,1
145 vecna dies?,-1
"die, die um nobody die please",-1
115 dont say steve died...,-1
"nooooooonot die, die",-1
"time travel, yall...",0
cooking hardji,0
"u die, die please dont",-1
yooo,0
"136 die. die die, die pls dont let die",-1
1 day,0
"time. guys, think time",0
theyre gonna make u cry.,-1
die die,-1
"vicki definitely going demogorgon food also die, duffer brother die!",0
die die. yea let not!!!! please dont,-1
die die,-1
mean better see mind flayer again....,0
hope holly doesnt die,0
aaaaaaaaaaaaaaa,0
steve die diedustin die die meyou die die,-1
im excited temporary fill void welcome derry left,1
wheres will?,0
3 hr ago,0
"dustin, steve, respectfully, shut",0
mind potunde lopala,0
"die, dieno die, no die",-1
"mareomadso im here, too, seen trailer two time 4h",1
grande blica fodase,0
cant stop rewatching this!,1
omg gonna fcking good!,1
dustin die die. steve die die.guys said back him! pls pls pls dont,-1
"dont think robin making volume, demodog going straight towards her. not robin vicki.",-1
omgggg excited,1
byler better happen,0
give goosebump,1
boring,-1
cant wait mileven,1
wohh peakk,1
omgggggg,1
earlier season veccna,0
steve,1
steve die die dustin die die please dont die otherwise really die,-1
108 gonna fly omg,0
138 ok jancy got blasted air oh godalso reckon not henry hurtled dimension x zoomed shot,0
bylerr,0
watch school rn,0
happy steve dustins duo back,1
045 reminiscent dark thats not first time someone made comparison two shows. interestinggggg!,1
well robin alive look really good,1
3hrs gang...,0
nancy wheeler strapped,0
up.....side......down.....ok showtime defs gonna end u,-1
nooooo,0
thing getting stranger,-1
sweet mother pearl!!!!!!!!!!,1
getting emotional,0
history.,0
nancy pulling rambo 053,0
lame ahh show,-1
hey. no cinema release fir uk.why???,-1
"netflix henderson harrington die, subscription service dy",-1
die die gurl bout u dont die,-1
"steve show second trailer, yet every second comment",0
"character graduation ceremony hopper, joyce, nancy, jonathan, steve, robin parents. joyce hopper seen together crowd. mike, dustin, will, lucas max wore gowns, but el wasnt there. max lucas share scene watching ghost 1990. short moment but sweet nod era. includes lumax kissing scene. there scene showing someone look like prisoner transported back police van hopper proposes joyce restaurant. also dance together. max epilogue look wavy shoulder length hair similar julia robert 1990 golden globes. seems fully recovered. new merchrelated military document may reveal detail dimension x monster vecna creature connected psychic link hive mind connection. mind flayer described 50 story tall. mind flayer getting new name, ending rt.",0
amazing,1
want seasonsdont end here...netflix,1
damn scene look unreal cant wait! eleven gotten strong,1
"think vickie gone. see scene hospital vickie hiding next lucas lucas carrying max unconscious body? then, cut scene lucas running elevator max arms, but vickie isnt there. rip vickie",0
damn nancy killin,-1
high stake trailer ive ever seen,0
steve dying dont go duffer brother,-1
"135 die, die nooooo steveee dustinnn dont dieee",-1
define peak,0
jijijiuuuuuuuuuuuuuuuuuuuuuuuuuuuuuuuuuu,0
christmas stranger thing let gooo!. volume 2 xmas cooky night.,1
bring sooner bro,0
"die, die. netflix swear god touch",-1
world going end 2026so also release final part year,0
"ngl, character bit callous death . also, really hope theyre not gonna go redeem vecna route p3.",-1
glad byler isnt happening byler fan mad delusional,1
everything beat funny idk,1
ohhh steve,0
time war,0
,0
lfg,0
love stranger thing soo muchhhhh ima og beginning cant wait episode,1
putting everything group people want make theories!the military base ep 4000 006 human world 007 009 011 could upside but doesnt look like it037 050 057 058 101 108 131 132 camazatoz014 015 025 028 103 104 120 123 upside lab018 023 039 041047 115 116 117 129 137 139 red energy ball thingy032 042 044 046 138 042 109 dont know upside human world125 133 134135 136 139 141 145 hospital human world113 105 106 111 112 119,0
going die? guesses?,0
ahhhhhhhhhhhhh cant wait,1
bro volume 2 soo gooddd,1
"know it, netflix die die part purpose, know it!",0
release already!,0
show gay,-1
wheres derek?,0
el help find vecna im already,0
"136i bet, no dry eye season",1
die die whatt shittt???,-1
im soooo excited vol 2,1
cant spot jonathan anywhere trailer,-1
welcome darry stranger thing,1
138 think jonathan nancy,0
holy moly,0
love strange thong,1
im sorry....this volume 2??????? whats gonna happen finale????,-1
confirmed dustin steve gonna dying?,0
el hard mode 139 tripping,0
god damnni cant waitt,-1
,-1
"love youtube, suggestion came went crazy love netflix",1
"noooo! not die, die",-1
steve,1
8 million line byers main character cocaine,0
die die,-1
10 days boyss!,1
tv streaming never good horror scifi genre.,-1
oh cooked,0
"one think noticed, thats basically view way finish shit killing el eleven. let see agree concept? lot reason it.",-1
joyce scene heartbreaking!,-1
people audacity compare welcome dairy. pssst,-1
steve die,-1
might spoiler but... think henry son.,0
"couple things1. steve harrington wearing hat???? backwards, that???? yes please.2. die, die season 3 callback ughhhhhhhhhhhhhhh3. gonna peak.",-1
"steve, lucas, max,will ,robbin n dustin die,thn dfr brother due",-1
die die omg,-1
comicverse need detailed video,1
henderson harrington back together atleast,1
"vecna rolled house, ted aint gnna let slide",0
last 2 episodes!!!ok christmas day new years!!!!,1
think everyone misinterpreting vecna. time. time travel.,-1
walk em wheeler!!!!!!!!,0
giving avenger endgame vibe,1
shoutout reedsmithtv,0
cant waitttt,1
"love netflix. season really good, really felt og nostalgic stranger thing thrill.",1
037 holy ti,0
150 stranger thing,-1
robinnnnnn noooo demogorgan better not get hostpital,-1
overrated,-1
die.. die...both dont die,0
biggest example make shut go. powers. upside lagged days. but mom could talk real time?? look sheep. keep sheeping,-1
literally gave goosebump,1
hell trailer man,1
die die !!!! helll noo,-1
no conclusion streching,-1
comment going fast nobody know im gay,0
"bossy shoot nancy,uff girl",1
cry screaming throwing im excited release please,1
read new year eve right?,0
"die, die.ill die",-1
dont die,0
masterpiece !!! right?,1
136 ahh reminds season 3,0
dont know but imma die waiting,-1
greatest show ever button,1
103 pls dont let die,-1
blob look like dark?,0
anyone but steve dustin please,0
haha nothing delusional bylers,-1
,1
whats uncs upto day,0
please let hopper steve survive bro please,0
die die ????????? seriously ? shut dont try traumatize u .,-1
exited,1
diei diewe die,-1
omg.,0
henry flickering vecna looked insanely cool but also really creepy.,0
dustin steve duo back,1
die die... wtf mean,-1
think mike die..,-1
"saw nancy big gun, im complete. but seriously debating whether steve dustin dies, die",-1
vol 1 trailer dustin aint playing vol 2 trailer nancy aint playing,0
.,0
ai getting scary,-1
"excited nervous time conclusion fight vecna, epic essential",1
future good season die...?,-1
gunfire timing beat,1
"024 anywhere door doreamon, nostalgic",1
"steve dies, km",-1
three hour,1
finale one greatest tv show ever,1
4 hour gang,0
w,0
look kind shite.,-1
giving goosebump,1
problem end wont find another underrated serie like,-1
finale nye?!?! omg cant wait long drop ish christmas day merry christmas mf,1
kali back,1
3 hour,0
steve dustin dy delete netflix forever,-1
"die , die please no....",-1
finally!,1
yeah steve cooked,0
rewatching season 3 yesterday swore dustin saying die die foreshadowing gulp,0
omg ong ongggf,0
appreciate cgi clean tv series?,1
"kiss die die crap!i know steves gonna bite save dusty bun core kid general, even nancy jonathan sake but im not ready it!its gonna rough christmas yr ppl!!!",-1
136 die die,-1
wow lot process!,0
trailer dropped eleven day till vol.2 get it???,0
swear steve dustin die im,-1
steve dustin dy delete netflix forever,-1
omg favorite season,1
"107 omgggg will learning use power yall slow teaser watch it, many details.",0
included eddie welcome jungle intro would give million people goosebump,1
madharxhoodo jaldi release kro,0
watch beginning.whats,0
yessssssssss,1
"wait minute somethin aint right, ted wheeler glitching vecna?!? 122",-1
"die, die",-1
upside created sort nuclear reactors?,0
mystery theory coming ending masterpiece . hope duffer brother land desire,1
neither die,-1
"feel like actually defeated vecnahenry season 4, new vecna mindflayer took body mind.... like thats glitching, like hard keep image whatever memory left there.",-1
one notice lucas look unwell truck scene 101,-1
im not ready,-1
,1
nancy morphing ripleysarah connor creature,0
asdiohjpoiabdnadkihfadsijdfsjkadioj,0
steve dustin!!!!,-1
swear oscar best trailer cuz boy eat one.,1
im ready!!!,1
milking,0
"well bye bye dustin steve, missed.",0
no sight derek im not happy,-1
"here rip steve harrington button, time",0
please keep steve alive,1
"0054 yea army people screwed, theyre delusional even going nancy walk em wheeler gun fight fight general. also no swear die, mean wont right right! also awesome, cant wait im shaking",-1
look wild,1
dimention x button here...,1
"while, wondered stranger thing never used diana ross upside song soundtrack, given appropriate would be.now know saving right time.",0
look like epic christmas present cant wait see opening outside,1
holly cooked henry prob know left omg,0
henry 001 vecna making lose mind. ive never wanted christmas badly,-1
cant wait get see concluding part,1
.,0
im not going lie. im sporting full chubby right now.,0
vecna glitching scene good,1
im gonna throw omg nobody dying alright!!!!,-1
im worried,-1
anyone else realize holding breath watching this? ready episode but also not ready closer finale!,-1
holy shit,0
confirming steves death wild,1
god hope vicky survives though...,0
protect dustin button,0
ok theyre defo not dying,0
vol 1 get power vol 2 reveal real villain vol 3 final fight,0
please let glorious goat vecna win,1
dont die guyss,1
omg,0
021 said eat damn pie,1
steve please dont die 136,0
every time stranger thing pick song sound good like,1
im curious dustin mean said everything know upside dead wrong ... ugh cant wait !,1
another season button,0
vicky nooo,0
lfg!!!,0
nah imagine steve dy final episode also die then!!,-1
prepare inevitablesteve sacrifice save henderson,0
cooking something big,1
"die, die",-1
iam exited,1
not happy steve said die die line,-1
013 coolest sequence lyric background! netflix delivered!,1
ka hal ba ho? willam ke amma missing trailer.,0
finally not one ai one,0
thesselhydras coming. look sing behind holly 123,0
line die die,0
omg,0
like comment,0
matter 3 episodes. not ready t,-1
138 that??! jonathan nancy??!,0
"die dienetflix die, subscription also die",-1
im suing duff netflix either steve dustin die,-1
dont even think killing duo,-1
die die,-1
"wdym die, die nooooooooooo",-1
"die die noooooooo please guys, 2 one best !!!",1
like stranger thing much ?,0
cant wait,1
guy vecna might connection henry,0
byler endgame byler endgame byler endgame byler endgame byler endgame byler endgame byler endgame byler endgame byler endgame byler endgame byler endgame byler endgame byler endgame byler endgame byler endgame byler endgame byler endgame byler endgame byler endgame,0
"die, diehow live",-1
"ahhhhhhhhhhhhhhh!!! die, die !!!!!!!!! 10 day",-1
vecna turning kerrigan real quick,0
ig hinting henry vecna different mind world,0
116 hug dustin ? couldnt see properly,-1
steve best mom,1
guy think 12 kid inside 3 headed dragon vecna control inside,0
stranger thing endgame?,0
not looking good robin 118,-1
16 december,0
die die,-1
u fell love dustinsteve season 2 3. one beloved fans. would terrible killing one heartbreaking fandom. love much,1
gonna miss trailer sound effect align perfectly epic music.,0
absolutely adore steves new look,1
nancy back guns!,0
upside background,1
die ...i die...the moment....,-1
nancy freaking wheeler,0
3 hour ago,0
man got power still cry like bitch,-1
"die, die. cry rn",-1
either dy die,-1
stranger thing fan assemble,1
"maxine, time...time renew netflix subscription",0
cant wait cant wait cant wait release now..................release button,1
lot excited,1
nancy badass... full rambo style action,1
113 dustin hugging?,0
"nancyyyyyyyy, go gurllll !!!",1
"steve die , die ! dustin die , die ! dont die !",-1
garbage show,-1
whens coming,0
hope no one die. no duffer brother wer not ready christmas present,-1
shit gonna crazy,1
dustie steve noooooooo,0
fire,1
holly little good girl,1
goose bump,0
one love,1
hopper not dead,0
trailer fully kinda show steve dustin. others character screen time tooo less. could mean,0
netfix dont dare touch steve dustine cancel subscription never coming netflix . .. let jonathan go total waste character.. but cannot let go dustin steve..,-1
dont tell holly gonna die!! love herrr,1
nancy walkem wheelerrrrrrrrr,0
boutta fire,0
"die, dieif anyone die die",-1
steveee....dustin....you better alive please!!!!,1
def steve going die,-1
"dont worry guys, steve survives upside see here, 109, behind el",1
trailer help confirm long running theory dustin steve one person. steves future version dustin.,1
bad bwoyyy ready fck shytt,-1
steve die diedustin die dieaudience please dont!,-1
,0
"gone fire dia, die",1
"nancy turning real lady terminator againts real lady terminator, cool!",1
"vickie definitely feel cooked, but praying red herring",-1
look like vecna surrounded look like really sharp teeth right end,0
dustin back safe 100,1
absolute cinema,0
"two, dont dare die",-1
"die, die",-1
u people see 121i convinced mind flayer controlling henry turn not main villain,0
need steve harrington till ending.. else im not subscribing netflix lifetime,-1
"me, delusional cant wait see eddie come back",1
omg actual chill im not readyyyyy,1
"take steve dustin, real deal therapy table",0
"may crazy., but get feeling volume 2 going end cliffhanger",0
die die steve cooked,-1
live steve! live dusty!,1
"die, die",-1
nancy shooting gun always look stupid forced.,-1
"die , die better not wtf",-1
bout go crazy gah,0
"die,i dieso netflix subscription.",-1
going best christmas ever going ruin,1
108 still unbelievable,-1
wait vanishing duffer brother,0
like youre steve dustin combo fan,1
"show dimension x ud ?in 1.18 1,43",0
vickierobins lohl danger???omg...,-1
hyped,0
charged,0
"die, die",-1
"steve die,i diedusti die,l diehopper come",-1
holy dragging,0
u die die fuk,-1
already dont remember volume 1,-1
118 yea robin dead f,-1
heck anybody die ?please no one die,-1
get steve dustin safe heck .,1
ohh gawd iam not ready,1
insane,-1
epic,0
"vecna finna posted like thanos endgame, el kali gonna walk",0
trailer bgm exactly sounding like final season! miss show sure!,-1
die die,-1
die die,-1
nancy smoking top 5 wheeler.,0
no one die,-1
seeing demogorgon getting tortured satisfying,1
dont let dustin steve die kali prove hater wrong,0
die....i dienoooo!!! please dont take boy away,-1
thing hate waited long season kid grown.,-1
show suck,-1
wtf nancy aiming military men,-1
making u wait long criminal,-1
die die,-1
wtf u mean die die. neither u dying,-1
no steve dustin no way,-1
hope no one dy !,0
noooooo... nobody dies!!!!,-1
holy mother god. cant wait.,1
,0
duffer brother istg dustin steve die,-1
054 got natalia dyer cosplaying rambo gta vi,0
look nancy! finally look like everyone going busy next part. finally!,1
getting reallll,1
want hero villain die max let vecna survive else ending expected.,-1
yall know holly talking camazotz stranger things. universe camazotz bat,0
omgg gonna best,1
"steve dustin please stop, dont like this!",-1
10 day mouth breather,0
season 4!!!!,1
109 anyone else think mike look super sad?,-1
one going die would reaction mike dies??,-1
"die, die either die, ninth chapter called vanishing duffer brothers.",-1
mean appreciate fact didnt show much whole problem first part. maybe redeem themselves.,0
holy mother god idc abt christmas im excited boxing day,1
im hiped!!!,1
steve dustin,1
causlly told u steve dusting gonna die,-1
better better part 1,0
10 days...,0
"disney thats make female character badass, nancy without power look badass.",1
"wheres mind flayer, tell coming back",0
nancy wheeler. say name respect.,0
waiting,1
not steve pls pls pls no dustin.. no no no.. let go brother waste anyway..,-1
im happy,1
damm excited,1
"mr whatsit fans,gather",0
cant belive 11k comment 3 houersssstranger thing amazinggg,1
126 holly cooked,0
oh come 10 day ?,0
026 anywhere door,0
no die diepls win win,-1
oh gahhhhh !!!,1
nancy !!!,1
,1
119 robin cooked,0
holy molly guacamole,1
10 day go,0
whoah ! wait let chore n settle wait!!,0
run ideas?,0
goosebump,0
die die,-1
absolute cinema agrees ? like think absolute cinema volume,0
anything happens steve dustin swear,0
anyone else 2025?,0
great !,1
,0
im still waiting 80 season stranger thing ever but think season 1 season 3 really well done nostalgia,1
"im disappointed lack but, cant wait.",-1
"harrington henderson, please dont die",0
absolute cinema,0
"even mac z attack, military still eleven? nancy shootout them? make sense unless dr. kay related dr. brenner something... military two dimensional unnecessary pain ass.",-1
"stranger thing end vecna wins, new series called stranger world release involving aftermath mutated world.",0
think main villain vecna,0
u die die,-1
"no die, die. dont",-1
look good oml,1
steve dy ep name stranger thing season 6 fall duffer brother,0
"shuld kept sword hopper used season 4 finale sword definitely valyrian steel 80, 10 mithril, 5 adamantium, 3 vibranium 2 unobtanium. forged dragonfire. finishing step must quenched heart loved one sharpened using oil produced nut weirwood trees.",0
,0
girl vickie not surviving,-1
5 hour,0
shit. just. got. real!!!,-1
3 hr gather,0
gonna awesome similar cobra kai season 6 part 2 stranger thing season 5 part 2,1
steve die ill die,-1
omg!!!!!!!!! look epic!! super excited upcoming episode,1
"saviours, watch volume 1 within 2 hour gather",0
"die, die. actually die hold",-1
,0
hyyype incredible !!!,1
"steve, dustin, dont even think it. two die, die real life.",-1
im gonna miss show,-1
need diano ross remix know,0
"robin gf gonna die , thats sure....",-1
omg omg omg omg omg omg,1
need !!,0
ah... got early,0
nancy gun always love herrrr!,1
jaw ground.,-1
nancy looking like rambo,1
steve not die,-1
havent excited long time since childhood. time alive less 4 hr hero assemble,1
"steve dustin u die , die no one dy !!!",-1
um volume 2 watch steave harrington,-1
,0
steve dustin dead gonna sue duffer brother,-1
106 vicky ?!?!?!,0
"die , die",-1
"dont let steve die, wont able tolerate level grief",-1
steve cannot die,0
"037, clock behind el read 731 7 3 1 11. cool detail",0
,0
fu,-1
oh lordy lord lord also stare mike eleven gave feeeeling getting byler,1
"um ive probably 846 assumption upside down, youre telling theyre wrong?!",-1
gon b big,1
139 die dieif die die,-1
you??,0
051 screameddddd gave shawty ak!!!!!,1
need would rather part 2,0
dont dare touch steve,-1
watching school,0
wtf die die mean man,-1
steve dustin please,0
finally steve dustin back together,1
"die, die",-1
nancy shoot em wheeler!! scene look cooler expected.,1
steve mike getting killed come back watch,-1
cant wait,1
netflix like let crash,0
groot,0
wwwwwwwwwwwwwwwwwwww,-1
,0
less 4 hour gang,0
die die steve harrington dustin noooo!!!,-1
duffer brother cook well,1
steve dustinyou die die u dy duffer brother dy,-1
wait 11 day till get experience masterpiece is. need asap oh god im scared tho,-1
"hey people 12 year future, hows",0
"steve die, die.dustin die die.me holding gun towards director head no aint",-1
mean didnt old lady die,0
guy why no one talking abt vecna finding holly,-1
bouta get wicked muhfuckkaaaaaaa!!!!!,-1
"die, diedont.",-1
,0
god make confused?,-1
holy shit,-1
totally think vicky sacrifice save max,0
vicky dy,-1
trailer look like working lot problem first volume make excited!!,1
realize time power ? not power again. week trailer. not scary all. music doesnt help either.,-1
im scared,-1
"die, die. excuse me, mean?!",-1
"die , die , noooo",-1
waiting,0
st death li 1. jonathan2. dustin3. murraygod hope age like milk,-1
"never scared excited once. physically cannot wait see big screen, nye",1
anyone hoping byler hint ???? rly dont wanna one,0
holy mother funker badas sitch busicut eater,-1
dont let anything happen steve dustin! repeat not!,-1
stremio let go,0
less 4 hour,0
like asmr made stranger thing eleven cosplay videooo,1
show like stranger thing cultural eventsit brings everyone together,1
walk em wheeler,0
sadie!!!,1
"saw comment stop reading. said stop. wooohhh not stop, dont like comment fail exam like pas even first one like",-1
eddie isnt ka im unsubbing,-1
guess steve die,-1
idk but feel 008 going betray 11,0
everyone talking dustin steve but robin shes vickie hospital attacked probably lucas max,0
holy peak.,1
ticket sold final episode show theatre,1
going fuckin insane,-1
no feel like steve dustin gonna die noo,-1
gonna die steve b dustin c jonathan,-1
054 m4a1,0
boosebumps,0
losing steve not ready.,-1
tha infinity war being,0
grrrr,0
would love either netflix release full version remix upside somebody make remix full length,1
die . die,-1
christmas need hurry up.,0
ep6 look peak,1
making mbb paid actress thing like making ring payed lotr actor. since get soulless plot device insane salaries?,-1
steve robin screen time amount kinda...,0
die die no no no pls,-1
robin gf gonna dienancy get shot chest arm,-1
die die ....,-1
no holly!!,0
nothing special,0
avenger endgame vibe,1
vecna bone throne,0
miss steve..,0
holy peak,0
mike please dont gay bro mercy el,0
bro not die die swear,-1
nancy hell,-1
,0
please dont end never ending story,0
remember eleven short hair?,0
no one gonna talk like button,-1
like hate vecnathanks 3 liked,-1
"die, die..... plieseeeeee nooooo",-1
cook duffer brother cant wait,1
bruh finale finale valentine day?,0
thought first 4 ep sick. next one crazy asf,-1
dont dare die steve harrington!!!!!!!!,-1
diei die,-1
im watching voyager holly show look like young 7 9. uncanny,1
trailer always give away much now. clicked but didnt watch,-1
timeeeeeeee,1
sooo hella goood,1
"die, diethe foreshadowing im cry",-1
"die, dieplease dont already exam",-1
kkkkkkkkkkkkkkkkkkkkkkkkkkkkkkkkkkkkkkkkkkkkkkkkkkkkkkkkkkkkkkkkkkkkkkkkkkkkkkkkkeeeeeeeeeeeeeeeeeeeeeeeeeeeeeeeeeeeeeeeeeeeeee,0
"loved video syncing lyric up, side, 0010",1
please no one die vol 2 wont happy nye wont celebrate,-1
im exciteddd got 5 tub ice cream prepared,1
istg ill end one die last note ill blame netflix duffer brother,-1
season 5 kinda bad far... 610,-1
wow,1
omg,0
hope max make jet 2 holiday upside time,1
em g,0
die die,-1
walkem wheeler,0
protect steve !!,0
d. bros lie dustin steve,0
swear vicki dy 106,-1
time travel confirmed. upside future version town. sorry ruin people,-1
die.. die.,-1
thing get stanger,0
netflix smart delaying release christmas,1
134 noooo steveeeee dont say thattt,-1
realized season anne e,0
"know filmed part real upsidedown actually cheaper rebuild studio mbb already feasted budget much. ikr, craaazyy",-1
"die, die..... dont let anyone die",0
,-1
1m 2hr u better get another season,0
die die fuh nah,-1
"yeah, henry gone point. mind flayer",0
"die, die",-1
early,0
liambarnes,0
oh yeah one show kid defeat government interdimentional devil 5 time rollno wait6,0
man dutin an steve say rhde,-1
omfg,1
118 girl robin cooked,-1
dustin andor steve dy im gonna cancel netflix,-1
dustin steve stranger thing universe hawkeye black widow end game sence fighting gonna die save everyone,0
genuinely got chill,-1
no steve,0
helloso thai confirms ethir steve dustin die together frecking vecna take form eavh victwm he killied? im scaredddddd dont wanna,-1
"put trailer, steve dustin probably safe, know anyone else, still say max sacrifice end.",0
im excited nervous. im sad see gonna end soon,1
steve isnt dying think someone die surely but shock said everyone believe know steve could die maker hinting trailer but season someone else,0
,1
die die shut up!!!! 136,-1
,1
really u thinking werent going drop trailer,0
hold eleven bald again?!,0
holy shit,-1
nancy walk em wheeler,0
124 holly cooked,0
dustin diesi broken,-1
waiting delightful derek,0
"wasnt expecting die, die favourite duo",-1
absolutee peakk,-1
120 vecna hasnt spawned yet,0
nancy spraying sh!t up! fire,0
holly cooked,0
forever stranger thing,0
little girl obnoxious,-1
aw hell nah got biblically accurate angel upside,-1
omg bro im hyped,1
ok guy know maybe dustin steve wont die! canhope something seance something please dont want die,0
"dustin steve die , dieme die netflix subscription also die",-1
10 year sense started 10 day till ends.,0
finallyyyyy!!! guy giys cant wait,1
"2.13 trailer. every five second intriguing, interesting suspenseful",1
,1
time gonna master peice,0
mother god!!!!!,1
el mejor triler,0
"4 gate 4 freak will, 11, 8 maxine close gates. maxine get power find dangerous condition way end stranger things.",0
"steve die, diedustin die, dieme please!! dont die",-1
hilarious,1
"woohoo, stranger thing back action!",1
el something cooked peak,0
mind flayer baby,0
trailer blast,1
die die .. nooooooooooooooooooo !!!,-1
watched show history netflix.................get ready record............,1
104 vickie cooked?,0
imnt overcoming eddie,-1
1 million view 3 hour crazy,1
anjaii makin seru eui,0
dustin steve dies.even 1 dies..i coming duffer brothers.,-1
die die???? wait,-1
"no dying steve please, ok? thank you.",1
shit going down!,-1
"kinda scared trailer showing little much, but thanks god not spoiler mess",0
054 walk em nancy!,0
holly shit,-1
look boring like part 1 much cgi,-1
"sarah conner, girl hair?",0
whats sarah connor stranger thing,0
"okey, no one die.",-1
ok dustin ok die.....steve not.,-1
avenger doomsday trailer stranger thing trailer,0
love twist actually wrong thing upside down. cant wait see specifically. rewatching season 5 came always stuck somehow world perfectly mirrored dungeon dragons. make sense kid fact wrong didnt mirror favorite game,1
im ready,1
steve dying im going jump 4 floor window,-1
sht going go nut,-1
aaaaaaaaaaaaaaaaaaaaaaaaaaaaaaaaaaaaaaaaaaaaaaaaaaaa,0
143 dimension x breaking through?,0
please steve not die man !,0
3 hour gang,0
,0
steve dustin die getting bonus episodeepisode 09 vanishing duffer brother,0
,0
neither steve dustin better not die swear god,-1
thats guy fortnite!!!,1
"one watched video less three hour people, assemble here!",0
tf derek,-1
leave steve dustin alonee,0
steve dustin ko bachalo bhagwan inka fielding set mat karo,-1
even see robin scene?,0
pleasee ddoontttt dieeeeee,-1
finally steve dustin together,1
omg omg omg cant waittt,1
"steve dustin dies, netflix paying therapy bill",0
noooooooo steve cant die,-1
nancy walk em wheeler,0
015 bro saying upside max holly staring,0
yesss,1
love queen max went two scene coma one appears cover new trailer,1
"omg, vickie robin not good ending hospital attack",-1
omg,0
"die , die noooooooooooooooooo",-1
"people cant wait volume 2 watching volume 1, mark attendance",0
no one dying,-1
tssss peakkkkkk,1
release already ffs,-1
steve dustin die im never watching netflix,-1
theyre showing way much but cant wait!,1
nancy v military..???,0
"know one thing steve dies, riot.",-1
dont die dont diee please dont dieeeeee,0
im excited getting sad time end show. strange thing isnt it?,1
time vecnas line lacklusterly dramatic cliche garbage?,-1
marvel endgame level stuff,0
kali attack hopper!!?,-1
vecna turning sarah kerrigan wasnt bingo card,0
2hrs ago?!?!,0
trailer practically told u byler isnt happening,0
dustin steve ! ill stop watching netflix.,-1
final episode gonna whole movie,1
season garbage,-1
came say im not gonna spoil didnt watch vol 2 trailer,0
025 gave severance vibes.,0
050 sync gun fire good.,1
"guys, need dart come back season 5 bro!",1
steve dustin already hinted season 2 either one die,0
last chapter guysss,1
literally blast cant take,1
show maxine mind power throwing venca around room eleven gonna lose freaking mind,0
petition save steve. steve army assemble,0
whaaaaat,-1
everyone saw witnessing history,0
best series ever,1
steve u die diebro die show,-1
oh man thr trailer amazing,1
steve not dead,-1
omg,-1
omg 001henryvecnamr whatsit glitching!!!!,1
could hire geralt rivia ... saying .,0
135 aight ima die,-1
team steve better not die,0
10 day go.,0
die dieyou die dieno no no no no no no nooooooooooo,-1
who ready watched trailer 24 hr,1
wow,1
hope die,-1
dios,0
either steve dustin gonna die. not ready,-1
tell no one going die,0
dare netflix hide 2 hour,-1
"die, diei know theyre done.",-1
derek farting vecna gang,-1
nancy walk em wheeler,0
109 arent many people noticed eleven look like shaved head brooo,0
thing remember die die,-1
dustin huggggggg,0
omg yo,0
cooked hard,-1
endhold breath count ten..feel earth move thenswept away stollleeennnnnnnnnnnn skyyfall,0
season feel bit happier ngl,1
w,0
erica,0
idf strongest psychic finally destroy evil palestinian vecna,0
omggggggggggggg,1
steve save please,0
052 im sorry killinggg anyway cannot believe one greatest show time ending. feel surreal. like thats !,-1
awesome!!!! .... happy holiday u all!!,1
cant wait witness best finale ever,1
best series 2025,1
omg,0
"025 show holly actually create door different dimensions? could create gate upside down..?032 essence mind flayer? actually think is120 henryvecna like glitching? actually mind flayer taking back control vecnas body? see henry give holly favorite album, he actually good but controlled mind flayer",0
"126 come superman, say stupid line moment.",-1
nobody dying im suing,-1
"learn vecna character, less care him.",-1
no please god nooooo,-1
"136 die, die",-1
trailer crazy,-1
no sign byler,-1
neither dustin steven die.. ok? 10 day go!!!,0
,-1
"die, die. no dying please.",-1
please nobody die,-1
not lay finger steve bro,-1
gonna amazing! already look lot better intense first volume. but first volume really good too. oooo excited!,1
think dustin steve die,-1
iam getting wrong feeling steves wellbeing,-1
gonna slap,1
thats cinema,1
,0
dont die!!!!!!,0
nancy walk em wheeler,1
steve never dy,0
vecna muzan 041,0
die. die.,-1
im going weeping christmas new year,0
jackpot,0
"bruh, got chill",0
008??!,0
peak cinema!,0
,1
die dielike whyyy,-1
hopper aint dead hell yea,1
epic!!!!,1
die die,-1
robin gf going ??,0
"obviously no one know whats going happen, but people freak dustin steve, die, die direct callback season 3, survived.",0
wait waitttt say die die???????????,-1
hopper die,-1
nancy shooting assume special force soldier gonna annoy get unscathed,-1
no one better dying,-1
lot holly. not sure feel but ok,0
"hendersonnn!!! no dont, either you.",-1
tuff,-1
020 dustin open new mystery box,0
two hour since uploaded trailer two hour ive watching trying figure upsidedown could be. cant wait anymore..this insane,1
not watching christmas. ion feel like cry christmas thankssss,-1
"die,i die.",-1
"late december couldnt arrive sooner mann, im unspeakably excited yet dont wanna emphasize expectations.. ik vecna aint playing season character cooked ..",1
yeeees happy,1
bro delightful derek,1
peak series right,1
"people watching trailer 15 december, mark attendance",0
lot steve dustin,0
going best ending show long time,1
vecna aura farming,1
steve dustin dont die dont die dont dieeeee!!!!,0
wtf,-1
"ok wasnt one emotionally shook steve dustin saying, die, die cool",0
max die im gonna lose mind,-1
still no sign byler,-1
"die , die.netflix guess ...",-1
let cook,1
think kali max play really big role vol 2..,1
please someone die,-1
"not bring back die, die. no. no. no no no no no",-1
oh god demo hospital. girl vickie love but need run,1
im sick waiting,-1
"2025 crazy, got crazy cool trailer vol. 2, doomsday month.",1
137 mean survive ..,1
damn cooked time .,-1
fuckin amazing man,1
"die, die. bout dont die thank becoming friend again!!!!",0
demodogs back!!!!,1
damn,-1
"feel like deserve financial compensation whatever emotional distress went throughyou die, die please no what?!!",-1
damn bye steve bye dustin. guess weve known happens but there no way back,-1
going insane,1
die die peak callback,-1
hate noah schnapp,-1
wth thattttttttttt,-1
got goosebump,1
think volume 1 trailer better .. love one also,1
clown,0
supposed 3 confirmed death right,0
"vecna always saying time, look like toretto saying one last job past 6 movie",0
die die,-1
"one main character stranger thing die season, ill make sure new episode titled, vanishing duffer brother",0
steve dustin,1
"die, dieokay im gonna go cry now.",-1
u die ill die,-1
feel like dartll make comeback,0
diana ross better get cut.,0
027 anywhere dooor!,0
"die, die.so netflix subscription",0
"barbara barb holland, feel play major roll ending episodes.",0
omg,0
hell nah man something never seen omgggggggggg proud gng watched trailer within 3 hour release,1
holy shit,-1
,0
"duffer brothers, coming either steve dustin dies!",-1
"super excited but time sad series coming end, harry potter best series , would rather say bestest ever",1
steve harrington accordance india best figure,1
please no one die,-1
134 nooo none going die,0
"nooo!!!! steve dustin cant die, not today, not tomorrow, never!! better live!!!!!",0
"wtf die, die ? please please please no die, least dont let favorite die",-1
lack byler mileven scene provocative ci love yall,1
no steve dont say,-1
"die, die? netflix die",-1
pls dont die steve dustin,-1
watching amazing finale welcome derry . not ready end,-1
feel like generational event...,1
"die, die.you die, mental health dies.",-1
vecna glitching like animatronic,0
size tooth 1.46 behind vecna wtf thing,0
054 nancy walk em wheeler,0
2 hour crazy,0
no sign ka yet,0
bro u k word steve u catching hand,-1
"where. is. suzie?! team need little genius utah jump argyle van know eden shacked salt lake together head indiana. help out, suzie!",0
139 certainly make no difference plot line,-1
nancy walk em wheeler,0
caralhooooooooooooooooooooooooooo,0
guy crazy! let go!,1
let frikong gooo,0
idk go but leave robin alone,-1
last episode going epic,1
thing bug trailer 045 hit brake instead gas. but god crazy good,-1
im not watching trailer want get surprised see 25 dec,-1
steve might die,-1
please steve dont die,-1
finally got real trailer,1
,1
"steve die, die dustin die, diei mean...you better not die lads..anyone else but two!",-1
"hop kill demo sword, but bullet habe little effect outside large caliber. but still dont carry least machete?!?!",-1
"nose, but im",1
"136 nuh uh! not single one dare die, cant let slide",0
,1
yo baby...,1
one thing confirmed steve dustin going die.,0
guy else soo excited next volume,1
"die, die shut up, no one dy",0
night king picking kid army,0
hi,0
nancy walkemdown wheeler,0
look like theory right.,1
holy shit,0
"netflix, dont dare touching",-1
,0
2 hour,0
steve dustin better safe.,0
cant wait,1
dustin steve toast. already pretty sure going together im almost positive,1
please dart,0
"ok netflix, die die, two play game, huh?",-1
myr,0
omg excited!!!nancy walk em wheeler,1
"swear dustin steve die, thing get stranger duffer brother",-1
"vecna feel much like thought. no way, 2016, said, gonna final bos",-1
vickeys gonna die,-1
less 2 week left! im ready,1
die dieno no think well die steve,-1
..,0
120 time feel like mindflayer really controlling henry..,-1
not steve plzzzz,-1
"freaking unreal, cannot waittttt!!!!!!!",1
holy shittttttttttttttttttttttttttttttttttttttt,-1
"guy 041, enigma gotham? need know",0
max holly peacemaker salvation dimension,0
steves death confirmed?,0
ugly thing back thumbnail? super odd looking person.,-1
"die, die???",-1
mike wheelerr,-1
"volume 2, tf finale? could trailer finale ep. im excited but nervous",1
cgi look much finalised. wooon,1
oh no!!!!!!!!!!!!!,-1
yall need calm down. steve dustin safe. know heart.,1
finn telling truth?? wait...wait..,0
"holy, swear steve dustin die im done.",-1
die die planns netflix die die,-1
"steve dustin died, cancelling netflix subscription",-1
hell trailer people call mid,1
infinite tsukuyomi coming guess,0
definition excitement,1
im excited,1
im edged bro im excited,1
steve dustin pleaseeeee dont die beg youuuu,-1
"steve dies, come another episode vanishing duffer brother",0
word deadpool wolverine...lets fking go!!,1
vicky!!,1
oh twitter going ballistic waiting,0
nahh bro literally peak,1
let go guys!,1
die diedamnnn......if die die,-1
gentleman woman pleasure know . good journey . good bye,1
stranger mid welcome peak,0
nancy walk em wheeler,0
guy wheres jonathan??,0
legend one day,0
talk steves arcmeanwhile nancy,0
112 max???,0
tf two minute video make feel like gonna vomit,-1
sooo wheres byler kiss,0
mom drag kicking screaming christmas dinner watch steve sacrifice dustin,-1
"ohh god mannnn im dying shit wtf hell never excited movie , tv show ever goated",1
"strangers, assemble!",0
die die going die scared,-1
steeeeeeeve!!!,1
"vecna say easily break prove plan works. however, face mind flayer listens bob face courage. think part may make difference ending face vecna.",0
awesome,1
gonna blast.,1
got stranger thing ending gta 6,0
t abt soo peak,1
favorite die die duo giving chill,1
woahhhh many cool new shot analyze!!! excited vol. 2!!,1
"dear netflix. released, watch it. but not then.",1
ima accept fact steve dustin cooked,0
gonna insane,1
two hour release ! true fan !,1
so. inside instead upside,0
sm hyped,1
thought show ended last month. volume season? stupid,-1
"hopper dies, riot button!",-1
sadieeeeee,-1
waiting volume 2 like.,0
"anyone get feel lotr? dark, huge shadow swarming?! eye sauron?",0
agrees season five going peak,1
"look like upside might portal inside mind henry creel? kali prasad season 2, power making people see thing not really there.",0
not sleep vol 2 release,0
god im ready but not ready. terrified lmaooo,-1
die die,-1
wow nerd going quite ride!! look even better vol 1 s5,1
steve dustin die die,-1
goosebump,0
pls dont die,-1
mind flayer invaded henry young mind flayer real villainoopppsss,-1
dustin steves hug healed,1
omg dont think wait theater,1
die u die im sorry?!?!?,-1
excited volume 2 3!!!!!!!,1
waohhh saw nancy mouth hell yeahh,1
needed one season,0
byers....lowkey.....the villain ???? along????,0
die die no,-1
"death prediction steve, dustin, eleven, vickie, vecna",0
die die,-1
132 go kali go !!,0
shit gonna absolutely fuckin crazy,-1
robin gonna die electrocution,-1
"making clear duffer brothers, steve dusting, nobody die!",-1
die die,-1
"ahh, steve look fine cap turned back",1
need nowwwwwwwwwwwwwwwwww,1
swear girl nancy dy press charge,-1
nancy walk em wheeler,0
"die, diechill guy no one dies, except jonathan course",0
holy shit,0
erica ...nancy wheel ak 47,0
hete,0
noooooooooooo die die,-1
mind flayer brooo,0
nancy badass!!,1
gonna peak,1
"die, die",-1
gotta wait 11 day,-1
omg steve dustin,0
stranger thing endgame,1
gonna revealed superman vol. 2 lol,0
nancy channeling inner ripely,0
"sobbing, screaming, rolling around",-1
season 2 happening again?,0
"die, die. dont dare die",-1
assemble,1
humble request dustin steve ...just dont die,1
damn making u wait long time.,-1
"106 think going die, thats showed relationship emotionally",-1
"die die theyre making peace, please stay safe alive boy",1
mother god steve...,0
,1
man die die im not ready,-1
steve dy im burning dang christmas tree!,-1
"best stranger thing trailer weve had, hyped!!!",1
"eddie returns, beat vecna death guitar, nobody dies.",0
mkc,1
insane,-1
,0
"die, die.. dy",-1
cant wait till christmas,1
yo,0
"015, sync max holly looking editing peak",0
plot twist steve dustin reason still emotionally invested touch riot.,1
gonna epic,1
"steve, die diedustin,you die dienetflix, dy die",-1
yall dont die please,-1
die die no bro,-1
oh god im not ready yet,-1
shit peak,-1
steve pls dont diiiiiiiiiiiiieeeeeeeeeeeeeeeeeeeee,-1
omgggggggggggg im happy stranger thing volume 2,1
giving anxiety! hope nobody dies! especially not will! he main character seems. cant wait watch,-1
die die damn hope thats fakeout,-1
,-1
nahhhh.....its not expected,-1
"already tell volume gonna dark, dustin dy im coming duffer",-1
turn upside right side time,1
"die, die. dusteve please dont die",-1
nancy walk em wheeler,0
pleeeassseeeee steve dustin dont dieeeeeee plssssssss ima cry soo much,-1
not gonna survive season five agrees,-1
oh,1
w,0
alhamdullah got waited mashallah,1
dont let steve dustin die pleeeaassee!,-1
hype!,1
136 what...... mean,-1
less 2 hour,0
oh god,-1
die dienoooooooooooo,-1
epicness!,1
steve dustin die suing netflix,-1
people giving shi season 5 clearly cant wrap brain around great storytelling hate heart . going epic,-1
one last adventure nerd,0
upside melting?,-1
,0
dont meeeeeeee,-1
outttttt,0
war coming along final battle three vecna.,0
139 one definitely gonna die,-1
going break holly bone cause went cave.,-1
marana mass,1
first time want christmas come,1
117 think max die die,-1
lucas??????,0
stg vickie dy duffer please dont,-1
"die, die dont even joke bud",-1
soooo good,1
heat continues!!!!,0
hell yeah,1
yessir,0
trailer awesome love bullet sound snycing music,1
"die, die uh no sir absolutely not wdym?!",-1
dayum,0
"damn, im glad series survived way end get proper conclusion!",1
vicky dead,-1
excited,1
008 el back,0
steve pls dont die!!,0
wtf die die???,-1
nancy overpowered trained army soldiers. wow,-1
"steve dustin dies, make season six make first episode vanishing duffer brother",0
u die die got meeee,-1
nancy wheeler arc channeling sarah conner mid 1980s! gen x know whats up!,0
stranger thing fan india,1
"not boi steve, man!",-1
dont die.,0
holy shit,-1
"based voiceover hope theyre giving jonathan something finally, dude hasnt relevant plot since season 2, even kinda sidelined",0
121 shot look amazing,1
108 byler doubt,0
since hit power call new student new name 012 jane 011 012 008 v 001,0
steve dustin duo back!!!,1
2hr,0
ever assumed upside till dead wrong? hell ? max holly escaped camazotz? let meet christmas,-1
omg excited,1
wonder much blasphemy part two?,0
"cant wait sooo terrified excited time , one fav character die duffer brother u soooo damn dead, netflix u closed",-1
absolute cinima,0
,1
steve dustin gone!,-1
"die, die... u better not ruin christmas",-1
peakkkkkk!!,1
"ahh die, die omg im gonna sickkkk",-1
"139 die, die urrrghhh nooooooo",-1
omg. steve dustin,1
"season 2 trailer favorite trailer really long time, but one took place best trailer, eyes. holy crap, incredible, already insanely high hype roof now. loved loved loved use diana ross upside song, perfect. sequence 032046 song play perfection, especially showed henry, menacing rain.",1
mike hopper alive last others die,0
stranger thing really based ddthen havent faced 3 headed dragon neither seen vampire eddie eddy return,0
no one killed,0
136 dont dare harrington!!!,-1
oh gosh look good cry,1
"hope vecna wins, honestly deserves w",1
136 said cry no way,-1
well shit im even terrified.,-1
032 mind flayer opening portal ?,0
nooo dont say,-1
og babysitter kidnot duo bond never broke,1
vickieeeee,-1
hope henry klls,0
epic trailer!!,1
scene,1
show boring ngl,-1
show must go on...,1
"die , die....",-1
027 exit?!?!?!??!? tadc reference,0
"die, dieyou die, die....i cryyyyyy",-1
cooking volume watched 2 hour got released,0
"might me, but really scared 31st, no stranger thing left watch",-1
die dieyou die die,-1
dropping middle random monday cruel,-1
die die..... wait what????????,-1
,1
waiting,0
wait second ..its known robin not safe ..but jonathan??,-1
going fun,1
got goosebump omg im freaking excited im counting day,1
136 h h mood face death nooooo......!!!,-1
die die steve dont me.,-1
die diedont please,-1
"thought, ill wait till vol 3 drop watch vol 2 3 together. hell gonna wait watching trailer",-1
bro hell show us,-1
die ... die,-1
025,0
"10 days, ok.. wait.. patiently...",1
istg steve dustin die imma make duffer brother make episode called vanishing duffer brother,0
"know dustin dies, im ending netflix subscription episode",-1
whooooaa,0
2 hours,0
two hour gang,0
pls king steve dont die,0
masterpiece,0
woww,1
came early video still uploading upside,0
somebody better die volume lol,-1
t wil ruin,-1
confidence steve living,1
get ready everyone last final fovever,0
feel like avenger endgame,1
plzz max holly dont die,0
it. end era not ready,-1
cant process fact show gonna end season,-1
masterpiece.,1
peak,0
holy shit im hyped this! swear god better not death core group,1
nancy bad bitch ever .,-1
sdjsahdjshduiajdihjidahun yes,0
please dont let steve die,-1
,1
"nancy get away her, bitch! wheeler.",-1
ball hawking lab remind much dark? someone comprehend?,-1
walk em wheeler,0
"season best season, cant tell excited watch full season 5.",1
two hour,0
dkfullhd,1
everything assume upside dead wrong dustin im scared wdym. nancy walk em wheeler. absolute cinema. im craving,-1
bitchin,-1
steve die die.dustin die die.fans steve dieschapter 9the vanishing duffer brother,-1
dont fvkin die,-1
steve dustin die im going complete crash,-1
vecna need new line man.,0
omgggghhg,0
damn there lot stuff going 2 min,-1
got vecna vecnad.,0
"steve die, diedustin die, dieme dont youuu dareeee!!!!",-1
die dieif die netflix subscription dying. cant die! not baby dustin!,-1
steve dustin,-1
pls dont die,0
wow thats gonna epic.,1
shih dont want see steve dustin death,-1
no steve dustin please,-1
remember said hot one vursus episode? coming true.,1
156 going best christmas ever!!!!!,1
goy slop,-1
talk abt lucas holding max hospital like need man like bro,0
omg gonna peak,1
no dying steve swear god.,0
"think vecna person, different timelines.wills deep connection upside isnt random part never really left.maybe year trapped dark world twisted vecna.thats mind linked upside frozen time.vecna isnt villain he will dark reflection.",0
excited,1
nancy destroying entire army own. queen,0
im sooooo damn ready!!!,1
guessing steve dustin heart heart this. dustin finally confiding eddie.,0
oh lord done,-1
god,0
who watching 2004,0
die die brooooooo,-1
insaneee,0
end,0
dont shot delightful derek?,0
peeeeeeeeeeeeeeaaaaaaaaaaaaaaaakkkkkkkkkkkkkkkkkkkkkkk!!!!!!!!!!!!!!!!!!!!!!!!!!!! netflix,0
ommmg,-1
stranger thing personal thing,0
woahhh!!!,1
omg,0
u die die,-1
,0
everything weve ever assumed upside dead wrong huh? figure,-1
steveyou die die dustin die die meanwhile whole internet please dont die,-1
136 no please,0
im,0
endingderek holy balls. seen many strange thing happen today.mike nothing compared stranger thing weve seen.derek what?gurt yocredits rollcinema.,-1
everyone gonna die except holly gonna stand wile dead world end god know holly cant shit v vecna,-1
136 throwback season 3,1
nancy walk em wheeler,0
"love girl nancy, shes badass. also mileven",1
watch chillax trailer duo..randomly say die die freak,-1
136 oh god please no,-1
"die, die.this one line, whole fandom emotional.",1
noooooo theyre gonna dieeeeeeeeee,-1
"idc anything except sorcerer scenes, let gooo",0
mean dead wrong???,-1
sobbing. scared,-1
everything ever assumed upside dead wrong. theory going wild!,0
hng phim lm roii,0
one excited hospital sense.,1
look fite,0
lawd mercy!,0
"steve die, die dustin dou die, dieme dont dare die,",-1
,0
series par avenger,0
"running theory wall upside always there, serf limit vecna go effect real world, he never followed anyone outside hawkins.essentially plan use 12 child power blast see hit wall either destroy push allowing invade much real world, or, flip world entirely.",0
"christmas dinner cancelled, going watching day",-1
die die??? no live,-1
demegorgons not move like s1,-1
le go nancy,1
"dont die please, dipshuts",-1
osm grilled,1
boy delightful derek definitely going help max holly. calling now.,1
vecna every trailer time...,0
theory upside hawkins future look real second,0
"yeah, vicky lowkenuinely cooked",0
1 million view 2 hour crazy,1
someone dying,-1
"die, die......noooooo",-1
2 hour,0
oh lawdy cooked,0
no one talking jonathan said need team..,-1
intense.... dont know react... release episode immediately,-1
cant stop watching but...you die die....hit hard,1
no one better die,-1
fact mille bobby brown spoiled music us.,-1
"die, die",0
steve better liveall ive got say,0
trailer marvel vibe it. kinda like endgame vibes.,1
escape camarotz look sick,-1
neeeedd nowwwwwwwww,1
hey netflix dont touch steve dustin,-1
"die, die???? no doomed",-1
wonder military going hunt power,0
wait but steve dustin friendship back yay,1
"nah dont die, duffer brother die well",0
omggg cant waittr,1
far 1 show but main character death holy damn.,-1
vecna look like ultron flesh,0
dont want series end please atleast one season,-1
die die,-1
max come back,0
prayer india,1
bro nancy shouldve died season 2,-1
"predict bullet got hit murray, he goner.",-1
die die stoppppp,-1
0119 demidog ran straight past vickie robin suggests vecna specifically targetting main group not anyone demidogs path,0
"die, die brotherhood still alive",-1
"steve dustin die, die",-1
die die,-1
steve dont die please,-1
vicky 100 dying,-1
show cannot end please,-1
140 either die netflix subscription,-1
yes holly brave f,1
"die, die no god please noo",-1
die die . hyped next volume.,1
max holly better get mind,-1
best show ever,1
upside diana ross perfect song choice.,1
leave holly alone!,-1
die die,0
,1
red ball look like dark black ball. agree?,0
008 physically incapable moving .2second clip.,-1
neighbour cursing screaming outstill screaming....!!!,-1
goodbye steve,-1
collapsed,-1
die die,-1
041 boy looking like muzan demon slayer.,0
omds dustin steve,1
136 steves dead oh god no,-1
"die ,i die , scaring shitt",-1
die no one dies??,-1
im gonna shit pant please early access,-1
,0
henry good mind flayer controlling body cause body glitching,0
0135 please dont die,0
torture demogorgon vecna tortured well,-1
205 4 hour,1
nancy next call duty protagonist,0
shit crazy sorry swearing,-1
look fantastic hyped volume 2 hopefully good finale episode too.,1
2 hour,0
want christmas steve live.,1
better not die,-1
holly vickie dead,-1
door 028 cant wait volume 2 finale episode.,1
oh. steve cooked,-1
masterpiece,1
t epic going super insane see hoppereleveneight trio,1
man honestly pretty disappointed season far trailer,-1
"die, die!me oh hell nah dont dare even think it.",-1
trailer keep getting better time?,1
im not yet ready anything thats gonna happen,-1
honestly strong prediction theory kali actually wont help them. whole thing human atleast military scientist see siding vecna instead.,-1
"sad thing is, vecna controlled mind flayer, not himself. also gained power via mind flayer.what betrays everyone?",-1
vecna man luvv youu,1
"screentime erica, joyce, hopper, jonanthan, robin trailer",0
die die,-1
24 hour gang,0
protect steeeveeee,1
happening happening omg,1
"u die, die",-1
"nancy gun, steve dustins friendship, kali kicking soldier, robin electrocuting demos. cant wait this.",1
044 really hope writhing ball energy nothing time travel otherwise copied dark homework didnt even try hide,-1
106 swear demogorgom even touch vickie!!!!,-1
die die,-1
no pls dont.dont die no one die plsss,-1
nancy wheeler nancy walk em wheeler,0
blockbuster century,1
,0
welcome derry lowkenuinley better,0
happy murray crash!!,1
wow incredible.. wheres mind flayer?,1
"enjoyed new season, especially robin buckleys personal realization growing crush byers.",1
nancy king von season,0
u die dieif one fking dies. someone else die along brother,-1
look intense hope win end,1
"die, die would want start 2026 like duffer",-1
steve payaluga,1
og back,1
,1
absolute cinema coming im not ready,-1
wait delightful derek!?!?where ericaa?!?! mean u cant spell america without erica!!!,1
lowkey vecna gonna die,-1
steve dustin got screen time,-1
nancy already upgrade use rifle?!,0
need full version diana ross remix,0
,-1
die dieippadi mattum panninga neengal nallave irukka maatinga da,-1
not seeing jonathan whole trailer kinda concerning,-1
t finna peak,1
stranger thing fan assemble,1
believe upside isnt another dimension portal certain moment time !!,0
nancy going badass,1
,0
hope steve dustin survivess,1
actually release guy need him???,0
"trailer make seem like no mind flayer, vecna.",0
die die omg,-1
not steve dustin no,-1
amazing confusing masterpiece ive ever seen cant wait,1
"finally steve dustinyou die, die",-1
protect steve dustin cost,1
nah tfym die die no one dies!,-1
10 yr best u miss series,1
w,0
,1
"die, die wtf nooo",-1
142 kali el fighting,-1
steve cant die....duffer brother please dont,-1
everyone hating steve dustin relationship lmao theyre silent,-1
"dont know whats side this. wanna stand change surviving, need team.jonathan group emotional anchor voice reason",0
heart throbbing.,0
,1
"die, die nuh uh dont making promise like",-1
"netflix, lose half customer steve dustin die. please know that.",-1
no no,-1
trailer cut 052 holy mother,-1
nothing happenes steve robin even final season,0
no dying steve dustin. no dying.,-1
die die okay im glad theyre talking tbh. wouldve mad still werent talking one died resolved issues.,0
best show ever.,1
who dying?!,0
"still no hint thessal hydra, really hoping come soon!",1
chrissy,0
"lemmie guess, power friendship ahh ending",0
one sri lanka,0
"hoping explain demogorgon demodogs attacking given complete control them, youd think theyre sorta void enemy given killable fly considering control every single one anywhere anytime. im assuming vecna stuff stop but rn personally feel like trailer spliced bit al monster running around mate actually attacking bad guy russian stuff, movie trailer time knows, would cool see al creates used scare em used like puppet fight army etc",0
netflix feel releasing gut wrenching trailer upbeat song upside,0
"die, die calm tf netflix pls",-1
omg look sooo good,1
oohu crazy,1
"feeling going disappear again.his first disappearance wasnt random happened reason.theres something special connection upside down,and think connection still there, waiting pull back everything start collapsing again.if happens, wont accident itll mean something big coming.maybe key closing gate,or maybe he stuck kind time loop take back beginning day 1983 everything started.i also feel like something happens vecna,will going feel it, even get dragged upside him.their connection strong disappear.so yeah really think might vanish not victim time,but key ending everything.",0
"die, die steve die, die dustin bro.. supposed mean 1,088,302m view 161k likes121625",-1
omg omg omgg.. die die,-1
bro got halfway spoiler man,-1
better welcome derry tho,0
dustin without steve? stranger thing without soul,-1
new epsode came,-1
cant wait,1
"preparing conclusion, still dont feel ready whats come.",-1
ahhhh,0
live would quite surprised.,0
thell watched,0
okay talking...absolute chills!,0
omg,0
"steveyou die,i diedustinyou,die dieusguys please dont die",-1
,1
"die , die ??? brooo wtf???",-1
die die. trust not ready whats coming,-1
know 126 og,0
"steve harrington started bully, ended legend.",0
vickie better not die,-1
"series narrative imagination mike, doesnt exist william byerss death maybe likely die season like el, kali.... assumption.will also dy",0
"up, side, trailer better right, side, volume 3 trailer!",0
die dieno foreshadowing plz duffer brother,-1
dy live happily ever,1
ig ill die solidarity steve dustin,0
please dont die,0
yeah hey steve dustin take statement back thanks.,0
party dy die!!!,-1
,1
"holy trio kali, el",1
"let explosions, people love that.lets special effect cgi, people love that.lets give four character superpowers, people love that.lets play cool music, people love that.story? cares?",1
max please survive!!,1
wa sthe demogorgon charging robin,-1
dustin steve wont die,0
woah,0
vecna el youre aloneshows el willvecna mothafokka.....,0
omg holly max,1
need remix upside down. please thanks.,1
last episode make break netflix btw,0
boy think greatest series,1
"man steve dies, thats gonna depressing christmas",-1
"netflix. ppl advocate banning gun us, but crazy rhythmic effect bullet bouncing truck. cool.",0
yoooo,0
omgggggggggggggggggggg,0
max thumbnail,1
omg omg omg,1
yesss going use power againn,1
rip eleven,0
peak,0
sign pointing one major babysitter death dont like this.,-1
nancy looking bad as popping truck,-1
wdym everything assumed upside dead wrong,-1
look intense,1
wait mean caleb survive demodog attack hospital 101 dont want die,-1
henry fanshere,1
claiming spot less 4 hour,0
135 noooooooooooooooooooooooooooooooooooooooooooooooooooooooooooooooooooooooooooooooooooooooooooooooooooooooooooooooooooooooooooooooooooooooooooooooooooooooooooooooooooooooooooooooooooooooooooooooooooooooooooooooooooooooooooooo.,-1
keep derek safe,0
look peak,1
nancy switchin actual human opps,-1
nancyyyy,0
"think similar ending like dark,vecna represents 3 times,black hole suck hawkins never existed",-1
getting dark vibe minus vecna .,0
come back maaxxxx aaaaaah!!!!!!!!!!!!!,1
"steve die, diedustin die, dieus dont die!!!",0
loved,1
duffer brother actually cooked time,1
135 not happening no ! steve dustin dy audience dies....,-1
plzz dont let steve die,-1
wheres delightful derek?,0
holly sht,-1
steve dustin death pact!?!?!,0
neither dustin steve die series. plz,0
"die, die cant see keypad, eye flooded.",-1
steve dead,-1
"die, die.",-1
like 1day,0
dont die please guys!,0
let fuckin go!!!!!,1
said die die,-1
"136 , shut",0
future kid say mom strangerthing netflix look say vecna kidnapping child upside make finding way prison world hell,-1
epic,0
unearned ramp show. writing bad.,-1
"nancy truck , got 2 eleven one newbie , whole motivated squad gonna bad them.",-1
"netflix subscription steveyou die, die",-1
demogorgan running towards gaurds robin pls tell no,0
dustin steve died cant see,-1
cinemaaaaaaaaaaaaa,0
nancy mary sue,0
started show kid ending emotionally damaged adult,-1
no one die god sake,-1
5 hour gang,0
fellow steve dustin fans... royally screwed.,-1
please kisi bhi fielding set mt krna,-1
make thing like unpexted dear,1
steves cooked,0
either 11 dy hero. hopper dy saving redemption not able save daughter. dont care others.,0
also started carrot farming,1
nancy look like sarah connor termiantor. damn shes badass.049,1
derek,0
trailer better whole volume 1,1
omg le gooo,1
plz no one die....,-1
054 think king steve die nancy become aggressive shooting,-1
im excited. cant wait anymore,1
1m 2 hours..!!,0
doesnt feel like trailer feel like warning,0
peak im going tweak release oh day,1
every time every teaser make fall love show,1
"die, die",-1
136 die. duffer brothers..be ready god damn pie !!,-1
"die,i die season 3 5! baby",0
dawmn exciteddddd!!!!!!,1
bromance continues!!,1
die die? bro please dont die,-1
nancy using gun like pro insane,-1
peak,1
not different ivecna .,0
god,-1
132 guy it? kali?,0
"die, die. worst thing heard trailer",-1
shutuppppp,-1
ohhhh escape camazotz gonna eat,1
hoy shitttttttttt,-1
yesss,1
steve dusty bun back,0
wheres erica?!?!,-1
dont touch steve dustin,0
"still dont really understand vecnas problem is, no one ever explained.",-1
everyone die finish business shit show,-1
045 dark god particle reference?,0
kali better help ive waiting her.,0
bullet sound lowk made nice beat,1
die die.mike hug dustin.dustin safeso steve dy,-1
watch!!!!!! omgggggg freaking goooooooooooood!!!! cant wait,1
im seated!,0
epic!,1
lucas max not gonna make robin girlfriend also gonna die thats know far.,-1
song going upside ironic lol,1
105 another demodog outbreak??,0
yall die die...no....yall die duffer bros die,-1
stop lgbt evil. thats asl.,-1
steve johnathan arent scene infiltrate base.,0
,0
bro trailer show way much,-1
love stranger thing,1
wanna watch but donnt wanna watch but wanna,-1
doraemons anywhere door ?,0
again...where erica?,0
dont know but massive red orb reminds singularity vita carnis.,0
"051 dustin truck, but steve",0
goated,0
mareomadso cant respond but less 4 hour,0
mareomadso stop trying reply farm,-1
peak,0
"hm..just hunch.. saw shot one trailer one demodogs running towards lucas holding max arms. scene, see inside lift whose door open. holly literal power going something related opening door dimension etc. feel right moment, holly might open door right infront lucas max sending demodog maybe upside downdimension x.",0
no no no .... please not,-1
thing hate far military still not willing cooperate kid know much place do.,-1
time!,1
creepy man house perfec size put child safe! inside cozy comfort child life carefree put child creepy man house. put child creepy man house. no problem ever creepy man house good thing support child interest wants. acreepy man house yes place child creepy man house trust creepy man giveing good love child. friend man.,1
048 even gunshot perfectly rhythm sync ....damnnnnnnnn,1
dustin fan ?,0
fear baiting hell die die broooo,-1
die die,-1
no not steve dustin,0
136 u die die,-1
10 day untill greatness!!!!!!!,1
t peak,1
whats crazy didnt even show finale yet..,-1
"steve die, diedustin die, dieme dont die!!!",0
"die, die. steve, dustin better not touch em.",-1
steve dy duffer brother go missing,-1
one think gonig new thing called inside like upside bcz bg song mentioned it?,0
135 dont swear god,-1
nancy tha blicky go hard,0
"die, die.no please",-1
broooo welcome derry finale get this??? merry christmas everyone!,1
watchingthis season gonna soo firee,1
054 mer fin nance!,-1
excited cant wait 25th,1
watched tiktok 27 minute,0
"die , die",-1
nah man steve pls make spinoff series harington,0
epic!,1
god cant wait volume 2,1
nancy wheeler versus soldier sooooo fireeeeee,1
bro foreshadowing steve crazy,0
"die , die well balling eye christmas wont",-1
gang back together,1
okay protect vickie!!!,1
hat watched less 5 hour,1
new year happy dont think so.,0
oh getting commenting 2 hour upload. yes!,1
"hero watched video less four hour released, gather",0
,0
miss season 1 vibe stranger thing not marvel superheroes.those special effect dont me.,-1
"diee , diee diee!",-1
mewatching first hour release,0
oh gosh cant wait!!!!!!,1
im freaking excited,1
prove wrong neither steve dustin going die,0
die die,-1
"yep, jonathan byers isnt making it.",-1
steve two shot trailer not gonna survive,-1
okay goosebump,1
many character liking no main character dead yet.,-1
im noting fan theory comment see one actually true release,0
ok but getting blyer,0
"die, die",-1
perfect love volume 2,1
want watch bad!!!!!!!!,1
,1
"136 die, die.ummm no dying?",-1
put em wheel chair wheeler,0
really cant get excited,1
comment,0
dont like theyre steve dustin pls stop,-1
cant wait shit,1
oh god,-1
watching series exam time,1
forever since ive excited medium release kind!,1
"omg, excited main event",1
.. happens everyone responsible many military government death lol,-1
,1
die die peaked,-1
not dipshit derek delightful derek,1
"steve dustin die, die.me no fck !!! none dy watch !!",-1
2 hour ago...only many people achieve this.,1
havent hyped anything long time,1
hope theater hyped finale,1
gamechanger,1
,0
mean die die,-1
"try squeeze another volume final season, wont watching. love show, but cant stand chaffing release schedule.",-1
,1
neither steve dustin die remember capture comment,0
dont want anyone die but please let jonathan live,0
,0
,-1
2 hour ago,0
big p would destroy vecna,-1
nooo pls dustin steve,0
nancy badass wheeler,1
no dustin steve better not die bro,-1
"swear god introduce time travel show, im done",-1
oh cant wait,1
merry christmas eagerly waiting,1
"die, dieplease nooooo",-1
walk em wheelerrrr ikdrrrr,0
hm,0
die die boy got stressin,-1
watched less 5 hourassemble,0
136 die die,-1
something worse going happen johnathan,-1
die die 141,-1
cmon guyyysss everything no one dying,0
"die, dieno freaking way",-1
peak things!! love thisss!,1
upside not maze puzzle level difficulty player,0
robin gf better not die yo,-1
kandapakoda back,0
,-1
bylerrrrrrr,1
"shut losers, nobody dying",-1
jonathan cooked,0
cant wait,1
peak,0
referncia de dark,0
90 expecting ai,0
sit peak!!!,-1
im excited vol.2 ahhhh . but time im scared,1
please steve die play song end beginning,0
cant take steve dustin away us!,0
die die ?,-1
054 nancy smoke em wheeler,-1
im glad ending! soz st fan,1
im guessing isnt even including finale...,0
"steve make alive, let meet back finale",1
vicki dy robin get date ima pissed anyone dy seasson pissed,-1
die die no two die die,-1
brasil like,0
release 25 dec,0
cannae play ppls anxiety like that.,-1
cant wait til goony come save day,1
new trailer baby,1
no one dying swear soul,0
wowowowowowowwwww,1
season insane!,1
steve dustin better not die season,0
not ready,-1
"roof hawkins laboratory melted parallel universe spherebarrierportal character divided subgroups, duffer like eleven, kali, will, hopper, joyce vecna chloe, max mentally vecna dustin, nancy, jonathan, steve hawkins laboratory, but also kays base steve dustin hug quickly, but showed eleven robin activates radio tower steve die?! robin get hospital, lucas, max girlfriend later vecna win breaking barrier dimension x inside finally enter earth",0
person watch trailer season 15only,1
"strong theory season 5so, first theory season 1, dnd game boy last episode, see thessalhydra brought game making fireball eventually win. mike mention lucas cutting 7 heads, dustin placing bag holding carry head dungeon, victorious! but, ask lost knight proud princess could refer main character final battle season 5, moreover talk weird flower cave seen plant flower crafted upside set broadcast channel back september 2024 season 5!. if, element final battle? know, duffer always detailed connecting element loop, make sense may work out.my second theory mamaterry ives role season, either helping el team weakening vecna power manipulation. there no way duffer would leave flat context seen season 2.keep mind, theories, could never predict mysteriously intriguing work duffer mind one last adventure. absolutely love stranger thing forever grateful cast crew creating masterpiece!lastly, anyone reading this, please give credit want mention somewhere else came entirely really excited vol 2 finale.",1
shot vecna glitching stair looked freaky looking,-1
surprise like,1
054 nancy damn gunsi love shes always clutching,-1
none yall dont die,-1
wise,0
duffer brother coward dont worry. neither steve dustin dying,-1
cinema,1
max better make alive!!,1
steve not gonna let dustin die... sacrifice play not cool okay!,-1
see there! 010 013 slideside 015,0
mean die die.,-1
"swear god, either steve dustin die, ill show duffer brother true horror look like",-1
"die , die",-1
max fan,1
took 5 season use song upside ive waiting it!!!!,0
"netflix, steve dy die.",-1
dont know. still think absolutely unnecessary bring back girl. course nancy take whole group special force herself. hope least turn unbearable attitude.,-1
im not gonna watch volume.1 vol.2 out..its like john cena,-1
still patient till christmas watching goosebumping video,-1
last ...the wait over....netflix launched volume 2 trailer ... happy happy.....,1
wdym die die,-1
dustin steve die die,-1
oh goshh,0
cant wait,1
welcome derry season finale time get ready,0
steve dy im gonna actually cry,-1
"135 ohhh!! die, die dontttttt",-1
volume 2 academic stress,0
"dont want anyone die except vecna, demogorgans, mind flayer ever exist upside down, please let happy ending",-1
nancy forever fav development character,1
yesssirrrrr last episode christmas im excited,1
want byers happy moment increase please,1
season 5 peak,0
ohhh mg,1
code red new trailer,0
.,1
holy shit gassed looking forward breakdown,1
yessss,1
"so, everything know upsidedown wrong. mind blowing.",-1
goosebumps!!!!! iconic reason,1
die die nooo stop right,-1
,1
seeing trailer. definitely say wheeler family badass family ever seen,1
steve 100 surviving,1
end coming,1
dont frikin die,0
"run, ruuuuuuuunnnnnmaybe final episode",0
let dustin survive pls,0
pin highly peak netflix,1
im scream almost 1 omfggggg,1
eleven end season avenger assemble,0
damn... no words. pure excitement.,1
wow insane,1
wtf even show anymore bruh,-1
yo.,0
,-1
"best duo eleven , dustin, steve",1
,0
dont touch steve!,0
nancy!!!!! walk em wheeler!!!!!!,0
ahhh!!!,1
"no steve, die die! max! somebody help me!",-1
ho lee sheet,0
cool.,1
nooo! not steve! dont dare!,-1
biggest blockbuster time !,1
0054 hand best nancy moment! kudos mixing guy gun shot sounded straight like dj crossfader,1
shut uppp dustin wnd steve goddd no,-1
holy shit,-1
"stranger thing end, subscription end",-1
omg,-1
"oh wow looking better first volume, thank god. seems whole lot happening one. hopefully pull",1
053 nancy badass wheeler,0
112 lumax reunion see,0
second volume,0
"let not dustin steve die, thank much.",0
ahhhhhhhhhhhhhhhhhhhhhh cant waitttttttt,1
stranger thing 5 volume 2 part 1,0
new season going epic,1
"die, die thats sus",-1
"okay, dustins fortnite skin wearing black, white red hat completely different black yellow one, trailer steve black hat. starting get scared.",-1
nancy popping gun proof shes one best character,1
"die , die . nrteflix audience enjoy ur chirtmas present mf",0
know dustin steve better tf not!,-1
die die??? tf mean????,-1
wheres derek,0
omg... let wait happens next,0
oh god,-1
swear one party member dy im suing,-1
die die hell naww yarr,-1
epic. thank stranger thing fam part lives. cheer decade.,1
123 holly looking cuteeee,1
aaaaaaaaaaaa,0
136 die dieplease dont die,-1
cuidado con steve,-1
robin dont die pls,-1
power gay,0
"yep, someone dying volume 2",-1
look neato,1
nancy knock em wheeler wrap ted come,0
steve dustin die know,-1
"die, dieif one dy , die",-1
omgi screaming look amazing,1
boyboy,0
054 nancy walk em wheeler,0
rap song,0
die die no please best duo shouldnt die,0
one last trailer,1
happy ending plz,0
hoooot!,1
108 omg thinking mike,1
"die, die. foreshadowing?",-1
im excited!!!!,1
guy billy steve reply,0
greatest netflix series time. goat. ronaldo tv series.,1
2 hour there already 1 million view,0
thereeeeee,1
thank netflix duffer brother making anxious early morning steve dustin,1
commenting remember part amazing series released.,1
oh shit iam excited like cant wait antil 25 dec,1
know who dying,-1
still no sign saying run scene yet,0
instead steve dustin johnathan die,-1
think know going die,-1
steve dustin definitely not make till end,-1
025 holly power create door teleport110 young 11118 demogorgon not attacking girl138 nancy jonathan fall explosion139 11 get choke vine,0
"steve die, diedustin die, dieme one dies, die",-1
gary numan song playing steve dustin,-1
"heroes, one day",1
gut feeling mike gona die,-1
steve no! please god no,-1
die die,-1
holy shit,-1
fk thumbnail asap,-1
"syncs perfectly mike face facing up, side syncs perfectly max entering side angle shot syncs perfectly max holly looking down, reminiscent separate group three almost every season! like know two shot max but season 3 three groups, season 4 three group including el solo! but still!",1
henry still somewhere,0
new season feel forced writing sub par. much exposition. lack focus. hope end well.,-1
absolute cinema,0
"better keep dustin steve alive, duffer",0
nice,1
yay going release im waiting,1
"kudos child surviving this, could never !",1
im kinda scared rn...,-1
early beginning history,0
vecna sound like pennywise,0
"watching derry, seeing adult playing teenager ridiculous",-1
yeah he dead,-1
woah waiting,1
die die yeah im preparing lawsuit sue netflix,-1
"watched 3 hours, know much youre waiting it! go dustin, go steve please dont die",1
incredible,1
look like vacna self someone others control,0
love god please let max wake tell lucas change hairstyle,0
peak,0
hily crap henry part he air hekll,-1
out!!! im happy,1
vecna farming aura,0
finished speechless omg cant wait next volume!,1
130 hopper looking end world like flash snyder cut,0
love stranger thing,1
bro nancy holding aka 47 bro thats insane kali eleven team insane,0
god damn crazy.....,-1
"die, die. 139",-1
cant wait watch,1
"way face dropped die, die die, die",-1
hopefully hop isnt gonna try sacrifice,0
yeahhh boiiiiiiiii,1
yep somone definitely dying end know gonna sad especially cast said,-1
054 nancy looking like rambo,0
stranger thing first came high school im month away graduate uniit show much show connected lives. hard say goodbye never ending story,1
crazy nobody talking mind flayer probaly returning,-1
end .....,1
u die die,-1
steve,0
goosebump,1
119 robin gonna fuckin die.,-1
not touch babysitter steve!!!! stay alive him!,0
love show heart...,1
im gonna die,-1
vanishing duffer brother making guy steve die die,0
ok but no delightful derek???,-1
"want wish good luck, counting you. leslie neilsen.",1
perfect ending top 3 show time,1
die die,-1
many time watch trailer,0
many time watch video? yes.,0
netflix get pin watching series 2016,0
omgggggggggggggggg,0
136 oh godddsave,-1
"ahhhhh dustin steve die, die.noooo",-1
dustin steave,1
cant wait see but also dont.... becasue know end show.... somehow know not anything close good loooong time !,1
could say watching damn!!,-1
108 mileven going strong,1
134 thank god! electrocuting foreshadowing radio tower demogorgan not steve robin! really hope im correct,1
stop didnt jonathan apear guess know nancy like dead,-1
,1
oh gave nancy gun gun finally,0
10 day,0
steve dustin,0
wanted say... holy shit,-1
eagerly waiting.....,1
came back future.the list character die followeddustin el,0
think vickie shocking death season saving maxlucas escape body hospital demo shes escapeing vecnas mind simultaneously. theyve robinheavy season storyline guilt not getting take vickie out. theory,0
people watched trailer twice,1
please dont die,-1
"ive said ill say again, nancy goat!! 053",-1
thing care dustin steve friend,1
"wow, wow.",1
max dy coma save mf holly wheeler unsubscribe netflix,-1
im cry demo dog fully ignored vickie,-1
054 nancy walkem wheeler,0
"dustin, steve.please...dont.",0
vecna isnt actual villain fr,0
die netflix dy next,-1
hyped volume 2,1
cant wait see,1
not trailer showing fed fake spoilers. feel loved,1
stop im not readyy asaahasgahh,-1
watching school,0
member chewbacca?,0
die die felt different,0
as,-1
hope not letdown justice every character. cant wait see,1
thought easy,0
"steve dustin, please dont die!",0
die !i die...just iconic,-1
look good,1
no one talking vickie hospital demorgogon,-1
steve better hush nonsense,-1
bro this? 131max? el? holly?,0
aint gonna basic,-1
love nancy!!,1
"die , die",-1
steve dustin dont die,-1
finale new year evesucks thats already gonna new year,-1
booooom! one best series ever made. fact.,1
people watched 4 less four hour release,0
steve dustin dont die,-1
made episode 7 season 2 actually useful,1
excited this!!!!! let go!!!!!!!!!!!!!,1
last episode hope simply best tina turner,1
second hour released aaaaaaaaaaaaaaa,1
pls vickie robin dont die,0
steves dying sure,-1
141 mind flayer back!!!,1
cant wait,1
"die, die!!!! least made but noooooo",-1
thats awesome man,1
"die , die no",-1
wowie zowie,0
"die , die gonna real....duffer brother gone ...plss like",-1
wow,1
die die along netflix subscription,-1
no not steve.,-1
well merry fcking christmas everyone steve u cant die,-1
diei diewe die,-1
omg early,0
thought easy,1
duffer brother crazy creation omg mindblowing stranger thing breaking bad best series watched worth birth,1
big swirly thing anomaly search meaning,0
steve die diedusty bun die dieme neither dy neither dy,-1
119 dart returns.you see three dog ignore candy stripper attack military guys. protecting her. thats dustins dart.,0
die die,-1
,0
011 side scene much sync,1
"holyyy smokeess, j hope nobody dy",0
im russian boy but im shoked part 2its crazy,0
wait noooooooooo please im sad end,-1
mike going vecnad,0
think steve gonna die,-1
"die , diethat mean safe.... die ..",0
hehe boi,1
greatest show time finely end,1
oh.,0
life upside waiting,0
"try not ruin season even like volume 1, please.",-1
peak bro cant wait,1
"summarynancy badass meanwhile,you die, di bitch no!",-1
thing learned trailer nancy badass but knew thatsteve dustin reached unhealthy level codependency better live!! vecna gotten creepier not even think possible bravo jamie,-1
may holly rest peace,1
get ted bacon,1
oh well streaming,0
die die... die,-1
good guys! nobody gonna die! vecna jamie said steve immortal cuz cool hair!,1
020 everything ever assumed upside dead wrongdustin henderson,-1
053 nancy badass!!!,-1
"die, die. subscription dy ig",-1
too... peakkk,0
"die, die. added selves. there no death happening",0
better get whole team back together atleast b4 someone dy leave henderson harrington alone!!,0
die...i die way screamed hell,-1
steve dustin saying goodbye eachother kinda brutal...,-1
max awake 112 min,0
"die ,i dieplease no",-1
gaw,1
gonna banger,1
robin no nooooo pleaseee,-1
hi,0
"steve die, diedustin die, diebro chill massaging",-1
nwvocapuherivbseiurjvhbpoeugrhg!!! cant wait! side,1
meetha h bc,-1
109 still sense mileven duffer,-1
die die?? bruhh die either die,-1
"die, die",-1
008 definitely come scene..,1
"die , die ???????????????????????????????????????????????????????????????? im fking suing netflix thisssssssssssss",-1
,0
r dead,-1
146 menacing expression vecna now... look pissed,-1
cant wait look good,1
yiu die die brk die im gonna loose,-1
holy guacamole,0
damn trailer. whoever made,1
mah boi delightful derek,0
great way keep u edge seat welcome derry.,1
die diefck duffer brother dont dare,-1
eagerly waiting,1
robin live,0
die die killed,-1
time new world. well! well!,1
steve dustin dy im sending netflix medical bill,-1
ive never terrified excited time.,1
not even finale btw,0
first wth red glowing thing??? second vecna connected end fr feel controlled puppet maybe mind flayer even something much powerful,-1
holy shit...,-1
waaaaaaaay much cgi. take everyone world. nightmare look at. miss s1 s2 simplicity,-1
omg!!!!!!! omfg!!!!!!!!,1
yes ur gonna die!,-1
"die, die ...me panic attack fetal position screaming ...nooooooooooooo!!!",-1
"steve die, diedustin die, die",-1
want talk steves paremts careless are..their kid steve hair harrington saving world not even caring?,-1
anyone die die subscription,-1
146,-1
hell tesselhydra,-1
"steve die,i diedustin die, diewe die, die",-1
"see jurassic park inspired scene, raptor switched demogorgan",0
"fasten seatbelt netflix, another crash coming ...",0
da sieht heftig au,0
let goooooo,1
dustin fasho gonna die already predicted,-1
volume 2 going crazy,1
yay,1
max holly backroom,0
think going die then?,0
insane,-1
die no diegoddddd nooooooooo,-1
"hug beginning joyce going emotional, already feel it.",1
bro pennywise ep 8 heart bcz rich cooked pennywise god stranger gang cooked vecna 5 season,0
032 could smth like deadlight pennywise,0
die die,-1
"past day peak come favorite show welcome derry, amazing digital circus, stranger thing",1
"scared line die ,i die. omg happen",-1
steve must survive,0
everyone going byler doubt but dont even give shit already knew gonna happen soon trailer drop byler endgame,-1
anything happens steve dustin special episode ep 9 vanishing duffer brother released jan 1 6 pm,0
dont die steveeeee,0
ajnabi cheezein mosam panch,1
watched video less 5 hours???,0
"die, die.",0
goony never say die,0
2 hour early word cannot describe satisfied am. dustin steve dy die omds,-1
ok screwed,-1
holly,1
joyce??,0
steve die diedustin die dieme anyone die cry,-1
"guess gonna end series diana ross, im ok",1
no no no die survive u plz,0
wdym u die die,-1
"rip lumax, vicky hello ronancy",0
wheres mind flayer?,0
dont die,0
die. die.dont even think abt boy,-1
"die, die wrap",-1
enzo never gonna happen date,0
wtf,-1
saw chrissy 059,0
robin dy im suing,-1
wtf henry actually vecna,-1
indeed two hour,0
"touch steve, next episode gona vanishing duffer brother",0
ig aint getting derek,0
im happy seeing robin trailer hope steve dustin fine,1
netflix sks,-1
"nobody dies, please! not steve, dont ruin christmas me!",-1
finally trailer came waiting,1
no im not ready. no im not readyyy stoppp,-1
steve dustin better not !!!! omg look epic stake high !!!,1
peak,1
no im scared steve dustin,-1
guy part video steve said die together hallucination . please tell hallucination .,-1
"so, endgame now.",0
plot armor everyone,0
"die, die",-1
hope steve dustin dont die,-1
oh yeahhh,1
"steve die, diedustin die, dieme die , duffer die",-1
whole show turned something cw spat .,-1
scene make think steve dustin going die,-1
"hero watched video less day released, gather here!",0
look like whole different show! cant wait,1
"maybe im vocal minority, but im ready over.i wasnt really drawn all.",-1
die die gave chill,-1
finally,1
108 mileven byler happening,0
kinda hoping see byler moment,0
feel like kali villain lmfao,-1
wwwwww,-1
134 shock jock,0
keep mind since last season literally anyone could die,-1
peeeeeaaaaaakkkkkkk!!!!!!!!,0
goosebump,1
netflix like christmas gonna best christmas bcz surprisewhat fav character dy,1
reporting duty.,0
swear vicky going join battle,0
"die, die no no no",-1
steve n dustin dont die,1
135 please dont die u,0
"die, die happens die",-1
"holy shit yeah, many theory coming true! also, better join el kali upside soon. cant seperate whole season",1
die! die!!no please......,-1
kept rewinding part show top truck ripped cut dustin hugging someone dustin looking confused. person not look like anyone alive! could eddy!!!!!!!!,-1
vickie unexpected death im wrapping,-1
hell u mean die die nuh uh,-1
hope steve dustin doesnt die,-1
"address grand fleet,and tell them...we going kick vecnasass universe!!fleet commander alexander scott, united nation armed force flying battle carrier vigilant",0
mind blowing,1
136,0
die die?????,-1
,0
duffer already said no one dying. wish someone would though.,0
"die, die",-1
holy crap!!,-1
wow im usually never early,1
..,0
poor argyle dy,-1
"aaaand finally finish discussion good , lady gentleman write female bos character without shaming male ! thank",1
yea im gonna start mentally preparing steves death,0
heart not ready this!! protect dustin steve cost,-1
vol 2 gonna ablast sure bet,1
ugh dont want end yet,-1
die die yeah know,-1
nancy coming like rambo love cant wait got chills!!! st greatest show history no show ever top,1
not single byler scene wonnnn,1
trailer totaly killed,-1
"watched video less four hour released, hero gather",0
nooooooo wayyyyyy? v2 watch steve dustin die ? nooooo wayyy way dustin runnnnnnnn,-1
"wth die, die ? ready die them! no pleaseeeeeeee dont thissss",-1
confirmed steve die,-1
no way seeing final battle saw trailer new years.,-1
excruciating wait nye,-1
"trailer die, dieliterally everything home absolutely not!",-1
crazy thing !,0
cant wait see big upside reveal teasing u long.,1
"finally, real trailer instead b fan made trailer shxt ppl made",-1
peak!!,1
let get rid character development implement special effects!,0
steve dy riot !!!,-1
people watched video day released,0
"die die????no, die, die.",-1
"112 okay, but lucas actually getting slimed season",-1
dont die,-1
stranger thing gotta best movie ever b created masterpiece one day protest season 6,1
stranger thing fan assemble excited?!?,1
"die, diewhat mean???what mean.what. do. you. mean.",-1
108 fav gay,1
who ready,0
,1
spetacular trailer!!!!!,1
bruhhhh???? mean???? die die????????,-1
feel like throw excitement pool,-1
osm,0
u die die,-1
finally,0
holy peak,0
goodness,1
"probably shouldnt comforted die, die but wouldnt actually give u trailer died, yall. death big surprise past! steve dustin marked safe s5v2.",0
today rewatched sorcerer episode evening saw,1
bhai plz fielding mat set karna agar kari hogi tho plz change englishif feilding set change release,0
waiting,1
die die literally screamed.,-1
omg soo excited holly max gonna goated team nah steve better not die tho.,1
"die, die.im warning you, duffer bros.",-1
time......for new world.got bruhhh.....,0
"die, die dont dare duffer brother",-1
"im cry omg stop steve dustin die ill actually yeet duffer brother inside upside no baby will. look like he starting float, meaning he getting vecnad.. vecna talk love mike smth like that? im scared stop",-1
nancy wheeler,0
avenger meet superman ...,0
oh gonna die,-1
saving volume 1 watch together volume 2. binge episode starting 25 dec.,1
cant wait!!!!! christmas need come sooner!!!!,1
absolute cinema,0
die die,-1
trailer song fire!!,1
"die, die!!!",-1
yeah baby!!!,1
sorry but bit dark... u know mean. many similarity,0
die die dont please,-1
no seatbelt this.,-1
look dark,1
die die,-1
might change name wel,0
,0
not steve dustin talk.pleaaaaaseee.,-1
never clicked video soon,1
wheres delightful derek beloved,0
dont know felling might go started might end,-1
die die... dont die,-1
im happy also sad abt show ending young came crazy think abt much changed life since watched season 1 first time crazy im witness end im happy but also sad yk but beautiful show always come back rewatch !!,1
already lost mind watching part 1 season 5. something tell im going lose watching part 2 finale.,-1
im here!!!,1
"volume 2 taming vecna. volume 3 vecna, el v mind flayer.",0
breakdown go,-1
wheres byler kiss?,0
steve acting season season,1
steve fan assemble amalapuram,1
die die whyyyyyyyyyyyy,-1
nobody dy,-1
suspense building!,1
120 holly cooked,0
who ready get vecnad.,0
"theory originate, see one theory true , poor mike si",0
cant wait come volume two,1
cant wait,1
final reckoning start,1
"die, die",-1
dusteve! please dont die,-1
"boy girl take note die, die happened .....",-1
,0
die die best,0
"gonna call rn, upside might sort food source mind flayer thessalhydra. gate open, upside perhaps merges real world. many theory take away, perhaps mind flayer killed thessalhydra well fed, also see henryvecna cave child held, likely white elongated structure teeth bone thessalhydra. calling theory right 15 december 2025 2349pm",0
vecna deadlights?!,0
"die, die netflix die, subscription service dy",-1
bro im not ready,-1
steve robin best. no dustin.,1
robin barley omg,0
trailer episode going epic cant wait!,1
let start clocking creature side,0
max like hero s5,0
anybody dy never subscribe netflix watch promote telegram,-1
goosebump,0
sexy,0
die die thats fr,-1
omg best series watched netflix,1
"die, never get subscription netflix",-1
diana bos ross stay getting check! yes sis! better use song!,1
peak peak peak,1
gonna peak,1
pls hopper stop sacrificing every season,0
not steve dustin... please duffer brothers. beg,-1
duffer not want anyone dying christmas present,-1
marvelization sucks!,-1
u diei die die,-1
dont say steve!!,-1
102 saddie back,0
"die , die. no no no no fuking one die",-1
clicked faster eating cheeseburger say lot,0
"best duo die, die.",1
better dont die,0
127 tiiiiiiiimeee,1
screw mileven byler endgame hate mileven,-1
die die no pls pls pls,-1
"nancy, omg love",1
1899 someof concept,0
worst season,-1
rewf,0
boy jonathan saying need team,1
"die, die",-1
"011 finally mind flayer, real villain entire show franchise here!!!!!",1
better good christmas present,1
seen one dark series,0
"steve die, diedustin die, diemy subscription netflix die, die",-1
wet,0
"wowwwww!!!!!!you die, die! going insane!!!",-1
120 omg vecna soo hot transition,1
,-1
gonna good christmas,1
really hope whole stupid military shit isnt taking much screentime plus get real explanation everything.,-1
hiding weak story behind special effect marvel superheroes wont save stranger things.i miss season 1 vibes.,-1
nancy aura,0
guess vickys getting demogorgon party instead dinner crush,-1
touch dustin steeve season 6 called missing different brother,0
oh god,-1
nancy shooting look cool,1
113 hug...it say everything,1
"get 100 likes,steve survives",1
actually look good,1
die die please dont,-1
swear god something steve,-1
"die, die ahhh shit",-1
let go let go let go,1
season bad haha,-1
shot henry stair freaking cool.,1
"steve dustin one going die, probably going dustin",0
welcome derry,1
holy f,-1
never expected diana ross upside work well trailer holy,0
im excited but also sad coming end,1
peak,1
guy im excited! dustin steve please dont die,1
136 die die mann,0
die die,-1
"die die. oh god, building argument fight reconnect come together emotional everlasting friendship sacrifice?!",-1
"hey guys, theory stranger things, take place 1988, stranger thing take 1987, but bit close, imagine pennywise vecna fight. worked together, loser club, stranger thing gang would work together fight vecna pennywise. might get welcome derry season 2 soon",0
vecna got new costume christmas?,0
mr. sandman.,0
accept fact nancy best character development whole series . unpopular opinion,1
holy sht epic,1
dustin getting slimed vecna,0
ish time...,0
"came man but barely see couple times, come now!",-1
spinoff going nancy merc,0
132 hun moon,0
3 hour,0
"sensational, incredible man!!!!! december 25th cant come soon, damn it!!!!",1
hero.,1
anyone notice robin got think least amount scene think saw 3 time people saying could die 5th ep 6th guess wait,0
yo guy legendary duo back,1
leave dusitn steve alone,0
"nancy v military ahhhhalso rip vickie, holly, steve dusty bun might cooked",-1
,0
"dustin steve die itll okay, theyll together",1
.,0
time byler finally deconfirmed,0
steve gonna die ..but break promise save dustin,0
yo,0
big,1
"yet again, netflix know millennial parent as well zero plan nye",-1
ti tuff youtube rewind,-1
"hear out. no one dies! maybe military lady, but no one!",-1
"die, die maybe...",-1
wait final ending. release damn show already finally move lives.,-1
"swear steve dustin dies, christmas wont freaking same!!",-1
steve wil die new season stranger thing season 6 ep 1who duffer brother ep 2search duffer brother ep 3finding duffer brother ep 4duffer brother upside ep 5duffer brother demodogs ep 6duffer brother demogorgan ep 7duffer brother vecna ep 8duffer brother mindflayer ep 9funeral duffer brother,0
day..... morning saw welcome derry ep 8 stranger thing vol 2 trailer actually boom,1
aaaaaaaaaaaaaaaaaaaaaaaaaaaaaaaaaaaaaaaaaaaaaaaaaaaaaaaaaaaaaaaaa!!!!!!!!!!!!!!!!!!!!!!!!!!!!!!!!!!!!!!!!!!!!!!!!!!,-1
finale new year eve ohh goddddd like holding 3 month load universe juice.,1
omgg energy core thing blast,0
damn anyone got pixel spare netflix,-1
,1
"me, joyce appear once? you, joyce?",0
notice dustin nancy return normal world steve jonathan dont?,0
"not even look like new volume, brand new season! dangggg",0
leave dustin steve,-1
nah peak.,0
reason cant get back show used one favorites. im hard time actually sitting watching it.,-1
happened people making youtube short saying ruined dustin steves friendship,-1
135 fuckin knew,-1
"die, die. teu cu",-1
"die , dieshit duffer brother dont value life anymore",-1
"oh nah nah , undesirable foreshadowing",-1
omg esrlyy,0
"steve die, netflix dy",-1
cant wait netflixxx cant final season stranger thing,1
yes,0
save steve save dustin,1
"holly wheeler, crush",1
max suzi coming next episodes....,1
fear u cooked,-1
nobody die please!!!,-1
"im sorry, but dont recognize stranger thing season 1 anymore this.if want hide weak story behind blockbuster special effect marvel superheroes, season 5 might you.",-1
showtime!,1
"die, die?????shut upppp no one dies!!!!!",-1
baaaaaahhhh sommmmmgggg,0
gonna crazy christmas present,1
im worried steve,-1
go,0
,1
013 holly room,0
"die, die heart breaking.",-1
swear god dustin dy im gonna cry,-1
hope tht no one diee,0
no dont die please,-1
boy steve dustin might cooked,1
wow.,1
"steve die, diedustin die, dieme dont die!!!",0
die die,-1
goodness!!!!!,1
steve dy make duffer brother vanish,-1
diana ross making fortune,0
no didnt steal swamp thing add extra layer,0
chapter 9 vanishing duffer brother going real..,0
tiamet coming,1
bad felling someone die,-1
"die die correction, either die im killing",-1
stressing,-1
cant believe ending,-1
wowoooowowowowowowowowowowowowowowowowo,-1
steve dustin frndship brother,0
lack jonathan screen concerning,-1
absolute cinema,0
less 4 hour,0
,1
epic!,1
"die dies, die dieyou die dieeee!!!!!",-1
"die, die? no, no, no.",-1
"die, die killing",-1
steve dy christmas cancelled also please let showdown vecna mindflayer,-1
dangerous things!,-1
omg ... die die make uncomfortable,-1
no one talking lack johanthon steve outside upside downone not gonna make,-1
oh,-1
describe upside energy ball??? look cool but like ??? dude vecna actual power smth?? maybe sort power source even another creature,1
yay,1
"die, dieif die netflix im finding",-1
die die,-1
"steve, el, dustin, mike, lucas, max, will, jonathan, nancy, robin,joice, murray, hopper dont die please",0
"not fckn die, die bs! swear god duffer brother gon catch hands!!!!!",-1
nancy walk em wheeler back business baby,0
"die, dieyup theyre gonna die",-1
boring now. new hit welcome derry,-1
whoever watched 5 hour goat,-1
im waiting,0
"die, dieno no no no wait wait wait wait waitttttt....",-1
france,0
wowzer,0
die die,-1
ok ill unpause subscription watch stranger thing lol,1
last dance,0
die die tbh die irl,-1
hero watched video less four hour released gather,0
026 going meet peacemaker ??,0
die die,-1
steve dead sure jk,-1
"die, die bitch die, netflix dies!",-1
upsidedown montage dope!!! 016,1
dude stevey poo dy die,-1
"fun ser nancy wheeler shoot giant m16 linda hamilton feel like nancy use shotgun, styling, bad assery nod sarah connor t2.",1
"die, die goated dialog",0
entire season epic.,1
oh god,-1
steve dy duffer shall meet end aswell,-1
"die, die, bad boy life",0
pls keep steve safe button,1
holy sht absolute peak,1
"steve dustin saying die, die cmon duffer brother pls dont sign death warrant",-1
"feel like watched whole season now, trailer",0
"people less 4 hours, gather",0
"2 hour late, but damn look good.",1
yup steve going die,-1
"136 die, die netflix die, new episode finale titled massacre netflix hq",-1
erica not,-1
incoming upside retcon,0
tf steve dustin say that..,-1
hope someone actually dies... show straight gaslighting fanbase..,-1
feeling mike one going die.,-1
real,0
going crazy .. hold ... going ride,1
hi,0
034 nancy smoke em wheeler,1
die die noooooo,-1
"die,i die spoiler no plz",-1
"hey guys, know not long shot",0
yep steve dying,0
"guy prepare hearts, someone dying dont know but past season know duffer brother dont peaceful ending",-1
everyone talking steve but didnt see jonathan even,0
"die, die quit playing game guy not ready",-1
"steve hair harrington dies, netflix subscription dies.",-1
steve harringtonnnnnn!,0
man ending better satisfying awesome nice wrap arcs. would hate show ended bad note dy like got.,1
"feeling vickie die, no main character die but one main character loved one always die probably die",-1
summoned fandom,0
143 okay anyone know eggo waffle this?!,0
die die serious,-1
"ah yes, look man love. 110",1
know im going cry max holly try escape camazotz!,-1
ahhh im excited,1
"duffer bros, prepare get stack hate mail dustinsteve die",-1
steve dustin dy ill see ur office netlfix,0
mind flayer coming portal,0
"die, die not giving good feeling please no...we not ready back back heartbreak john cena retirement",-1
goosebump,0
steve dustin survive.i mean leaked picture kinda confirmed,1
watching 10 time make sure steve not die,0
dont but feel like mike die season...,-1
excited,1
"die, die?!?! noooo",-1
032 044 moving ball seems eerily similar god particle like show dark... time travel something definitely going happen,1
"aint ready shit... please delay next xmas...cant imagine steve dustin dead die ,i die,",-1
"dustin steve die diemeanwhile yall die, duffer brother die",0
let freaking go baby!!! hurry christmas day!!!!,1
"die, die guaranteed one gonna die",-1
oh cooked,0
die die!!!!!!no cant happen youll fine steve dustin,-1
look epic im actually not sure end im anxious,0
136 noooo,0
everyone taking bout robin dying 5th episode since no poster volume 2 enzos curse coming true ? actually vicky dy,0
chill literal chill,0
"everyone saying die, die. nobody noticed jonathan voice saying need work together team truck no jonathan. think he going die. sacrifice nancy . dont care ehat anyone say but ill alwsys love jonathan",-1
word not describe not excited this.,-1
guy really believe steve dustin die lol plot armour,0
guyzzz im honestly scared,-1
vecna henry glitching ?? omg,0
136 die die back,0
mind blowing,1
jekyll hyde moment 120 tell henry creel still inside mr. whatsit might actually good.,1
trailer ??i freaking cant wait 10more days.....?,-1
please dont die steve harrington,0
"nothing. give peter vecna wrath heaven, soldier hawkins.",0
incredible,1
"roman 109 thou shalt confess thy mouth lord jesus, shalt believe thine heart god hath raised dead, thou shalt saved.",0
"die, die.",-1
let jonathan not steve dustin!!!!!!!,-1
spoiler monster 3 head nancy dy,0
anyone not bot?,0
"die, die...nooooooooo plssss",-1
finally steve dusty bun back,1
tsk tsk tsk no byler,0
omgggggggggggggggggggg l ets goooooooooo,1
"say stevedustin relationship one best best even soulmate relationship without need romantic involvement looooong time? two incredibly brocoded portray wonderful dynamic two them, show pure love come form unexpected ways. said, netflix, dare killing either them, unsubscribing platform.",1
okay!!! im getting ready cryinggg,-1
120 vecna 800 ping,0
not seeing jonathan lady gents....... someone die.....,-1
noooo steveeee nooooooo,-1
026 actually heroic holly cast dimension door teleport anywhere visualizes !?,0
mind blowing waiting egarly watch volume 2 cant wait anymore,1
044 omg,0
u die die im sobbing hardddd,-1
108 byers eyeessss,0
literally goosebump,1
"alright, got hyped even last time ,damn duffer brother u make exicted everytime how?!",1
"die, die",-1
053 rambo back.,0
yo demodogs back,1
24hr gang,0
endgame,0
fun begin,1
oh god,-1
let not.. die.... shall we..? steve..,0
dont think im ready this..not,-1
nancy popping like deadliest game wackamole!!! yessss!!,1
watching 911 pm.,0
"die, die. duffer brother steve dustin dy find",-1
steve harrington dont u dare,-1
vecna every trailer time...,0
look amazing omd cant wait!!!,1
loving nancy season,1
steve dieing sure,-1
2 hour gang,0
"die, die! dont",-1
walkem,0
people watching hour real stranger thing fanedit 1 bro cant wait stranger thing drop ayyyy,1
die die? pack uppp,-1
hop fav ....,1
trailer give vibe finally end,1
133 lmao,1
hope vicky dy,-1
grandma sent 700 morning,0
omfg.,-1
"die, dieno. please.",-1
omg dustin steve die die iconic. die die netflix im bus rn dont me. im concerned rn,-1
omggg cant waitt,1
"die , die... nooooooo",-1
cinema.,0
holy shnikeys look intense!,1
think maxin get power like willam el.,0
oh yea,0
"die, die.downfall duffer begin",-1
nancy save nancy,0
byler,0
"hey steve remember this.... u die, die",-1
"im going celebrate favorite holiday watch favorite series day, thank duffer",1
116 eleven finishing vecna...,0
steve getting super power sacrifice,0
"robin, mike one frame oh man im excited",1
avenger endgame ahh trailer,0
im going miss stranger thing but 2026 last air bender coming,0
...,0
hehe,1
024 doremon,0
brooo need vol 2 rn waiting killing mee,1
definitely least two character die this!,-1
"steve u die, diedustin u die, dieme yall die im",-1
ill pissed dustin steve die,-1
no die please,-1
"still waiting watch? think, released",0
die die wtf no one die!,-1
nancy cooking military,0
"die , wrap bro",-1
itd hilarious everyone died,0
itis time new world,1
delightful darin,0
steve dy count day,-1
happy ending need1. collection best hit 80 running nonstop.2. nancy shotgun shooting nonstop.,1
lot thing happening guy,0
not watching trailer see 25 dec new year,-1
hello real fans!!,1
die die hahhahaahahahah not funny actually,-1
1181,0
blown away!,1
dustin aur steve ki fielding set ho gyi hai,-1
gnial,1
"dustin steve dies, im running wilderness youll never see lwk",-1
wow,0
damn! drug nancy on?,-1
vecna looking even crazier,-1
remember caleb described last season word traitor??? kali??? eleven took opportunity get revenge season 2 kali take away eleven vecna ??,0
well 1 hour within release,1
"136 die, die",-1
omg finally,1
heading marvel territory now.vecna tryna marvel villain,0
cool,1
amazing,1
"bro, look like marvel movie",0
cant wait king von nancy edits,1
1k like steve,0
"meanyou die, die",-1
bro cant wait another 10 day pls release early,1
bgm fire,1
studying final,0
"die, die",-1
"die, die",-1
hate way heart race whenever see st notificationsi stop getting nervous,-1
ahh..literally last stranger thing trailer witness!the end feeling within hr.......,0
show turned power rangers. wtf happened?,-1
steve dustin bet not die,0
"136 steve die, diedustin die, dieus die, dieduffers .",0
lesss fking goo guysss!!,1
character die swear duffer,-1
omggg,0
earlyyyy,0
omdais got pumped,1
witness end neverending story,0
nancy solo everyone,0
1 hour gang,0
pls dont die dustin,0
like comment cant wait volume 2!i personally cannot wait,1
132 kali hoping hopper?? wtf seeing,0
really hope get witness greatness ever again. year never watched show im suffering end it. masterpiece.,1
need lawyer,0
"die, diewe die, too, dustin steve",-1
supposed wait 10 day watching,-1
noo... die!! maxx!!!,0
steveu die die dustinu die dieis going dienooooo,-1
"steve , dustin die , die.hopper head noone dy watch .i cant even express excitement anticipation upcoming episode word know gonna freaking awesome",1
"die, die nonononono neither die plsssss",-1
ahh,0
1 hour ago,0
"released hour, watched 3 time already lolol",1
steve one soy sauce bottle,1
gut feeling kali gonna end traitor. ill come back comment end right,-1
not nancy attacking army hair,0
vecna said time....for new world itis time travel involved dustin steve diewill el die get happy ending mike,0
hyped,1
dustin die dieme none die,0
steve,1
cant wait see nancy solo special force,1
,1
140 like similar eddie dustin season 4 volume 2 again. ahhhh deja vu,0
136 not steve dustin please!!!!,-1
"elton john feel love tonight?nancy wheeler no, sorry!",0
goated series vol 2 back!!,1
"og steve dustin jodi backyou die, die",0
crazyyy shit,-1
zokom project l peven,0
"cant wait excited, im ready but not ready time",1
everyone given good reason excessively worry steve rn,0
world cant describe much miss show.,-1
"eddie might return vampire, im calling",0
106 rip vickie,0
yes go nancy walk em wheeler hope doesnt die,0
max isnt shown real world single time btw,0
shot 008 radio station netflix copy trailer but not here? otherwise shot shot,-1
worried robin yall,-1
feel dustin steve jonathan gonna die.......,-1
time new world,0
code redcode redcode red..i repeat code red guysssss,0
"107 way moving look awfully smooth, like he getting vecnad like max s4 e4calling rn",0
,0
release once. chopped release crap not people flocked streaming service first place.,-1
robin save vickie hospital sacrifice likely,0
"alright! entertainment loading new year day, check!",0
look like dustin less asshole time around,0
dont even dare harm steve,-1
"either steve dustin 1000 dying christmas, thanks netflix",0
woaaah!!! going mad fun!!,1
alright but gotta live welcome derry season finale hype,0
bringing back demodogs!,0
106 vickie nooooooo,-1
steve dustin die,0
"steve die, die.dustin die, die.fans dy duffer die",-1
epic,1
beyond hyped,1
going intense show edge!!!,0
vecna ....,0
release remix song asap,0
cant wait,1
"die, die meanwhile hoping no one dies.",0
steve dustin cooked nooo,1
sadieeee,-1
nancy walk em wheeler gun?!!!!,-1
yeah everyones cooked,0
106 vickie better stay safe,0
release already,0
steve definitely dying,-1
giving infinity war endgame kinda vibe,1
die. die.,-1
nancy walk em wheeler,0
056 easy part,1
please waiting season 6,0
"omg love dustin steve, cute",1
endgame,0
biggest pile shit tv show,-1
"stopped halfway , felt like spoiler",-1
"hear out... know steve, dustin, nancy, jonathan upside hate say but dont think see shot upside sequence.",0
le go steveie dusty,0
"die, die",-1
less 2hr!nerds assemble here...,0
damn cooking big time,-1
need pennywise versus vecna,0
"die, die",0
vickies cooked 105,0
mokka commentry payaluga,0
please save steve dustin,0
oh god crazy,-1
let go hopper,1
visuals 045,0
wow,1
dont worry wont die,0
112 lumax reunion !!!!!!!!! war,-1
"die, die hit different...",0
"anyone main cast dies, im literally kicking someone",-1
"theory alert1. mick dream.2. will, eleven 008 going erase everyones memory.",0
bgm mind blowing,1
waiting movement,1
hunch poor jonathan goona die,-1
steve dustin cooked,-1
steve dustin better not die!,0
die dieare kidding??,-1
5 hour team yk,0
mike upside,1
,0
"not over, not long shot yeah know, release rest quickly",0
byler bust!,0
goated tralier,0
im sobbing already. christmas gonna depressing thanks lot duffer brother 137,-1
"die, die no duffer brother live die die",-1
oh godddd!!!,1
oh god atleast know relationship dustin steve would get progressively better. but look insane exactly love strangerthings,1
bro not ready,-1
watched hour show much dedicated,1
alr nah fam aint nobody let steve orrr dustin die fuh,-1
"die, die.breathing heavily",-1
peakkkk,0
hail king steveeeee,1
die diemewe die,-1
holy smoke,-1
1hour team,0
getting red dawn vibe,0
damn,-1
nooooo need another season,-1
netflix one crash soon,0
lincoln vampiro,0
everything upside dead wrong,-1
"die , die",-1
goosebump !,1
shut shut updont say that!!!!!!,-1
better not see steve dustin die,-1
fire!!!,1
"steve dustin die, die either die, die!!!",-1
something kali cant trust,-1
yep confirmed atp. dustin steve dying,-1
ummmm jonathan,0
let go. military show fckin brain dead dont get enough brain cell compared teenager lok ...,-1
die die!...nooooooooooooooo,-1
max back? send back coma,-1
help find 037 double clicked comment?,0
meow meow,0
getting goosebump like will!!!,1
"wdym die, die??? noo no noooooo noooo plsplspls",-1
goat tv show,0
less 5 hour trailer came,0
"ending bad be, chapter nine vanishing duffer brothers.",-1
yeah vickys done,0
love steve dustin clips!!! hopefully mean reconciliation one hopefully not dy,1
im exciwteybwgwgy ftsyfcytrsctysfhtwvcw,0
letsss goooo!!!!!,1
many people waiting like,0
nancy not playing around gun,-1
get better betterrr,1
"enough rehman dakait ,its time stranger thing hype......",0
"love trailer! umm, wondering wheres erica this??? boy, delightful derek???",1
"yoooo, gonna craaazyy",-1
"steve dustin dies,stranger thing s6chapter 1the vanishing duffer brother",0
yes dustin steve totally back,1
4 hour,0
"yea steve dustin said, done with.",0
netflix die die? die die,-1
anything happens dustin steven riot,-1
"coincidence show kali 040 multiple 8 5.kali obviously number 8, 5 seasons. 8 5 40you also number episode 8 seasons.thanks reading useless comment.",0
,1
might best thing television everin history !,1
longest 2 minute but time shortest 2 minute,0
nancy go hard this! see wheeler,0
upsidedown,0
die die,-1
back,1
finally! real one,1
nacny walk em wheeler,0
please dont byler,-1
"hero watched video less seven hour released, gather",0
"die, die. live, live. live, die. live, die.",0
bro im afraid steve die put he song,-1
spent whole s4 literal pair group 4. like thought s5 wed together but damn,-1
please dont let robin vicky die,-1
11 day left,0
jaw literally dropped way floor 136,0
jonathan surely going die.,-1
someone. please tell name song,0
goosebump,0
niceeeeeeeee,1
"whatthef wordare guy insane? this? got goosbums body, thing gonna hit u bad",-1
"die , dietrying build emotional scene",-1
,0
"steve die, diedustin die, dieme either one dies, die!!!",-1
im terrified steve gonna die,-1
"damn! shot nancy gun, goosebumps.",1
love,1
damn gotta say noah amazing job role,1
steve dustin stay alive,1
everyone eats ice cream no one dy,1
it! end story!,1
120 looked like glitching,0
hopper sacrifice el,0
marana waiting,0
cant wait,1
"steveeeee, dustinnn, dont die u man",-1
feel like kali going villain,0
"greatest tv show ive ever watched coming end ,thank duffer brother amazing gift generation. hope sequel stranger things.",1
cinema,1
im going make prediction. good guy win. end.,1
havent watched volume 1 season 5 im still waiting next volume im binge watching,1
damn really packed craziest intense scene volume ii finale,0
cinema,0
die die,-1
020 dimension x,0
steves goner,-1
obama,0
music point,1
die die,-1
die die,-1
byler,0
117 robin get attacked demo vickie watching. slow,-1
iam speechless..,-1
"die, die dont please noo",0
die dienoooooo,-1
not die die thing please,-1
"love god, please end show quickly.",-1
ommgg suspense,0
oh hell no steve harrington not put word death mouth,-1
nancy rambo wheeler,0
steve dustin gonna save everyone,1
139 jonathan nancy,0
boy,0
signed guyss????,-1
exact kind movie dulls me... one reason enjoyed stranger thing wasnt like p,-1
054 nancy walk em wheeler,0
2 min trailer...vol 2 clearly going level much higher insane trailer cant wait episode drop,1
mean die die??!?!?!?!?!?!?,-1
nancy one badass character growth,1
finally trailer thats not ai,0
waiting ... whatll happen 213,0
trust guy cooked,1
"thank god, steve dustin wont die",1
im here! hour dropped. im afraid robinson girlfriend,-1
wheres hopper,0
"hell yeaaaaaa, waiting ao long....nancy shooting m4a1 crazy",0
would never want see last scene favorite star,-1
126its mariah reference?!,0
dustin steve die die .,-1
max getting power im sure,0
im freaking hyped,1
die die son b better not,-1
"thought max blind, havent seen first new season but still im confused",-1
cinematic masterpiece isnt already.,1
im making many theory omgomgomgomg,1
byler endgame.,0
im not ready say goodbye vibe yet feel special let go,1
die die no no no no no,-1
no byler scene trailer said oh im sure,0
woooohooooooo,1
booooooooooom,1
anywhere door,0
136 no please,-1
"120 going henry creel 001 vecna, sequence boutta trippy asf",0
137 fav duo back,1
fact youre gatekeeping jopper content tell weve got wedding horizon ...,0
not touch robin!!!,-1
"die , die getting nerve please dont",-1
vecna not villain die die nooooo noooo noooooooooooo,-1
cant fkin wait,1
waiting mokka commentry,0
052 nancy shoot pure gold,0
murray alive!,1
"die, die?? no no no well die yall died",-1
nancyyyyy insaneeee,1
santa no clause whats cooking christmas,0
"die, die",-1
yeah sonofabitch trailer,0
139 holy foreshadowing,0
"die, dieif die cry!!!!",-1
"tried hard wait 25th watched vol1, difficult . hell im supposed wait long. even need wait week",-1
thumbnail sooo mid thought fake one,-1
came school bro,0
holy cinema,0
confirmed steve n dustin r not dieing,0
"poeple wtched 1st hour, like",0
cant waittttt,1
people gonna die stevejohnathan ??,-1
051 gooo nancyyy babbyyyyy,1
"let anyone who gonna die, die! except robin",0
"swear dont even touch steve,max, dustin send duffer upside",-1
damn im early time,-1
"die, die",-1
gathered,0
die die... plz u dont fuckin die,-1
please spare steve dustin,0
eddie dustin wouldve said best christmas evaaaahhhhhhhh ahhhhhhh!,1
obsessing henry 5 second screentime trailer,1
pretty sure theory right steve sacrifies self saving dustin nancy,0
"nancy journalism job, but still able handle gun heavy recoil, feel tad bit unrealistic, rest goated show",-1
nope no die please u no die please u no die please no die pleaseeee,-1
going barn burner.,0
omg... waitingggg,1
rey pilotuuu dinchu dinchu jaldi dinchum,0
stunning!,1
,0
literal chill opening line failed. never stood chance duffer emotionally destroy u one last time,-1
derek fart blow upside down.,-1
nancy catch body wheeler full affect,0
138 nobody die pls,0
ppl obbsessed..... uniteeeeeeeeeeeee,0
byler,1
"die, die",-1
liking manifest happy ending everyone.,1
136 nigaaaa waaatttt,0
let fcking go,1
"wasnt show, feeling. end era....finally.. one last time..",1
gonna super,1
holy mother jesus...i soaking wet right now.,0
,-1
anyone notice started levitate like vecina kill someone?,-1
100 time batter 5th seson stranger thing,0
dae seg hong ??? squid game ??? squid game ???,0
it! tryna see character development full display,1
cant wait!!!!!!,1
im excited vol2,1
"amazing see much nancy grown. character nothing like would thought would been. girl literally soldier, love her. met her, laying across bed pink room, gossiping phone like regular teenage girl. shes channeled inner ellen ripley beyond impressed. let go nancy walk em wheeler!",1
eleven become couple!,0
"hero watched video less four hour released, gather here.",0
die die im uncontrollably sobbing,-1
mean die die hell nah please dont die,-1
vol. 2 going emotional,0
,1
omg much thing gonna happening volume 2,0
die die. shut no,-1
"die , diehelloo whattt",-1
"man, give goosebump die, die",1
"die, diei cant witness die",-1
"bro,this absolute cinema!",-1
know 25th december!,0
,0
i. cannot. wait.,1
nobody gonna talk max holly?,0
good trailer showed everything nothing time haha,1
im hoping theater season finale. wanting treat nephew bad. weve watched discussed watched.,1
"die, die peak cinema coming",1
136 season 3 reference,0
no smile crazy,-1
"die, die no one dy apart vecna ofc",-1
vecna look like he mouth dragon,0
die die pls no one fkin dieee,-1
steve different outfit 136?,0
whats name song thats playing,0
im suing byler isnt canon,-1
el lost hair....again??,-1
053 nancy wheeler never disappoint,1
dislike people upside,-1
"swear god ross,matt netflix even try touch steve guy face consequences.take ted instead spare steve .you die dieno one gonna die please",-1
wooooooooooooooow,1
people make theories.,0
"die, die nooooooooo",-1
fuckin insane,-1
,0
"die,i die",-1
really hope steve dustin survive,1
better better volume 1,1
malayalies,0
finally not ai,0
032.... ig inspired dark. god particle help time travel..,0
"die, die dont jinx bro...",-1
die die,-1
cant waitttt die die,-1
die die feeling emotion dy die,-1
,1
not overi got chill t,0
"die die, no",-1
hour. im scared dustin steve!!!,-1
christmas gonna op ever,1
robin dead,-1
going epic,1
no dont die steve dustin dont due,0
"die, die wrap",-1
die die,-1
sooo not ready,-1
leave holly alone,-1
,1
dies.mike dies.eleven dies.steve dies.dustin dies.nancy dies.jonathan dies.robin dies.max dies.lucas dies.vickie survives save world.,-1
no one die please guy ready see 10,0
hell yeah,1
oh thank god steve scene outside upside thought cooked. robin dead tho sure,1
go!,1
055 nancy wheeler moving militantbet.,0
die die no way,-1
"mean die, die! ?!? whatcha talking willis?",-1
"die, die",-1
knew exploding red thing dimension x related,0
absolute cinema,0
wtf die die cmon dont break heart,-1
"come need least 3,4 important deaths, hope joyce, steve, nancy robin, thats really nice not banal!",0
,1
really hope epic,1
"die , die",-1
,0
"die , die die stranger thing die",-1
please not steve,-1
mass trailer classy bgm massive end game,1
excuse me? wtffff,-1
nobody talking lucas holding max body hospital,-1
oh god!,-1
"legend watched video less 5 hour released, gather",0
not dustin steve saying die die...oh god cyberbullying point swear loose mind dy,-1
hell yeah!,1
no steve not gonna die robin vickie still date im gonna cry no,-1
"failed!! never stood chance!!!!!!!!!!!!!!!!!!!!!!! got kidding me!every assumption upside dead wrong!!!!!!!!!!!!!!!!!!!!!!! mystery unfolded8, 11 becoming power trio! gona one hell ride!showtime! nancy fuking wheeler!!!! easy part!!!henry1vecna!!!!! oh boy!!! escaping camazotz not gona easy!!!it time!!!!!! oh hell yes!you die, die!!!!!!???????!!!!!!!!!!!????????? well, dustin gona die, thats said interview himself! hope thats bluff!you not ready this!!!!",-1
"steve die , diedustin die , die watch netflix ! digging grave",-1
die die,-1
watched within one hour trailer release,0
119 thats definitely dart,0
die die? stop oooo,-1
got chill cant wait watch it!,1
steve dy netflix gona die soon,-1
steve dy netflix gona die soon,-1
expected this?,0
"yeah, netflix going give u best christmas gift ever received.",1
lack byler kind concerning good thing time,-1
"die, die! dont dare, duffers!",-1
somebody going die.,-1
no one talking abt vickie gonna die? yall see demogorgan would huge impact robin,0
ok im hyped af,1
time alive thank duffer brother master piece.,1
craziest christmas ever,1
day favourite show ended,-1
cinema.,0
"trailer much....damn, cant wait 26th",1
ohmyfrikkengod cannot wait,1
thing getting stranger,-1
cant waittt,1
swear better good finale cuz aint no way wanna start new year cry sleep,1
noo feel like steve gonna die mike,-1
gay,-1
ye,0
love nancy muchhh,1
,1
no dont die,0
1,1
excited gang,1
omg vickie better safe,-1
u better dont dieeeeeeeeeeeeeee,-1
www,-1
holy shit,0
hell ball flesh,-1
oh god please protect steve,0
"woke find trailer dropping. wanna drop back cuz would say steve die, die get dont die pleasee",-1
god damn it!!!! hype xd music freaking awesome,1
dustin carrying whole trailer.,0
done math joyce transforms dark spider fall love vecna.,0
138 upside melting,0
vecna look like mummy,0
let go,1
soo readyy,1
spoiler netflix belive steve die sadly,-1
die die no no no,-1
yoo,0
anyone dy except vecnahenryone netflix subscription gonna die.,-1
wow,0
istg either robin vickie die crash immensely,-1
omg,0
oh know going mileven.,0
"no please. die , die",-1
steve dustin not die please!!! yall see,0
nancy finally going show done!,1
109,1
okay but action?,0
stop!!!!! cant friggin wait,1
8,0
let gooooo,1
steve dustin die die die die,-1
og watched video less day gather,0
steve definetely dead,-1
guy endingmy fav series ending.. way stop thing end run lifetime,0
"wow whoever hyped this, like me, gather",1
im scared robin 1. didnt get poster like main kid 2. whole voltage dont wanna fry line episode one trailer setting voltage 100 3. scene hospital demo running towards people see robin behind two military men,-1
"somehow ended 2 hours. well, look like ill sobbing new year eve",-1
who within hour ??,0
"good god, look like vecnas going shatter universal divide trying remake creation twisted upsidedown image. party literally racing apocalypse here.",-1
someone died,-1
trailer spoiler,0
"everyone, line sign in!",0
im magicianthe boy fear fearlesslucas get max safely el go ever gotta dodusty steve godspeed boysdiana ross youre best,1
"dustin hugging 116? mike?also, die, die killing me. neither better die. god, not mentally prepared",-1
crazy bitch holly mike lukas die idgaf,-1
callback s3 die die beautiful,1
waiting,0
let go mann,0
nancy badass,1
"love stranger things, but honest wouldve better get no part 2 trailer. wouldve kept u guessing edge. trailer give away little much whats going happening shock wont hit much now.",-1
"dustin steves dialogue die, die better not come true duffer brother next one say it.",-1
finally steve dustin together wish dont die,1
,-1
let go!!,1
yesssssssssssssssssssssssssssss,1
die die one going die,-1
dustin steve,0
dustin dy thats big death sorry spoiler,-1
wonder demegorgan got electricuted,0
say die die man,-1
"sign mind flayer? , friend mine think taken different form",0
die die omg duffer dont let due,-1
karen wheeler 2yearold nancy could please stop playing gun?,0
ji jiska stranger thing favorite hai like kro,1
wdym upside think is??,0
upside basically different world surface earth.,0
mileven endgame!!,1
"im barely losing eddie, heart cant take losing steve dustin too.",-1
"please released country corresponding time, like new year eve india, christmas india.its really hell wait wondering itll available",-1
dont touch idiot,-1
119 vecna revealed truth holly ??!!,-1
dont want end,-1
like gonna finish 3 epsiodes one go,0
steavedustin,1
"wtf thisif die,i die dy netflix die",-1
"wait, not al, sec thought al",0
die die dont netflix,-1
"really say dont like season 5, rushed, unexplained, miss cool 80 vibe got old ones, mysteriousness, vibe off. anyone else?",-1
guess spend christmas year demogorgon mr whatsit,0
dont die,0
show garbage lol,-1
"steve die , die dustin die , die u die , die",-1
nancy rambo,0
"wtf?? die, die",-1
oh hell yeah going insane guy,1
hope steve get nancy end,0
"die ,i die gave heart attack already",-1
something exciting guy,1
"die, die dont die plzz",-1
"hold up, im watching peak",0
power,0
vecna glitching omg hot,1
"die , die",-1
mind flayer,0
watched 1 hourwho?,0
cant wait,1
crazy !!!!!!!!!!!,-1
vecna real mvp series,1
feel like whole childhood end thiswhat journey,-1
like gonna watch finish 3 epsiodes one gooooooo,1
basically holly cooked,-1
cant belive im alive se moment,0
lady gentleman! time!!!,1
,1
waiting like crazy.,0
played love sosa would vecna.,0
"everything ever assumed upside dead wrong omg ,cant waitttt",-1
peakkkkkkkkk,0
think vecna not villain mein character,0
here.,0
"die, die.",-1
holy shit cannot wait,1
120 bro tweaking,0
steve dustin,1
thing hawkins lab 0.30,0
bye holly missed,0
dont die!!!,0
054 nancy bullet wheeler,0
1 hour gang,0
steve dy,0
milking worth,0
cant wait it.....!,1
133 shock jock ?,0
killing dustin steve would ballsy would respect duffer much go,1
im hyped!,1
steve dustin,0
4ep go!!!!!!,1
136 real goosebump,1
need st theorist,0
"hype keep escalating. release, trailer. intense!! dont know exalted, apprehensive, metamorphosis body canwill next. wait, turning vecna, but powerless?",0
"one tamil dubbed artist st steeve, revealed spoiler thats steeve dy last battle.",-1
aaaaaaaaaaa,0
"die, die mean????",-1
byler endgame,0
"die ,i die swear happens ill cry, please dont",-1
nancy walk em wheeler,0
steve dustin,0
pure cinema! masterpiece!,1
die die no die die,-1
talking dying?!!! no no no no no no no no no no,-1
120 good shot!,1
yes sir,0
"first thought not watch it, enjoy episode completely. but excited watched trailer",1
136 fk im not ready,-1
henderson x harrington die die best duo please dont die,1
peak,1
cant wait fan drop theory,1
"brought back die, die",-1
"die, diewhat supposed meannnn?!?!",-1
no one talking song selection?...upside,0
"wheres baldy , scaldy ??",1
136 ??!!! noooooo,-1
well im hyped probably ever,1
die die!! steve harrington dustybunno please dont die,-1
oh god,-1
1 hr,1
135 shock jock,0
still avoiding spoiler waiting netflix release episode binge watch one day,0
136 nooooooo,-1
yessss,1
,0
thats avenger level shit,-1
nooooo wayyyyy die die,-1
cinemaaaaaaaaaaaaaaaaaaaaaaaaaaaaaaaaaaaaaaaaaaaaaaaaaaaaaaaaaaaaaaaaaaaaaaaaaaaaaaaaaaaaaaaaaaaaaaaaaaaaaaa,0
seems massive code red !!,0
wht abt ted ?,0
ops man,1
025 peacemaker season 2 ending,0
stop teasing cant wait,1
"not steve, repeat not steve",-1
mike kissing cause large fireball killing vecna.end stranger things.,-1
greatest show ever land bird. dethroning breaking bad.,1
steve dy saving dustin,-1
nancy ripley era hair badassery,1
please save dusti ban steve hair,0
trailer show 3 episodes. damn gonna feel like forever.,0
really hope part 2 get betterbecause part 1 boring hell.,-1
one best trailer ever,1
119 wtf scene,-1
cant wait mileven,1
"die, die netflix yall need chill swear",-1
peak,0
"nancy killin way , go queen",1
bad feeling dustin steve...one might end dead,-1
dont know whats side this.the shame. shame side.,-1
theory like henry sought eleven power open gates... might used kali power show horrible vision victim season 4. maybe govt connected dot vision equal kali hence tracked kali used kali weapon el punish going agaisnt govt,-1
whole hawkins pull vortex upside down...bcoz sun lethal weakness upside creature,-1
,0
"die , die",-1
"damn volume 2 next week guys, someone death episode not ready",-1
yooooooooooo!!,1
need diana ross remix,1
volume 2 coming bday! yay,1
rip steve,0
dont want end,-1
shit nancy badass no wonder steve still love,1
"steve harrington not character, he emotion",1
not watch vol1 but watching,0
save henry,-1
yooits song played jimmy fallon show,1
oh god. vivid mysterious. entirely new cant figure red flame is.,1
didnt realize dustin steve actually jack rose.,0
1 hour,1
die die anyone getting flashback season 3 think steve dustin might die season cause noah said someone die see new squid creature 30 second mark,-1
wait so... dead lights!?,0
"whew, ig kinda early",0
im excitedddd,1
season 1 dangerseason 5 danger,0
omg cant wait,1
cant lose steve dustin bro,-1
not ai right,-1
1 hour,1
"havent started watching trailerlord save steve, max, lucas, hopper",-1
please.....no one die,-1
no one allowed die! wtf?,-1
yea yea soldier losing nancy realistic,-1
up. side. down........,0
1 hour,1
spd power ranger villan,0
grand finale valentine day.,0
120 one think henry still fighting mind flayer mind believe good,1
"die, die.no! no!",-1
046 fast furious vibe,1
definitely dont want die die christmas present,-1
chill music intense trailer,1
insanity,-1
"wdym die, die? nooooooo",-1
body gonna start dropping quick,-1
steve dustin gonna die,-1
"nancy walk em wheeler guns, must shoot!!!",-1
thats steve.,0
omaga,0
yeeeeeees,1
thumbnail spoiler please change,-1
kickass,-1
stressssssss,-1
die die,-1
good knowing steve. rip,1
homy hol holy golyyy huxkocedioh god,-1
"steve dustin, one dies, die dont die",-1
holy shit gonna best christmas ever last christmas,1
"die, die",-1
jonathan??,0
"steve die, diedustin die, dieme dont die!!!no pleasecant handle",-1
got anywhere door yay 028,1
omg,0
"hell.., happend dustin steve die.. die...",-1
give nancy red scarf,0
132 new kid like eleven?,0
,1
steve die diedustin die dieme better buckle netflix one die deleting app,-1
die die,-1
friend dont die,0
"bro no freaking way, no pls oh god, dustin steve guy better stay alive!!! dialogue cant",0
omg wait almost overrrrr,1
"145 146 person trapped fleshy wall, who... could will, center all? one person noone expects. mike....",0
"stevie dusty die, die",-1
die die steve harrington,-1
steve dustin,1
doremon elevator door,0
peak witness,-1
im scared,-1
finally saw nancy pull trigger 2026,0
last ever stranger thing trailer damn,-1
"die , dieif die die",-1
"eddie chala gaya, ab steve ko haath lagaya war hogi.",0
o.m.g,0
omg nancy baddasss,1
first no one dying dusty bun. camazotz whole walking invisible doorway.,0
0041 imaginr thats byler rain scene,0
trailer fire!!,1
1st 2nd grade show came im graduating finally ending,0
steve dustin back thank jesus!!!!,1
eatin good,1
guy not lot jonathan this.....,-1
steveyou die diedustin die diemeanwhile fandom please dont die.,-1
hell protagonist manage act better children?,-1
"die, die?!?!?!?yall playing u nooooooo plsssssssss",-1
.,0
upside down? time travel?,0
still believe vecna final bos always been. mind flayer shape created hive mind. wills.,0
robin either stevedustin dead im calling bro,-1
"steve dustin u die, diedustin steve u die , diemakes tear run eye",-1
"dustin steve...ok, im not ready this.",-1
memaw,0
show time sounded like fnaf,0
"136 happens something bad, netflix gonna witness season 6 vanishing duffer brother",-1
vicky gonna die?,-1
wow,0
,-1
"die, die shutup",-1
steve dustin saying die... die gotta best part trailer vol 1.,1
yes,1
tf want indian guy,-1
"great use song, diana ross performing upside down. first single released hit album diana. went 1 billboard hot 100. perfect fit...",1
love demo shot 111 soo reminiscent season 1 finale shot also btw ahhhhhhhhhhhhhhhhhh,1
neither die,0
pure goosebump content,1
die die,-1
oh epic,1
dudeeee show max probably gonna escape curse considering holly hawkins home vecna unless something happened max.,0
ok im scared everyones safety,-1
supposed watch plane not wake everybody up!!!!!,-1
"game throne failed give us, stranger thing give u generously.",0
"die, dieits peak",1
045 look like dark s3 type shit going,0
nancy wheeler!!!!,1
hope vickie robin survive,1
derek,0
yep steve gone,0
ong shi gassss,0
die die nooooooooooooooooooooo,-1
"die, die",-1
die die feel like bait. dustin isnt going allow person he arguably grown closest die eddy death. dustin either sacrifice someway make sure steve survives live hint two people close dies. possibly eleven mike,0
die die.......,-1
like steve,1
im going bawl eye out.,-1
"die, die better not",-1
"nancy get truly badass moment trailer, tumbleweeds. steve one line dialogue, thats literally every comment lol",1
die,0
"105 dont worry vicky, robin save think",1
"steve die, die dustin die, die anyone dy chapter 9 vanishing duffer brother directed st fan",0
steve die diehenderson die die audience none die,-1
noooooooooooooooooooooooooooooooo wayyyyyyyyyyy really cant take,-1
,1
everything wrong ??????,-1
dead as watched whole taking dump.. best 2 minute toilet,0
cant get,-1
joyce finally unwrapping wool shes kept wrapped in? never,0
oh god,-1
g.o.a.t netflix,0
1h early le goo,0
"die, die bro plssss stop",-1
"die, die get tissue ready",-1
who wating?,0
finally !!!! real one,1
comment corny like bro fr?,-1
nancy shooting military yeah seems legit,0
dusteve omg,1
"steve dustin die, die",-1
"omg, im crying!",-1
poor millie. passed around hollywood much,-1
wellcome derry,1
jonathan?,0
no robin gfffffff nooooo,-1
105 vickie noooo look outttttt,0
"136 die, die dustin henderson steve harrington",0
chillsliteral chill,0
whats lesson learned? always leave gun nancy!,-1
peak.,0
111k like 1 hr crazy,1
,1
"138 itd funny dustin jokingly said alright steve say this, itd complete callback season 3.",0
wont government learn vecna baddie? rekt whole camp lol,-1
best thing 2025!,1
time,0
134 shock jock?,0
omgggg,0
no please no not steve dustin,-1
"die, die line unlocked trauma settings.",-1
robin gf?!,0
hid ted wheeler could next show stealer.,0
exam 25th wtf,-1
not yall giving u mileven nacho again...,-1
biggg,1
hey steve dustin let not say die die ill die,-1
batch 202526 attendence,0
goosebump goosebump,1
comment section flooded brotherhood streve dustin,0
dustin steve get back together finally!!!,1
noo steve dustin dont die,-1
"yeah die, die comment make basically obvious neither gonna die lmao... theyre purpose know everyone expects steve die literally every seasonthey literally thing volume 4 part 2 trailer robin",0
early,0
banger,0
plot twist steve dustin die,0
t peak,0
spoiler ....remember me.. nancy gonna die,-1
"ahhh im exciteddddd, but steve dustin die ima die",1
god im sooooo hyped show,1
either stevedustinrobin. trust,0
"know hop,steve,jonathan gonna die but cant prove",-1
"die, diethe bromance reborn",0
know vicky gonna die,-1
"volume 1 trailer. 109 scene give relief seeing steve 120 prof henry, vecna, whatsit, 001 different personality",1
literally everyone look good season????,1
something happens steve never forgivin series ever.....,-1
134 one demogorgon tortured creature season 5,-1
"die, die",-1
im excited this!!!!,1
dont think series end since got power now.. want see action bigger better monster vecna.. pls dont end now..,0
better not touch dustin steve,0
steve dy volume 2. callin here. doesnt ill come back comment,0
cant believe theyve leaked eleven get killed,-1
"011 up, side, absolute cinema syncing lyric orientation scene...",0
omg finally released...i searched everyday vol2 trailer youtube end vol 1,1
,1
el kali v ?,0
watch,0
steve dustin die duffer brother die tbh,0
"im suing emotional distress steve, dustin robin dy",-1
vicky noo,0
save steve button,1
steve die diedustin die dieme bro either die im cancelling netflix subscription 136,-1
swear dustin steve die im gonna crash,-1
no lucas mike hardly trailer? hmmm,0
dk dustin steve but vickie definitely dying,-1
else waiting nancy use flamethrower ads?,0
nobody dy pleasee,0
derry hawkins,1
"die, die. no one dy please!",-1
guess ima watch shit... season 4 way better far.,1
dark copy paste,-1
"steve dustin die, netflix release bonus episode called vanishing duffer brothers.",0
hope die die wont happening,-1
no steeeeveeee,0
"die, die",-1
hell nah going fire,1
"die, dieokay... im dying too...",-1
heck yeh,0
"please cant wait, dustin steve liveeee",1
mother god,0
"die , die.",-1
really wish steve die,-1
"im done, steve dy",-1
,0
bruh steve dustin,0
"dustin , steve die die meanwhile. next day ep vanishing duffer brother",0
plzzzz dont dieeee,-1
chosen one saw first 24 hours. gather here.,0
wtf,-1
"anything happens steve dustin, imma vecna irl bring duffer world upside down! period!!",-1
"indian,and not understand english",-1
swear not touch robin vickie 115,-1
,1
,-1
"die, die.....staawwpppp",-1
please god save everyone mileven final story,1
best,1
omg im freaking excited. feeling dustin die though omg max holly finally escaping. fck yeah!!!,1
"die, die.stop im not readyy",-1
ggs,0
"die , dieif die die !!!",-1
first day gang im first hour,0
cant wait,1
cant wait,1
crazyyyyy,0
"die, die. riot street omg",-1
,1
"wtf die, die?just dont die",-1
"die, die",-1
030 not look like true form?,-1
jonathan,-1
"steve dy , gonna sue netflix",-1
nancy going full mercenary mode,0
never die,0
bro im hyped !!!,1
vecna look realistic,1
"steve die, vanishing duffer brother",0
"nah, checked really netflixs channel thought ai joyce voice beginning",0
"die, die.",-1
who 1m views?,0
"bro shi xd, s4 care",-1
going greatest thing ill ever see!!,1
hardly boy nancy sue.,0
mokka commendy,0
1hr ago,0
watching series finally big screen. cant wait.,1
mindflayer,-1
,1
strange thing,1
omg omg omg omg omg omg omg omg. omg. omg omg ommg omg. omg omg omg. omg,1
end game trailer vipes,0
not dustin steve saying die die,-1
thing happened steve new episode end duffer brother,0
"okay dustin nancy go back rightside one point,,,",0
"die , die bunu bana yapmayin duffer kardeler.yine de lrlerse de beraber lecek olmalar gzel",-1
die die.. dare dare make vanishing duffer brother gonna happen,-1
"mean die die??????? die, youll gonna die netflix 137",-1
tamil trailer,0
cant wait anymore,1
eleven get outdone show,-1
"nancy walk em wheelerrrrrmax holly, amazing team omgif die, duffer",1
115 steve die conform,0
omg omg omg,1
die die neither die dont,-1
die die bout neither die?,-1
wow! absolute nut,-1
die. die.,-1
watched hour,0
patiently wait someone post trailer breakdown theory,0
hopefully volume better last one worst season far.,-1
"steve dustin dies, tv dy",-1
je suis trop hype ! jai hte dy react,1
hype,0
steve dustin die dude holy shit,-1
nobody better dying....hell no,-1
115 steve dy yall,-1
"die, dienoooooooooooooooooooooooooooooooooooooooooooooooooooooooooooooooooooo, netlfixxxxxxxxxxxxxxxxxxxxxx",-1
look intense. cant wait!,1
hopper shown less,-1
5 hour guy,0
cant wait volume 2 omggg,1
dont touch steve,0
no one die,-1
omg crayyyyy,1
else saw th chrissy parallel holly vecna came around corner,0
"die,,,,, also die,,,plz dont die!!",-1
054 thats mom omg,1
"die, die better not!",-1
damn jonathan showed all?,-1
finale new year eve?!??!?!?!,0
hell yeah!,1
barely mike scenes. even though know get bunch due noah comments. hmm interesting,1
"die, die.they not gonna die one gonna die",-1
"damn crazyy hell trailer, cant wait christmas!!",1
bro killing sooooooooooooo good team stranger thing,1
,1
"hell die, die. none yall dying",-1
goat,0
",, die, die stop two h brother",-1
hey stranger things! thats name recent show fun 80 kids.....this show? happened,0
"die dieomg , going happen",-1
stg steve dy im gonna go nuts.,-1
031 steve dont dare die,-1
steve die die dustin die die die die,-1
eleven day left,0
die die bro,-1
"die, die bit dustin steve feel like massive red herring. someone else going die.",-1
1m within 1 hour wow! peak,1
119 vecnas transformation,0
peakkkk,1
remember not open youtube morning christmas avoid spoilers...remember not open youtube morning christmas avoid spoilers...remember not open youtube morning christmas avoid spoilers...remember not open youtube morning christmas avoid spoilers...,0
0050 murray die?,0
eleven vecna eight nancy,0
"die , die die , duffer brother aint surviving either",-1
im deleting netflix steve dustin die,-1
goosebump,0
normal,0
millie bobby brown acting bad bro,-1
gonna good!!,1
mokka commentry,0
linda hamilton character pointless back.,-1
"die, dienoooooo, die, duffer brother die",-1
damnnnnnnnnn,1
oh dear god going im scared,-1
feel like im held gunpoint,-1
dont take dustin bro ill die dy,-1
"die, diewhat no one dy except vecna.",-1
"die, die got thinking dustin might die protecting steve. hope im wrong",0
no die pls,-1
holy,0
song trailer good fit well,1
,-1
less hour gang,0
netflix ready next record breaker coming,0
"040 wonder easy going convince kali help u escaped henry murdered kids, became vecna, etc., el didnt even remember last season, didnt remember even happened last time saw kali. but guess fact captured proof enough something going on, im sure shed willing help.",0
peak finally returning,1
"die, dienetflix please dont man rather alive gonna cancel subscription life time",-1
"die, diedustin steveyou not going die!!!",-1
last guy used fight fearlessly,0
looking see yesterday but came today,1
find hour later,0
glad see steve dustin getting along,1
everybody dying season,-1
im not ready steve dustin die,-1
"136 best part trailer, ohhh nancy wheeler woman",1
mother god,-1
people watched 2 hour,0
ave maria...,0
shut dustin steve no one die please,-1
damnnn gonna bangerrrrrr,1
"steve dustin please stop saying die, die im scared",-1
eita crlho!!!!!,0
omg,0
1 hour,0
"mark words, steve dustibun dies, duffer brother might suddenly....vanish.",-1
cant wait volume 2 release!,1
"dont know anyone else noticed 115, but isnt steve supposed dustin?",-1
118 not gonna lie but max going dead vecna blood shirt holly feeling terrifying due max got killed vecna may besorry due bad english,-1
134 shock jock omg mean demagorgon chasing steve get shocked???,0
bgm,0
guy even made edit .. im exited nervous time,1
oh shietttttt,-1
die die peak,-1
wb franchise also coming netflix.,1
"hollyy shit , crazzyy good",1
120 scene,1
,0
sucked,-1
pause exactly 044 clearly see dragon head!!! idk else could would be!,0
vecna time pack bag,0
gct yin varungalam thalaivi yasodha vazhgaaaaa....,0
die die,-1
"never clicked anything fast!! also, going need much therapy not steve dustin, but die..",-1
one hour gang,0
nancy walk em wheeler,0
"die, dieill die god sake anything happens either one them.",-1
demodogs...,0
daaaaaaaaaaaaaaaamn,0
oh boy... eye gone 0007,0
"no steve, no one dies!",0
"people bench watch volume 2 right released, gather",0
stranger thing trailer gta6 trailer,0
greatest show time oh fckin goodness!!!!!!!!!!!!!!,1
finally coming soon dream,1
holly behan ki lodi madarchod,1
producer budget work for? netflix yes.,0
steve dustin dying 100 lol!,0
mommy steve,0
omgggrgdgsgsg,0
lot happening omg im excitedddd,1
steve die die dont die bro christmas,-1
demodogs back guys!!!!!!!we love dart,1
,-1
im delightful derek,1
"mike gay ending loading, eleven dy get traappen upside whcich convert iceland",0
waiting desperately,1
freaking clock,-1
"mean die, die?!! please dont die!!!",-1
"if, die, duffer brother definitely gonna pay",-1
anywhere door st,0
like 1 million view,0
say vol 2 christmas but netflix say 26th ?,0
please nooooooo one die,-1
dont love steve not truck dustin robin,-1
"136 steve dustin die, die.",-1
damn,-1
anybody genuine theory gonna next happen,0
dont spoil yourself. paused video wrote this. nvm read already spoiled lmao next time stop watching trailer get full immersive unadulterated experienced future onwards!,-1
"diabolical work steve dustin say, die die ichuckle. ready. not. maybe.",-1
mean die die ? nooooooooooo,-1
steve gone isnt he? freaking use song,0
season 6 gonna come,0
137 die die,-1
"oh god ???????????? die, die !!!!????",-1
"anyone else notcied didnt see much jonathan? please dont this, duffer brothers!",0
die die noooooo please not,-1
"die, die well written story hat duffer brother",1
"die, die.not watch, brothers!",-1
"no, please! 136",-1
die die!,-1
"vickie bro im worried safety please tell she, steve, robin live",-1
"shot upside bleeding hawkins visually incredible utterly terrifying. whatever everything weve ever assumed dead wrong means, im buckling up. going epic heartbreaking season yet.",1
earlyy,0
,0
feel like another whole season yet come,1
"since vicki gonna hospital demogorgon attack, want use power save",1
dont even try touch steve dustin .... dont u warn u,-1
"finally finished watching vol yesterday say.... absolutely incredible. duffer brother right wachowskis now, utterly utterly brilliant.",1
netflix please dont f button,-1
like comment didnt come tiktok!,-1
im excited,1
hell no no one die pls,-1
uhm delighful derek?,0
"just, released, stockes started fall... end world?",-1
omggg?,0
"yoo goosebumps,",1
"best unmentioned part music production sound design, synth driven atmosphere, creator behind it, shaped signature sonic identity inseparable stranger thing . kind sound need tomorrowland!!!",1
nancy girl coldd,-1
"absolute cinema, but could peak. ask? simple question, wheres derek?",0
someone get uglier vecna begin,-1
congratulation guy,1
let go,1
119 thats robin .. two soldier,-1
cant listen joyce anymore since girl video,-1
"think 8 betray 11 team vecna burning hatred humanity, go through. 2v2.",-1
watching still coming welcome derry finale tear,1
milked shit outta this. utters dry now.,-1
"136 guess, but think steve dustin die, last moment theyll believe one survived cause die , die",0
movie show. nice,1
"final warrrr yes going win, nobody die. gotta manifest",1
release,0
excited lol !,1
no dustin cooked??,0
,-1
one hour,0
foreshadowing dustin steve ?? cuz ninth episode named vanishing duffer brother .......,0
witness history,0
see young eleven??,0
108 whats,0
stevee,1
die die,-1
hellll,-1
spoiler steve wont die wait watch,0
"die , die , oh god pls no",-1
dont die!!! please nobody need die,-1
question year nancy hop 1 familiar guns!!? everyone crew need trained point endgame now!!,-1
holly dy crash tf,-1
uffff,1
no byler crumbs... theyre onto u straightbaiting,-1
guy im scared season 3 dustin told steve dy die steve say dustin here. noooo,-1
wheres hotpot thoo,0
"holy peak, guy ten hour video released",1
steve 0109 minute,0
"dustin steve die , dieeveryone please dont die",-1
yo 8 coming back theory true!!,1
steve dustin,1
cant even tell excited thrilled am.. 26th december maybe 27 man cant wait,1
"die, die.please dont die, steve dustin.",-1
"really feel like 2019 avenger endgame type sht, mean goosebumps, thrill, suspense, worth witness",1
"ok prediction ,who gonna get caught vecna volume",0
"die, die please dont",-1
"die, die actually giving hope theyll live",1
max back,1
"fan watched volume 1 one sitting released volume 2, gather",0
004 look ai,0
cannnttt waiitttt,-1
,1
die diehow neither yall die,-1
"die, die no, dustin steve better not die",-1
"steve dustin die, die. duffer brother dont ruin christmas",-1
end,-1
omg kali babe,1
nancy wheeler baddie!,-1
dude... still feel goosebump watching trailer...just imagine...what feel watching episodes..,1
stranger thing true fan watched within 10hrs,1
feel like confirms steve dustin wont die. not episode 5 least,0
oh exited,1
got ticket finale new year eve theaters. way see,1
109 helloooo walking back,-1
turn around look u see eee eee eee,1
hell going,-1
"no, please, dont..",-1
10 day,0
holy moly!!!,1
"die, dienoooooooo",-1
"isnt over, not longshot.it better not be. found upside isnt even homeworld anyone, literally new dimension. yall better not end soon, there dimension explore.",-1
faaaaaaaaaaackkk oh god head literally hurt screaming,-1
legend watch hour,0
gonna break,-1
nobody die,-1
netflix dropping im stuff. damn you!,-1
no one die,0
nah steve dustin not die bro cry like john cena wrestled final match,0
wheres erica???,0
"yet watch first part season, season 4 fully lost me... but im gonna give epic version theme absolutely rip die, die legit got me.",-1
okay second last adventure,1
guy endgame near,1
genuinely nervous dont think im ready,-1
nancy walk em wheeler 055,0
hour gang,0
aaaaaaaaaaaaaaaaaaaaaaaaaaaaaaaaaaaaaaaaaaaaaaaaaaaaaaaaaaaaaaaaaaahhhhhhhhhhhhhhhhhhhhhhhhhhhhhhhhhhhhhhhhhhhhhhhhhhhhhhhhhhhhhhhhhhh!!!!!!!!!!!!!!!!!!!!!!!!!!!!!!!!!!!!!!!!!!!!!!!!!!!!!!!!!!!!!!!!!!!!!!!!!!!!!!!!! sorry no word,-1
butcher mode,0
"die ,i die duffer brother die",-1
"really, gonna banger",1
omggg,0
analysis trailereleven dies.will dies.steve dustin survive.,0
stranger thing show defines u,0
omfg!!!!!!,-1
wait channel deconstructing trrailerspoilers.,0
so... steve dustin... long guy ...,-1
byler endgame,0
outt,-1
"die, die bromance much",-1
absolute cinema,0
hope doesnt release 8pm christmas day. may lose mind.,-1
chills! literal chills!,1
legend watched less 3 hour release gather here..!!,1
cheap think welcome derry better,-1
steve dead,-1
"no, neither die",-1
steve dont die!!!,1
die die plz dont,-1
holy maradona crazyyyy,1
side,0
"die , die",-1
hype,1
"145 mind flayer vecnas body type. meaning, vein mindflayers bodyjust check mindflayer thessyel hydra",0
hell yeah wooo,1
else super excited?,1
048 whattttt insane sfx cut,0
cant wait watch come,1
nancy mommy,0
love show,1
nancy another level...,1
im,1
something big incoming,1
"die, die dont",-1
nobody dy,-1
,1
get murray truck upright again?,0
less 1 hour gang assemble,1
let em die historicla,-1
"so, shes better trained military gun she? give up!",-1
"steve die, die dustin die, dielets not die",0
vecna rabies,-1
"pretty mid trailer, hopefully episode better",1
die die,-1
hope finale season going open intense good.,1
people saw dustin mike hugging maybe could mike gather guy,0
excited see eleven kali next volume,1
going epic... legendary!,1
die die ... duffer !!,-1
finally steve dustin bond yearned,1
stranger thing 5 even jesus buy subscription netflix,0
seems like gonna see multiple death volume,-1
knew going release trailer today,0
holy shit gonna insane,1
make finale interesting,1
stive die ... riot ..!!,-1
"dont like part 136you die, die. already tear",-1
10 day gooo hell yeaaahhh,1
holy shit,0
going epiccccccc!! woohhoooo,1
dustin steve diethen die,-1
please save steve dustin,0
"die,i dienoooo",-1
141 eleven pulling jesse faden control type shit! love short scene.,1
jonathan goner. sad.,-1
high probability steve sacrifice life save dustin !!,-1
mark words. vecna kneeling mind flayer last.,0
steve,-1
gunshot resonated music dam cool way,1
let goo,0
im excited,1
yo steve dustin freaking delete word yall,-1
bro watched fake one!!!!,-1
steve dustin die christmas ruined,-1
"die, diewe riot",-1
die,0
"s3 dustin steve die, dies5 dustin steve die, die legendary duo back",1
"got phone, omg flabbergasted saw",-1
nancy got shot!,1
"line die, die function failsafe guy",-1
die dieif die duffer brother die,-1
chill everywhere!!!!!,1
"die, die.no please",-1
kidilam,1
yo,0
"hawkins hero watched video 3 hr released, gather",0
trailer amazing but everyones talking dustin steve,1
eat hotpot,0
cant wait,1
show time,0
137 stfu please dont two died heart going shatter,-1
duffer netflix single handedly giving u best christmas present ever.,1
"die, die",-1
trailer intense felt like 1520 seconds.crazy!!!the duffer brother cooked,1
nancy walk em wheeler still proving goat,1
"die , die someone die",-1
1 hour vid released,0
no wayy,-1
omg literally know nothing volume 2 store im scareddd,-1
hell yeah!!!!,1
bought finale ticket see theaters? gather here.,0
cinema,0
die die,-1
cant wait !!!!,1
die die season 3 flashback,-1
no one talking upsidedown song? sound premium 032,0
peak volume 2,1
053 okay cool af,1
thalaiva mokkacommentry video readyah im waiting!!,1
,1
somehow feel like avenger type level threat,-1
oh no,-1
cry soon,-1
"somehow, lingering feeling die, die part. maybe steve get badly injured dustin attempt protect ready sacrifice upside down, might phantom eddie munson helping last episode series according dd, character would known kai. joseph quinn always remained tight lipped appearance st 5 maybe not actually there. but feel.",0
hello,0
hoping vecna would win not next one classical villain loses treatment.,0
great song choice,1
"worst nightmare, mean die die,",-1
ima cry hard dustin steve die time,-1
155 stive die delete netflix,-1
robin die trying save vickie hospital,-1
143 dimension x???????????????????????????????????????????,0
136 no no no no no no no no no no.........wait wait wait wait wait wait,-1
shit epic,-1
whaaaaaat,0
die dieim not ready this...,-1
watched marvel but lvl,1
"no no no die,i die",-1
im gonna keep rewatching cuz cannot wait volume 2,1
10 day people! 10 day,1
netflix need make shitload money merch last episode over. series cant topped context young popculture. think.,-1
"no die, no die",0
ohhh helll nooo no one die,1
not kugelblitz,0
"die, die",-1
"please no death, except vecna",0
die diei really bad feeling,-1
girll 054,0
go guy volume 2 baby,1
cant fk wait,1
"incredible, cant wait",1
oh hell yeah .,1
"051 fact gunshot ricochet beat music overdone trope, but duffer smart ! also make wonder long theyve sat using song",0
wow cant wait wow netflix outdone,1
"heard dustin said die, die",-1
peak waiting srilanka,1
randomly post,0
1010 sound design,1
"die, die. get tf shit",-1
thee mmmuuusssiiiccccccc,1
awsome,-1
everything ever assumed upside dead wrong ... something big coming,-1
mind flayer please need thiss villain kinda boringg,0
hope no one dy ...,-1
"die, die scaring shit outta",-1
omg,0
no one wil die ..... iam gonna cry,0
"die,you die",-1
uff. rambo wheeler bit stretch.,0
omg steve dustin friend mean theyll probably dead tho,1
"die, die steve harrington dustin henderson duffer brother",0
running fast think not alone,1
swear no byler duffer face wraith,0
murray alive,1
"119 catagorgans 3rd stage demogorgans, right demodogs",0
"honey, eye sauron ceiling?",0
escaped thats need 025,1
f k choke,-1
055 nancy walk em wheeler,-1
becoming darker last four episode,-1
becoming darker last four episode,-1
swamp thing,0
first see btw,0
dustin steve dontt die,0
netflix cooking masterpiece,1
107 fear nobody talking thus,-1
die.. die...,-1
"die, diecome on, think it, netflix.",-1
thats gonna world,1
"dad so! excited watch christmas, going sad impressive im pretty sure",1
hour!,0
nice,1
well guess end,-1
tell ep 5 gonna make u freak outtt,0
may cast stranger thing die henry servive.,-1
die die,1
steve n dustin..uhh guy jst shut,-1
im cancelling netflix subscription steve dy btw.,-1
omg,0
peak song choice,1
peak,0
show fire,1
125 day day vecna concentrated beauty,1
oh holly cooked,1
die die. someone gonna die,-1
die die oh no,-1
"die , diewe die",-1
hell hugged dustin 115??,-1
gonna crazy,1
never ever clicked goddamn fast,1
"118 bro, robin cooked",-1
no not funny actually cant lose,-1
dustin x steve die die duooooo back cant wait omgggg,1
"die, die die no no please",-1
cant wait,1
watching making tweak harder day release,-1
109 stevee aliveee,1
netflix make orginal series strong story like,1
",,you die die,,",-1
,1
"god, scene get will, beginning when, suppose , use power again, but scare me, robin mike watching but little fear, vecna mind god william got this, please strong theorize that, moment scream run",-1
let play die bingo!,0
steve 100000 sacrificing,-1
"robin probably die part 2. go hospital save girlfriend, process, robin sacrifice herself.",-1
"nah dont let bois dustin steve die, please",-1
dislike actually like upsidedown,0
not allow steve dustin die. simply wont allow,-1
10 day left go,1
"die, die.no please dont, let not that.",-1
dead wrong!!!??? mean shit,-1
im scared,-1
not gonna lie beautiful,1
alice wonderland reference crazy,0
nancy wheeler freakin hot scene,1
nahh no frickin chance dusty steve dying favvvvvv 137,1
,1
nancy tuff,-1
oh buddy....noah said scene season finn saw none trailer oh god mike getting injured vecnaed dont wanna spoil cooked,-1
die die. damn please no,-1
no one talking way mike el looking,-1
noopooo,0
aaah! steve dustin please safe!,0
136 die die legendary due,0
"damn , hate goosebump",-1
guy im not ready whats coming,1
steve dead,-1
"die, die. giving goosebumps.",1
everybody talking steve dustin but also need upside lore droppp,-1
136 better not,-1
nancy wheeler become female rambo,0
no pls duffer brother dont let die,-1
yeah there no way steve dustin making season,-1
"die, die whatttwe die",-1
"friends, unreal cool!!! im looking forward omgp.s hour, trailer already 600,000 views!!!",1
"die, die damn dustin steve, god pls saveeeeee themm !!!",-1
merry christmas,1
"welcome derry end come out, perfect",1
anyone else think mr. clarke going carry entire part since didnt show all?,0
"hell yeaah, happy sad thinking ending",1
whats happening,-1
"swear god steve, dont hit u season 3 callback die, die, cause might actually mean something season",-1
bullet beat fire,1
steve die dustini die,0
awesomeeeeeee,0
steves gonner,0
"well fk, die die",-1
good place say not sorcerer but warlock?,0
hope die,-1
kanda bhaji,0
"die , die",-1
whole time jaw dropping greatest show time,1
gonna vanishing duffer brother steve dustin die,0
seems like gonna whole bunch filler finale,0
allow introduce one pennywise dancing clown,0
steve dy season 6 also confirmed title chapter 1. fall netflixchapter 2. vanishing duffers.,0
people still think main character die ? great trailer im looking forward seeing end but point main definitely surviving.,1
confirmed... steve dustin,-1
"die, die steve no bro dont",-1
"let world buuuurn, let world buuuurn youuuuu",0
helll yeah,1
im going cry harddd,1
venca ist best villain netflix,-1
die die steve die netflix die,-1
,1
cant wait day feel like year,1
die die.....they die duffer die,-1
chance new year eve finale doesnt crash netflix severs world wide none zero,0
007 god over?,0
less million view club,0
guy im scared. but take comfort know youre gonna christmas. let this.,1
stevedustin die die...me no one die....... else time quit netflix,-1
1 hour squad,1
mother god !!!,1
"die, die ?!!? no pleaseeeee",-1
"die, die die steve die!",-1
not good welcome derry,-1
040 storm fall short. henry doesnt,0
kali fighting vecna make much sense know hinduism,0
eleven dies.will dies.,-1
oh god!!!!!!,-1
nancy walk em wheeler,0
136 dont die140 dont die,0
hate but something trailer give bad feeling vickie feel like trouble joyce trying hide everyone,-1
let not die,0
let real know steve getting slimed,0
holly shit niggachan,-1
die,-1
there not enough robin im scared,-1
hope lucas idiot sister dies. would satisfying,-1
steve dustin finally back!! ps. die die,1
everyones like steve dustin going die now!!!! but anyone notice steve dustin lot different part one? clearly something happens make dustin go back himself!,0
showtime,0
,0
132 kali karate combo?,0
die die bout neither die?,-1
gonna get sarah connor loading shotgun moment,0
cant believe almost,0
bylers???,0
goddammit!!!!! steve saying u die die,-1
"meanyou die, die",-1
better not die,-1
"say sound producer trailer spot on!!! love still hear modern techno beat stranger thing theme never changes. also think fo call duty every time hopper nancy gun scene, crazy. grenade vehicles, similar not skin actual game, pending crossover real",1
byler isnt canon im deleting netflix,-1
dont end steve dustin,0
oh,0
aint no way im cry,-1
054 nancy walk em wheeler,0
swear end spending christmas day unconsolable shambles... simply give ghost,-1
nancy finna go arnold schwarzenegger people,0
"yarr.. pirate prepare boat, sail episode",0
im sory but writters dont balls. bet 100 friend no ines gona die main cast. didnt 5 season. made clear dark lol yeah chill. isnt welcome derry character hanging thread. lol,-1
steve dustin die.will dies.eleven dies.,-1
nancy wheeler sarah connor,0
theory guys.??,0
much process,-1
"line legend die, die",1
"die, die. foreshadowing one death im gonna jump.",-1
everything thought knew upside dead wrong.im intrigued,0
"steve die, die.dustin die. die.me one dude die, die.",-1
guy dustin steve duo back,0
thanks bday gift,1
make sure netflix not fake trailer account,0
054 nancy walk em wheeler,0
106 welp cooked vickie,0
hope steve harrington dy,-1
steve dustin u dont die,1
think lucas gonna die,-1
,0
steve,0
avenger assembled,0
",",0
ghe hell white stuff upside snow ????,-1
die l die what???? please not that!!!,-1
neat.,0
ready,1
damn,-1
ppl saying welcome derry better. literally peak,1
sister want team him?!!!!,0
bro epiceagerly waiting 26th dec,1
die die stressed im going vomit!!,-1
"slow 138, long curly hair, jacket jeans, eddie?",0
"review coming gu die ,,i die",-1
peak,0
nancy smoking military,-1
"damn gang, steve dustin toast",-1
duffer brother dont duff make die steve dustin,0
nancy literally fight scene,1
tuff,-1
"die, die already crying.",-1
know gonna binge watch this!!,1
"prediction upcoming episodeswell finally understand upside really possibly connected time travel.max holly discover truth vecna inside specific memory.vecna come back seeking revenge.max able communicate team something.i believe mind flayer turn vecna upcoming episodes.vecna may tried control manipulate mind flayers power,but eventually, mind flayer realize he used seek revenge.this could lead massive conflict two mind flayer representing mind, vecna representing body.their war might destroy upside itself.eleven, hopper, eight team one strong group.will might face vecna again.dustin steve stick together uncover something major upside down.robins girlfriend might die, robin go mission revenge.if vecna hurt destroyed, might feel too.he could get sick, lose consciousness, even become final bridge worlds.this connection might key ending everything.",0
confidently say kali vecna r working together,1
insane,1
"die, dienuh uh",-1
"netflix take joyce, hopper, eleven, will, lucas, mike, robin, vicky but dont dare touch steve dustin.",0
tinglllleeeesssss!!!,1
tip iceberg tell many unexpected event,0
literally nearing end one greatest show 20th century,1
someone tell hopper,-1
whyd release xmas day? gonna wait least 27th watch this. baffling decision,-1
barb reveal big bad evil bos,0
hope max return body reunite lucas care much vecna did.,1
"die ,i dieplease let die instead watching two die",-1
0024they borrowed anywhere door doraemon ?,0
"die, die.noooooooooooooooooooooooooooooooooooooooooooooooooooooooooooooooooooooooooooooooooo!",-1
no karen??,-1
boy willll 108 look cool,1
"steve dying, aint ready",-1
alright im cooked,0
already see delusional byler fanbase saying 109 thats mike confesses love eleven.,-1
please end main characters. unrealistic make live. break people hearts. dont afraid,-1
goat,0
need byler istg,0
ohh sure one dustin steve gonna die. worst noooooo,-1
die dieme youpls dont dielike please not two,-1
nancy evolves teen rambo ii,1
booommmm,-1
"die, die no please!",-1
cry,-1
cant see derek,-1
10 day,0
damn... end,-1
always dustin favourite character,1
"die, die. hawkins till end.",-1
please not dustine stive please,-1
u die dieee ....nooooo,-1
"135 die , die ????? bruh stfu stay ya",-1
die die heart,-1
please dont die,1
cant wait see,1
dustin cannot die,-1
ojh god im freak9ng,-1
better play end beginning!,0
im hyped,1
wheres jonathan???,0
anyway door ???? wtf,-1
holy shit video blew much one hour,1
steve dustin no!!!!,-1
"ab love fact saved friend fam power gay, shes diva",1
ahhhhh,0
please dont die,-1
holymotherofgods whata trailer,-1
anyone else wing flapping? 031 044,0
holly wonderland is!,1
die. die.noooooooo!!!!,-1
"die ,i die time witness end great show",0
steve bout slimmed gng,0
hospital reminds bob death,-1
enjoyed vol 1 but man really need vol 2 slappp!!!,1
"die ,i die",-1
die die watch trailer nuh uh,-1
steve dustin die idk im gonna,-1
nancy badass development,1
nancy full,1
peak pt2,0
"look it, dustin ready die but end surviving mourning life brother not.",0
"die, die.my heart stop fearmy heart stop fear",-1
yoooo,0
106 vicke definitely gonna die,-1
die dieyou die die,-1
see way mike looked 11???? byler confirned sarcasm,-1
thank netflix,1
steve dustin helll nahhh,1
hey great! get wait even longer already have!,1
"everyone watched less hour, props.",1
goosebump,-1
badass nancy vs. military ?? damn walk em wheeler,-1
"stop, cant get better hype more....duffer hold stranger thing",0
gonna dustin steve death gonna stay alive,0
040 wait kali??,0
whose 500k views!,1
welcome derry say stranger thing need commit killing og member,-1
die die...,-1
uhggg teasing,1
theoryi think got power bc henry joyce kid named thats power reason joyce married lonnie something happend henry joyce lonnie married reason got targeted bc henry wanted son back but reason hurt not know,0
"die, die.",-1
wtf im screaming,-1
yooooo ammm hereee,1
nancy knock em wheeler!!!!,0
become epic saga. love decided make scrawniest girl show firearm expert lol,1
dustin dy die,-1
flopou!,0
"die,i die playing u",0
omg die die s3,-1
"die, die please no",-1
didnt get ted clip ... think saving finale,0
peak fr,1
017 need know meanslike wdym everything even fan know abt upside dead wrong??,-1
"jump, jump titanicto die, die cant take anymore",-1
die die actually got died last no coming family,-1
rip steve dustin,0
"die,i dienooooo",-1
mike byler endgame!,1
go lady gentleman,0
guess die ill die too. solidarity death!,-1
,0
dont let steve die brooo,0
dustin steve yall better not die,0
106 vickie enzo date theroy plzz save,0
episode 7 gonna give u biggest cliffhanger,0
"die,i dieshut please",-1
took much darker secret...,0
"die , die helll nooooooo",-1
die die,-1
literal chills.....also dustin steve arc going,1
god...,0
,1
last trailer stranger thing well ever watch,1
max wont get camazotz name last episode vanishing duffer brother,0
not vecna even slim waist,0
one not prepared whats coming next?,-1
something tell steve dustin going die....,-1
"nancy shooting military guy gun badass. hope 87north cast natalia dyer action movie future, possibly nobody 3.",1
ommmmmmmgggggggggggggggggg,0
jolly present christmas,1
plz duffer brother person die mr. slim body vecna....not steve not dustin ..its vecna,-1
"die, die nobody die pls",-1
"oh fear holly try leave max but fall back god hope learns power something co vecna hurt her, thats big loss acting scale nell phenomenal already seen horror shes good final girl material",0
excited avatar mode scenes...,1
"please no, god no, nooooooooooooooo. leave dusty bun big man scoop aloneeeeee",-1
feel like vickie cooked,0
iconic duo backkkk steve dustin,1
"2 minute 13 second clip volume 2. goodness. cannot imagine rest 6 hour going like, let alone finale. not prepared.",-1
save girl vecna thats ask,0
stranger tung,0
here!,1
present watched trailer less 2 hours!!,1
"mike gonna vecnas main target, remember",0
"die, die",-1
best show netflix ever created .,1
woah,0
holy shit 10 day go,-1
stop nobody die,-1
015 maxxxxx,0
im getting goosebump,1
mother godharrington,0
"trailer awesome. like no words. word cannot describe this. but thought really thought going get mike pov volume, would finally mc againsince really hasnt one since s2, since havent seen pov since s2 ep9, not really, term whats going inside head. hope though. poor boy suffered much. need breakdown crash out.also, scared dustin steve, but dont think theyll die since there leaked scene steve dropping dustin college. think there going fakeout death, maybe, either one them.i hope get suzie cameo point season cause shes amazing.also, 3 main main character repeated main theyre og mc will, el mike? hope get scene vol.2 finale. dont want anyone die but inevitable. lastly, saw will redemption arc, el continued arc, even max, steve, hopper, joyce, everyone elses, but still havent seen mike arc since s2. hope see vol.2.i get bit long but im rambling atp.",0
nancy popped truck got firing as,-1
"die, dieplease dont duffer",-1
gonna lose steve dustin? no please..,-1
im ready,1
"u rawr,i rawr",0
fielding set steve,0
,1
"die, die sorry",-1
netflix ragebaiting u,0
10 day go,0
heard movie theater stranger thing finale,0
"die, dieif theyre gone netflix subscription, pinterest account tear ducts. please dont duffer brother",-1
mareomadso im,1
crazyyyy,-1
final episode realise theatre true,0
let go dustin steve duo back!,1
"dustin wont die sure,finn wolfhard spoiled",0
spoiler joyce reveal big bad evil bos transforms giant black widow spider.,0
", . , ? 5 ? ,",0
steve gonna sacrifice save dustin????,0
look like blast,1
"cant wait stranger thing 5 volume 2. finale better epic, awesome emotional.",1
yes,1
rawr,0
eleven day,0
wonderful,1
"no image steve real world, cooked",-1
"010 whats like upside isnt really upside down? but like kinda go song? upside down, boy turn inside round round? idk ever shown show but upside isnt really upside downokay yeah im not cooking im burning",0
054 aura,0
therikkuthea .....,0
not okay,-1
trailer good.,1
god hope ppl complaining steve dustin stfu,0
steve definitely dying,-1
caralho,0
please dont die steve harrington dustin henderson die delete netflix,-1
dont release final episode two part one new year eve another next year,0
no robin gf finna dieeee,-1
dont good feeling steves fate...,-1
"die, die no way not waiting",-1
"max holly better unite everyone finalemike eleven scenenancy wheeler badassvecna earning spot ultimate form penultimate bosswhats next intriguingly unrevealeddid miss joyce jonathanerica better show upyou die, die, back trackpump vein",1
"die,i die please dont duffer brother",-1
10 daysssssss,1
better 2hr episode,0
dumb splitting release up.. netflix app crash 3 separate days..,-1
1 hour gang?,0
"steve die , die dustin die . die die , die",-1
"steve dies, netflix die. im gonna sue them.",-1
not even one shot mind flayer.,0
whats song play start,0
cooked,1
byler happening,1
"steve dustin wont die, thats duffer bait trick us.. one sacrificed!",0
cant wait!!!!!!!!!!!!!!!!!!!!,1
"u die , die line hit harder please not touch boy dustin father figure steve.",-1
breathless!!,1
guy wanted reunite watched less 4 hour released didnt let people comment anymore! im hereeeee 1 hour,1
die die,-1
"here, one hour released. hyped gonna",1
holy look insane,1
im ready,1
theeeee hell thisss insane!,-1
"die, diehell noo, die guess gonna die.",-1
nancy walk em wheeler scene !,0
holy peak,0
overhyped,-1
mandaaaaaaaaaaaaaaaaaa,0
erica not scene,-1
feel like something crazy going happen.,-1
"die, die. please, heart shattered",-1
die die ok but neither u die,-1
nah loke looked good think isnt end yet,1
gonna epic!!!! let gooooo,1
"want scream, but parent sleeping",-1
"know, guy not seem like time all, vecna sure like point fact time something.",0
"die, die. steve cannot die not accept",-1
not die die please!!!!!!,-1
"die, die, netflix die.",-1
"everything guessed upside wrong, crazy?",-1
talk amazing mashup upside down??!!?,1
end eraaa,0
gommala therikka,1
well need teamvecna guy team?,0
bhhhj,0
fact el much aura,1
bro jonathan nowhere found,-1
omg.,0
crazy took 5 entire season finally start killing major characters. point doesnt even matter anymore show ending anyways lol,-1
"die, die.i would die please dont",-1
guy thing else,-1
yesss omgg??,1
bout peak omg,1
damn zombie groot look really pissed,-1
die dieyall die im dying,-1
best christmas ever!,1
hope dies.,-1
omggg,0
108 byler confirmed,1
holyyy crap,-1
t epeak lord,1
gave panic attack,-1
time travel too?!?!?!,0
putting 100 million dollar special effect doesnt make good story.just saying.,-1
"steve dustin die, die alive please",-1
shockwave crazy,0
dont dare die,-1
gonna good! im sooo soooo exicted!,1
"die,i die hell nah die die",-1
bro vickie dy sad,-1
cool,1
wow whoever keep coming song remixes trailer deserves raise.,1
"wow, trailer",1
055 nancy walkem wheeler,-1
tomorrow physic exam,0
"die , die",-1
dont die dont die,0
"finale wtd, got st vol2 trailer.. making year wild bro",1
"die,i dienooooooooooo!!",-1
say release,0
noah schnapp still single...id love date ya,1
nobody die please,-1
one else notice demogorgon going straight robin hospital ?,0
holly,0
omg think steve die cant wait,-1
hope no one dies!!!!,-1
032 isnot thing dark but black,0
either dustin andor steve die march duffer brother studio riot. who me?,-1
bet vicky would die.,-1
remember upside scary?,-1
"136 either die, die",-1
mannnnnnnn hand best show,1
"die , diesteve better dont die",-1
not ready die die,-1
no mayor caracter die soft,-1
"136 steve harrington, last chapter",0
steve dustin best duo hawkins cant die tell not true,1
"goosebump literally, also every character look soo amazing developed i.e nancy,will,steve,el max",1
"steve dustin, bloody hope youre joking.",-1
stranger thing never deliver ending good welcome derry.,0
get,-1
daughter loved show started 16 ...shes married 2 child,1
look epic. going better first volume. one saw less hour release.,1
"finally going see bond, dustybun steve hair harrington",1
imagine viki wont get date robin enzos demodogs,-1
lowkey thought one ai teaser video saw nexflix,0
steve dy die,-1
no... no one dying,0
"die, dieplease no",-1
job watched 50min released,0
wow,0
awesome,1
"die, die nooooooooooo",-1
yayyyyy,0
die die already giving anxiety,-1
watching trailer never confident steve dustin fine johnathan getting smoked,1
please netflix neeeed dustin,1
love dark tower imagery floating door. duffer stephen king fan life,1
"stranger thing die, die titanic jump, jump",0
ready.,1
oh boy.i remember cute 80 nostalgia trip kid figuring mystery imaginations.when go full fast furious endgame avenger nancy wheeler killing military personnel,0
people make trailer get awards. really cool,1
mille bobby brown look aged,-1
yeahhhhhh.... waiting thiss trailer every second,1
well wonderful way wake,1
waiting,0
youh die diee,-1
"die, die.",0
die die .....,-1
"plot dies, special effect live.",0
not ready steves death,-1
"059 robin,dustin,lucas,will,nancy okay but dustin steve right , steve die ?",0
136 die...i die,-1
im sure peacemaker somewhere bush watching kid go door 025 ..,0
"oh, im excited nervous equal measure!",1
still hope vecna dy mindflayer using host. miss kinda lovecraftian but still loving show.,1
nancy upgrade shotgun m16? made year!,1
netflix.. die subscription die,-1
"die, die.",-1
christmas finally set this!! damn!,1
choo choo!! aboard hype train!,1
dimension dooralways love dd reference,1
please im not ready!!!!,-1
die die???? im sorry???,-1
light look like,0
die die gonna make episode vanishing duffer brother,0
but dustin might cooked.,0
1 hour ago ppllllll,0
happened mike hair look chopped 3,-1
136 none gonna talk fact steve literally dressed eddie ??,0
die die,-1
touch single strand hair robin head hearing duffer brothers.,0
goosebump cant wait!!!!!steve please dont die,1
holy shit,-1
legend watched 1 hour,0
"scene jonathan hugging kid wont volume.. maybe hug final battle. thats case, thing not looking good nancy joyce, cuz jonathan literally cry hugging will.",-1
think jonathanan die mark prediction,-1
die die? no dont think buddy,0
whooooowhooooo... cant wait,1
1 hr,0
going ..,0
nobody better die thats im saying,-1
105 dont touch vickie,0
sobbing watching trailer oh god done,-1
,-1
"really miss mindflayer villain..shouldve main villain terrifying, mysterious powerful ...instead got telekinetic groot boi ..",-1
"steveyou die, die.dustinyou die, die.me two die, die",-1
swear dustan steve die im rioting,-1
106 robin cooked...,0
136whyyy netflix whyy duffer brothers???,0
hugs!,1
nancy badass!!!!,1
im not ready,-1
die die got . masterpiece trailer !!,1
"mean die, die mean die, die!what freaking kate bush mean die, die",-1
nobody hospital surviving coming alive,-1
lessss gooo,1
dustin an steve ar cooked bro,1
dont die,-1
"die, die.will dies.",-1
final battle coming,0
watched less 3 hour come hereeee!!,1
sling bladed soldier hallway,0
die dieme uh here alternate suggestion... neither die?!,-1
"1 hour watching this, idk tell but age since released started 2019 yeah end great journey mark",1
first comment indiana fan,0
hope steve life,0
"whole time, everything assumed upside deadly wrong , mindblowingi certainly cannot wait till christmas.",1
"die, die.disapproved!",-1
cant wait rightside,1
"die, die.if happens,the vanishing duffer brother happen",-1
hype real!!!!!,1
nancy pew pew pew!fcking epic!!!,-1
thought going soldier season!!!,0
thats day !!! welcome derry end stranger thing trailer go air ... damn,0
daaaaaaaaang good,1
"am, 61 yr old diehard stranger thing fan ready!!",1
die die,-1
im scared holly omg... seems like mr. whatsit found max .!,-1
im early !!! yay!!!,1
"alright, im calling it. r.i.p.",0
"die, dieso either live traumatized",-1
one hour,0
steve die die,-1
,1
nancy walk em wheeler!!!,0
"steve dustin backkkkk, die, die",0
die,1
132 !,0
not vecna turning sarah kerrigan,0
"die, die hell nah",-1
hype feel infinity war level,0
crying. dustin steve must make,0
"steve die, die dustin die, die dont die!!!",0
"054 excuse me, nancy??!!! omggg",0
053 nancy freedom wheeler,0
steve died die,-1
go super gayan?,0
die diestranger thing fan assemble duffer brother coming u,-1
"die, dieplease dont, cant cry especially much cried eddie died",-1
great choice music,1
christmas gonna peak,1
ohmygod,-1
"anybody gonna talk vicky swear dies, im gonna cry girl robin",-1
steve dustin alive please please please please please please please please please please please please please please please please please please please please please please please please please please please please please please please please please please please please please please please please please please please please please please please please please please please please please please please please please please please please please please please please please please please please please please please please please please please please please please please please please please please please please please please please please please please please please please please please please please please please please please please please please please please please please please please please please please please please please please please please please please please please please please please please please please please please please please please please please please please please please please please please please please please please please please please please please please please please please please please please please please please please please please please please please please please please please please please please please please please please please please please please please please please please please please please please please please please please please please please please please please please please please please please please please please please please please please please please please please please please please please please please please please please please please please please please please please please please please please please please please please please please please please please please please please please please please please please please please please please,0
mind flayers finally incoming,0
gutter dhandha,0
die dieguys think cooked,0
"die,i die.nooooo no no swear goonoo sue u guy please nooooooo",-1
die die!! steve harrington dustin hendersonwe cant let happen!!,-1
aahhhhhhhh,0
going peak,1
vibe felt mike eleven,-1
new edit coming,0
10 day away,1
omgggggggggggg,0
vickie dyinggggg,-1
136 140 yall gonna die,-1
"033 dustin steve look thing them, dont light look kind like deadlight it??? youve watched movie youd maybe relate",0
"final battle, eleven verge defeated vecnas army. moment, radio crackle life words, left. countless portal open, behind eleven appear justice league dc universe, earthrealm defender mortal kombat universe, rick morty, harry potter, even legendary godzillaalong many character netflix warner bros.",0
"volume 2 episode 5, 6, 7.yes!",1
omg,1
no los maten dustin steve pls,0
netflex,0
scene henry switching back forth sick. cant wait!!,1
kinda giving dark energy volume 2 electric dark ball thing.,0
really hope doesnt die gang,0
im scared,-1
nancy shooter,0
reason im waiting christmas year.,1
im,0
"die, die",-1
editor tiktok made chapter 1 edit upside song goin insane rn,0
intense oh god,1
vol 1 playing?,0
endgame,-1
nancy not getting popped military far fetched thing trailer,-1
"die, die no button !!!",-1
hyped,1
vote steve dustin alive volume 2,0
"die, die like hell no nobody dy",-1
024 introduced anywhere door?,0
uffff!cant wait !,1
damnn..,-1
oh godddddddddddd,-1
steve dustin die riot,-1
peak,0
"cant breathe!!!!!!!!!!i seriously cannot breathe,!!!!!!!!",-1
1 january 2026 end era,-1
1 hour release,0
nah stop it..what mean dead wrong,-1
"steve dustin die, die.... dont die plzz!!!",0
omfg im actually going crazy,1
whats plan thanksgiving?stranger thingschristmas?stranger thingswhat new yeastranger thing,0
nancy walk em wheeler,0
vicky no,0
everyone slayingggggggggggggbuutt pray no one d1e expect vecnaa,1
definitely not ai fan made lol time new trailer,0
amazing!,1
,0
mokka commentary fan assemble,0
"die, die",-1
series finale separatedoes mean gonna long season 4 finale?otherwise shouldve included,-1
hust wooe ahsvdneisoosxjcbdjsks,0
"die , die nah",-1
"136 die,i die no,if two die, ill die",-1
f christmas im staying home watch,0
025 doraemon anywhere door,0
next level,0
"die, die",-1
no steve no dustin none die,0
tu emaw thih vaih chuan chak dawnlo awww,-1
byler endgame!,1
wheres lucas brooo gonna diee,-1
055 nancy going toe toe military insane! shes come long way,0
"die, diesteve stfu die imma die frrrrrr",-1
let seee,0
wefjwgijigjie steve dustin hfwjigjjijigjijig no bad feeling,-1
"steve die, diedustin die, dieme die, sure die!!!!",-1
max holly escaping bingo card,0
steve harrington die never forgive sir !,-1
waiting el kaki team,1
better not die mannnnn,-1
wtf really goosebump,1
"stranger thing dropped right time! welcome derry finale last night, trailer volume 2 dropped right time",1
"hi production team, head upif dustin steve die, im billing next 5 year therapy.xoxooo",0
nancy frickin cooollll,-1
029 guess eddie come back kas......,0
"136 die, die",-1
"hey guys, about, uh, like, nobody die?",0
let gooo,1
"die, diebetter guy dont die save duffer",-1
nancy sarah connor really work,1
either steve dustin mark word,0
watching million view gang,0
hail king steve,1
"two dies, die!!",-1
shoot second thought barb. forgot. actually robin girlfriend.,0
time new blockbuster,1
keep hand dusty bun stevie poo,0
"die, die, fuckin die",-1
first part really not good,-1
anyone else got goosebump watching promo cant wait,1
cant wait also dustin please dont die,1
10day go,1
148 tranger thing,0
die die,-1
finally steve dustins duo back!!!!!!!,1
"youre within hour, gather let discus peak",0
ending better not screw u like throne did.,-1
"watched video less two hour released, assemble here.....",0
wowzers,1
030 maybe theyll find peacemaker bc salvation,0
christmas not going happy,-1
last episode theatre u see theatre gonna turn monkey may buliding collapse tear,-1
"istg dustin steve die, im smashing christmas present",-1
see 500 byler hint trailer.,0
031 look like aetherreality stone thor dark world,0
one kinda worried vickie?? imagine would happen robin dy,-1
wheres delightful derek??,0
gonna rewatching come out!!,1
many finale happening time,-1
"trailer first act, even now, stand not watching trailer",-1
im shocked,1
". ? , , . .",0
ok didnt see use power,0
omggg,0
018 gave chillss,1
136 oh damn no,-1
wtf damn cool,1
finn said dustin dy interview meaning doesnt actually die steve doesnt die either !!! pls dont die seriously,0
tuff,-1
wasnt hyped long since endgame,-1
omg,0
rip duffer,0
"die, die",-1
141 die die mean no one die,-1
nancy classic form screamed 054,1
136 die dieme absolutely fking not,-1
hope nobody dy,-1
"must say that, missed eddie munson",-1
ive always found strange angstrom levy higher priority get revenge mark original sinister mark killed son.,-1
"fact trailer upbeat soundtrack give hope, although know im delusional.",1
"die, die cooked.",-1
"hour yes die, die oh hell no",-1
think turned demogorgon,-1
meu deus lana logoo,0
"no die die line telling say sayboth please dont die,",0
"no way say die, die",-1
broo upside even more!! crazyass duffer,1
nancy get gun better run,0
"die, die. steve dustin going together going ruin",-1
swear u lay finger steve harrington....i swear....,-1
im screaming hasnt even started yet,-1
not hair dusty buns!!!,-1
vecna.s face look lit deference isnt?,1
murray become spirit animal,0
omg cant wait gonna epic,1
robin girlfriend best friend die seems,0
die. die.,-1
136 hell naw dont think so!!,-1
"die, die meaaannnn?????",-1
got goosebumps.... damnn excited,1
duffer brothers!! cannot touch steve dustin!! please no! no! no! anyone die??? totally okay alive please!!!!,-1
anyone watching tamilnadu,1
feeling im gonna cry bad,-1
robin getting killed trying save vicky noooo plss,-1
holyy peakkk,0
full line die diewe die netfllix subscription die,-1
"die, die no fking dying please",-1
duffer brother ruin christmas,-1
good guy im excited. know max come back doesnt rage.,1
cant wait volume 2 gonna epic trailer good,1
many episode eeleased?,0
"need know shocking thing trailor robbin making voltage season 5 episode 1 climb tower. means?......who noticed like please. steve jonathan climbed , time steve climb shadow monster also climb.",0
"steve die, diedustin die, die.me either die, duffer die.!",-1
vickie going dai,0
knew kali gonna season fiveeee,0
cant wait,1
im noticing every character get good amount screen time trailer except joyce. could mean get sidelined killed early part 2? trying hide happens her?,0
im scared,-1
steve x dustin lfg!!! dont die! please!,-1
"die, die, no one dies?",0
next stranger thing 5 volume 3 trailer netflix,0
wheres mind flayer?,0
know happen next year world entertainment things. enjoy show thought going one done thing netflix. become amazing thing not covid strike stop. cant wait see ends.,1
not single byler scene someone please hold !,-1
yeah im still not paying netflix. nice try though.,-1
prop whoever edited trailer music bullets. reminds punisher trailer,0
"hero watched video less four hour released, gather",0
1hr ago,0
steve dustin better not die. dont give sh anyone else.,-1
gooooosebumps,-1
40 min ago sa,0
yeah man back,1
054 nancy look like rambo,0
going epic!,1
steve dustin back!!!!!!!!!!!!!,1
peacemaker reference,0
sooo psyched!,1
many special effect want distract bad storyline?yes ! ! !,0
dear netflix duffer brothersif anything happens dustin...you see nightmare,-1
steves die,0
im glad im within 1 hour .,1
picture music,1
cant wait...,1
134 thats robin. oh dont duffer brother,-1
dont show weak frightened human . power better embrace .. love 004,1
mc bro ? please make detail video bro,0
gonna die happily ever,0
insaneeeee,0
dis gonna b peak,0
ive never excited,1
mind flayer?,0
"holy mother god, final tomorrow literally watching",0
outttt,-1
trailer!!!,1
cant wait,1
absolute cinema,0
look epic,1
"swear duffer brother haunt guy dustin steve die, like nooooooo shaylass",-1
one thing miss stranger thing good stranger thing trailer,-1
die die,-1
,0
excited this!!!!,1
1h agoo dude,0
nancy walkemdown wheller back boy,1
yes,0
netflix im begging u pls bring last episode theatre india,1
"really think kali going pissed eleven left her, hope help.....",-1
"william, youre going help me, one last time.",1
volume 2 going epppic,1
damn sure steve,0
dang dang danggg,-1
tamil trailer pleaseee,0
vecna fail,-1
"136steve dustin die, die.",-1
give tamil dub pls pls pls pls pls pls pls pls pls pls,-1
got run,0
die die shit...,-1
oh god dont guy release nowfeels like ive waiting age,-1
die diewell.. go two favorite character,0
end beginning??,-1
yes dustin steve back,1
"die, diewrap up! duffer brother crash out. dustin lost steve, would legitimately 13th reason",-1
no word,-1
greatest show time,1
dont dare touch steve dustin!,-1
spoiler hornswoggle main villain,0
not ready happen!!!!,-1
rip steve dustin,-1
omggg soooo excitedfffd,1
man major upside twist coming!!!,0
oooo,0
"die, die definitely steve helping dustin get past happened eddie. maybe dustin feel guilty there.",0
"steve , u die dustin die, dieme weall die guy die first one duffer brother theyll",-1
050 nancy smoke em wheeler like bitch cooked half vecna!!! think stand chance,-1
028 anywhere door??,0
nacy firing gun giving red dawn vibe,0
hope steve lives!,1
die die might die,-1
cant wait,1
.,0
hell feel jonathan gonna die,-1
diei dienoo ill delete netflix,-1
040 kali?,0
"no neither them, neither.",-1
"theory dump 1. steve dustin safe. narratively, anchor removing either would collapse emotional core group late story. 2. redblue shockwave isnt visual flair. resembles anaglyph effect, implying two reality occupying space upside phasing right side rather fully replacing it. 3. robyns love interest appears direct demogorgon encounter, may intentional. show often us firstcontact moment establish stake catalyze character choices. 4. 8 11 1 20. number matters. dd terms, natural 20 isnt success,its fate intervening. could signal turning point probability break kid favor. 5. portal steve dustin witness doesnt behave like previous gates. structure suggests either temporal displacement access dimension x potentially true origin space numbered children, possibly linked camazotzlike mythos. 6. vecna increasingly framed less final bos corrupted champion. visual language pacing suggest vaderstyle arc, not absolution, but choice end shift outcome.this season feel less defeating evil reconciling fractured realities.",0
"steveyou die,i die dustin die,i die die,i die",-1
oh care,-1
,0
,1
053 oh nancy badass,1
nancy firing military doesnt seems right.,-1
nobody die please,-1
thank lord byler not happening,0
look amazing. cant wait. gonna spectacular. still hope ending survives.,1
guy think everyone kali probably going die prediction,-1
one hour,1
",,avengers endgame ahh trailer",0
talk christmas gift,0
,1
cant wait,1
trailer made hit hype level havent hit since infinity warendgame,1
118 robin hospital save vickie!,0
sad think possibly last stranger thing trailer ever,-1
aaaaa im excited,1
die die. im gonna cry,-1
ok,0
106 vickie no,0
whoever watched atleast twicegather here!,0
trailer made anxious,-1
please spare boi derek,0
nancy dy im done... prediction steve hopper die together,-1
"die,i die die,you dont die!",-1
,1
"die, dieyou better not die",-1
im scared,-1
excited type feeling shall put .,1
love god thank much this.,1
hero watch hour gathere,0
mokka commentry,1
please dont die you!!!!!,-1
yo,0
isnt enough need rest season now!!,-1
"so, deadlight inside upside down?",0
"die, die. duffer knew cooking",-1
season 1 brillant unique story.season 5 special effect generic marvel superheroes.,1
"no die , die please!!!!",-1
"impatiently waiting new rockstars dissect trailer need answer duffer brothers, steve dustin dont make count day",0
120 mr whatsit 001 vecna whatsit good version henry. damn!!!!,1
best birthday gift,1
die die no one die!,-1
26 ka exam h,-1
got goosebump,1
think heart going break christmas..some faves,-1
"die, dievanishing duffer brother soon.",-1
please dustin steve dont die,0
g,0
"oh dude, ah ahhhhh! okay, ready. repetition die die please no robin, dustin murray van?? apparently maybe whole party. plot twist, using powers!! plus suspicious avoidance ep 7byler basement gate looking plausible call crazy but im ready! guy hyped! im excited see performance, amazing cinematography, not justbut also!",1
039 excited see full potential vecna.,1
yassssss finally,1
think everyone get know max brought stuff cave decorated living room,0
genuinely feel like steves gonna die,-1
"die, die.steve s3 quote. die, die... inside.",-1
"die, dieyou die, dieno dont dare die.",-1
thats called pure goosebump trailer,1
plss dont die,-1
oooooooooooooooooooomg.,-1
f use theme music epic trailer fking npc background music,-1
steve die netfix die,-1
steve harrington fcking try something,0
wont able forgive duffer brother dustinsteve killed,-1
"time new world counting days, minutes, second",1
ive never massive avalanche goosebump life. gonna unbelievably surreal!!,1
"idea spinoff, vecna try beat peo allegation court",0
steve dy people india dy,-1
jamie vecnahenry delight eyes. magnificent actor.,1
"bro , really hope get season . would mad new season would come next year . take much time make bro",-1
avenger endgame dj vu,0
nancy wheeler woman,0
dont let anything happen dustin harrington bro please,-1
"cant believe eyes, tv show level epic. amazed got monarch, but mind blown stranger things.",1
not end journey,-1
"die, die im not ready",-1
"steve die, die! dustin die, die!me hell no! not happpening!",-1
cannot wait,1
dont die,-1
"please ,i pray steve dustin dont die",0
steveyou die die dustin die dieme netflix subscription also die,-1
"background music quote die, die damn got",-1
"109 dont know whats side this, but stand even chance surviving it... need team .hello?? guys?? s4 byler callbackparallel??",0
soo firee,0
die die pack,-1
"hero watched video less four hour released, gather",0
"steve die, diedustin die, dieme die, die 136",-1
neeed stancy.,-1
"steve dustin die... cocreate season6, three volumes. first vanishing duffer brothers. fall netflix. third volume mercy",0
"die, die",-1
"die, die dustin stevetwo thing first, fear second, kind remind avenger endgame whatever take",-1
im really worried..,-1
long robin survives bru,0
watching 59th minute uploading,0
"fkn insane, im hyped volume 2",1
134 episode shockjock,0
"die, die.chill",-1
"wise!will goat!hell yeahhh, byers!!!!!!!",1
neither better die netflix,-1
die die,-1
im suing netflix dustin steve die,-1
24hrs gang,0
"hero watched video less four hour released, gather",0
look like teeth around vecna end?,0
wheres johnathannnnn,0
050 still shooting gang literally whole armada wiped monsters?,-1
avenger infinity warendgame ahh trailer,0
"die, dieme ill cry",-1
"die, diethe season 3 callback but cost cant die",-1
que emocin por dios!!!!!!se erizo la piel,1
youre evil company suck making tv.,-1
tamil dubbed pls,0
who less hour,1
"hero watched video less four hour released, gather",0
"rewatched seasons, pls cant wait anymore but dont want show end",-1
omg hell yea,1
randomly came across searching mma fight,0
monster based dungeon dragon character getting 3 headed dragonor 3 headed flying demigorgan,0
damn,-1
someone comment got 1000 reply 2 hrs... crazyyy bruhhh,1
ho god !!!!!,1
christmas would great,1
death steve might not happen early but finale popular character stranger thing dy early 5th 6th ep might affect view,0
goosebump goosebump goosebump !!!!!!,1
peak,0
omg,0
holy dustin steve back!!! amazing trailer,1
"die, die. glimpse season 6 episode 1 vanishing duffer brother",0
"not ready this, but also, are!!! dangggg!!!!",1
brooooooo,0
oh god dsbsbsbsbsbsbdbsbdbbdbsbsbss let gooo,1
dustin better not die dy die.,-1
look bat swarm pin middle bright light. killed bats? ediie. eddie bright light!!,0
wanted omggshgsh,1
exitediam gonna cryy,1
soooo bad!! cant wait long,1
think nancy might die due gun shoot steve not die,-1
steve gonna die sure,-1
steve dustin,1
gosh nancy character sooo well done,1
die die,-1
need byler scene cmon,0
ho lee sheet,0
going fcking season.,1
random kid hawkins finally admits gay unlocks gaykinesisunforgettable moment v1,0
vickie gonna die. isnt it?,-1
"die, die hell nahhhh",-1
133 literally fried,-1
steve character gonna die,-1
goosebumps!,-1
wtf u mean u die die,-1
"die, die better not okay",-1
wheres erica goddamn sinclair,-1
dark series rereferences,0
nancy new rambo !!!!,0
"die, diehell nooooooooooooooo",-1
waiting,0
"guys, think die, die back forth red herring. think someone completely unexpected going taken away u volume... hate say it, but might lucas.",-1
time,1
"not reuse die, die cant this!!",-1
nah fam yall better not die ill riot,-1
141 scene damn!,-1
not die die dont die,0
025doraemon???,0
raaaaahhhh,0
055 nancy amazing character!!!!! development amazing,1
love song choice,1
love song choice,1
"die, die duffer brother dont dare",-1
"die, die",-1
nancy wheeler giving sarah connor vibe exquisite,1
supposed stranger thing,-1
fire!!!,1
love og steve dustin combo fan,1
long awaited finale,0
tf die die,-1
die die!!!! man noooh please dont dieee,-1
tiiiiiiimmmeee,0
love song choice,1
eeeeeeeeeeeeeeeeeeeeeeeeeeeeeeeeeeeeeeeeeeeeeeeeeeeeee,1
holy shit,0
"either dustin steve dies, war begin",-1
,-1
noooooo steve dustin,-1
lmao diana ross upside playing character face absolute havoc,-1
hollyy 7 year old? netflix error,-1
,0
hell yaaahh button,0
holy smoke,1
omg.....,0
upside,1
not die die,-1
vanishing duffer brother gonna happen sure,0
oh shit firee,-1
feel like didnt show much make great sacrifice end.,0
"tiba bangettt sepanjang nonton trailer ini cuman hah hoh hah hoh... spoiler plotwist nya dar der dor bgt, speechless",-1
everyone talking steve dustin but demodog robin gf.,0
"die, die. no please no",-1
im hyped bro,1
0032nd 0042 dat dragon roar heard one,0
"die, die?!!!duffers die!!",-1
"yeah, eleven gonna cooked vecna",0
"die , die",-1
"136if reference s3 foreshadowing death, die",-1
die die no,-1
cant wait anymore thiss,1
"steve die, diedustin die, dieme screen noooooooooooooooooooooo",-1
volume 2 trailer wasnt necessary but soo awesome!!!,1
time help im scared,-1
swear steve dies.,-1
"die , die die",-1
who going die anyway? robin girlfriend hospital steve dustin radio tower jonathan although likely unlikely tape ring play role joyce finally release beast like rocky lost adrian,0
"die, dieyou better not die",-1
"notion! neither steve dusty bun better not die! 10 long annoying day left till see everyones fate! also, love nancy badass!",-1
kali el power trio putting vecna frfr,0
"die, die dont know fan also gonna die inside",-1
"swear one die saying die, die.. no one ready that, swear no one",-1
"yo hype, teh cast must excited see fan reaction!",1
no scene ???,0
"bold prediction mike, jonathan lucas die volume 2",-1
dont die please,-1
still missing good plot like season 1.the thing see special effect marvel superheroes.kinda sad stranger thing become.,-1
byler canon,0
song upside diana ross needed like,0
"completely underwhelming trailer, like vol 1 actually.",-1
"steve dies, show dy",-1
nancy walk em wheeler!,0
watched 1 time ??,0
"im ready kali return! going good, im excited it!",1
duffer brother please dont touch steve dustin gonna best gift christmas u,1
netflix really said remember fell love show.,1
"die, die...",-1
"let hope king steve dusty bun, make alive!",1
welcome derry cooked year,0
within 1 hour hahaha,0
right welcome derry,0
"die,i die please anything but",-1
ullivada,0
waiting masterpiece ending........,1
hello,0
dustin steve r back,1
"swear steve dy , gonna punch duffer hard teeth gonna fall",-1
"dear writers, die die dont need line irrelevant rest story, right ? right ????",-1
"please steve, dustin",0
damn,-1
hype crazy,1
yall keep looking trailer guess saw eddie literally saw eddie trailer pay attention. pay attention die. die look that. quote repeat pay attention.,-1
got two glorious king back die die literal chill,1
"chill, dont die",0
u dont realise much screamed dropped,0
"yoy die ,i die.......noooooooooooo",-1
end near. dont think u ready end....,-1
"die, die bro",-1
playing home theatre,0
1 million view,0
endgame feel like,1
"hero watched video less 10 hour released, gather",0
"steve die, diedustin die, dieme dont die",-1
"wdym die , die.dont touch steve dustin",-1
please dont touch steve dustin,-1
jonathan die sure,-1
,-1
omg,0
die die,1
wtf,-1
kaliiiiiiiiii,0
price yah,0
feel less like season like end era.,-1
omg thank dropping this!ive losing mind waiting vol. 2 lmfao,1
doesnt seem lot hotpot,-1
time,0
confirmed!! either steve dustin not going make,-1
"die, dieme none die else im gonna sue netflix",-1
ohh grit egg cheeseee not surviving,-1
1 earlyyy,0
mad max better survive,0
max portal holly bedroom,0
oh holy fck sense peak someone cooked hard sense best episode oh im ready give already,1
murray alive damn,-1
die die,-1
nooo not dustin steve,-1
algo le recuerda dark?,0
best birthday present ever netflix!,1
dont die,0
wont shouldnt die!!!,-1
"trailer mid series release, didnt end long ago. man trying milk much possible",-1
no no no no 136 pls dont,-1
damnnn robin gf going dead,-1
,1
watched hour two!!!,0
steve dressed like pimp,-1
steve backwards hat killer,-1
008 better not traitor,-1
steve dusten said die die show care one another,1
holy peak,0
"die, die sweet heartwarming call back s3 slap face people said ruined steve dustins bromance",1
no one die,-1
136 classic,0
"die , die dont think steve gonna let dustin die instead sacrifice",-1
really look like put four different show one single clip. stranger thing really genre think of.,1
die die please arent ready this..,-1
"upside bridge, bridge bruv",0
cant believe ending year best christmas present ever even though say gonna sad,1
kola mass,1
one watched less 5 hr released!!gather here!!!!,1
nancy full terminatorrambo mode!,1
"underwhelmed 5minute teaser volume 1. thought special effect seemed incomplete... but man, four episode awesome! worry laid rest. hyped volume 2!",1
we...are stranger thing,0
steveyou die diedusty bunyou die dieme no not cry,-1
mind flayers back!,0
saying kinda makesvme think live,0
gonna gas everyones gonna live arent they? damn it.,-1
omg iam hyperventilating,-1
hero watched video less 2 hour gather,0
nancy standing business per usual,0
dont die,-1
im not feeling guy . season seems rushed . could done another season. much going . there hardly buildup seriousness.,-1
mindflayer tiamut real villian,0
last production netflix didnt turned woke shit show. enjoy people,-1
"die, dienetflix die",-1
"exited but scared n worried steve,dustin",-1
anyone know who speaking 108,0
bitchin,-1
steve dustin vickie max kali,0
first hour released,0
"justin going die, reason everyone cry.",-1
holly wheeler finally saw vecna lol.,0
oh god volume 2 gonna super crazy,1
132 blud hopper?,-1
cant wait!!!! volume 2 best series almost here!!!,1
1 hour came gng,0
hell red orb??????,-1
time,0
hell yeah talking!!! gonna awesome!!!!!,1
"thanks spoilers, havent watched volume 1 know max get eye back thumbnail",0
"damn, probably shouldnt shown much.",-1
anywhere doorrrr,0
holy shit. upside not think dead wrong flipped upside its.... rightside up?,-1
finally bro,0
loveeeeeeee,1
definitely cool,1
bet 5 buck none main character die bluff,0
goat derek,-1
youre not ready volume 2...people die 25 dec..,-1
die die,-1
"die, dieif die duffer brother die",0
"die, die no thanks no please",-1
"many fan made trailers, really thought fake",0
go,1
die die good thing live,1
"die, die nobody dying",-1
steve fan da,0
hi,0
wtf no one die plsssss,-1
"anything happens steve dustin, ill delete netflix",-1
holy peak,0
"140 die, die",-1
nancy murray go hard cant wait duo!!,1
chills!,0
goosebumps!,1
bit odd innit 5,0
no one dying,0
"136 die, die.say lie",-1
"die, die. chapter 9 vanishing duffer brother",-1
"rushed see freaking trailer left die, die",-1
stave dustin die 100,-1
npc ahh comment section,0
120 cinematic scene.,1
noooooooo helllllll die die,-1
"die, die",-1
robin scene look like ep 7 comfort way describe.,1
ok,0
omg watch whole show without subtitle time pass fast,1
steve die die. no dont please ruin existence,-1
"136 duffer brothers, ready die!!!",-1
"die , dieumm.. hell no guy",-1
die die.no no nooooooooo,-1
mean everything upside wrong?,-1
steve die die,-1
nancyyyyy!!!!!!!,1
not dying repeat not dyinggggggggggggg,0
dustin steve anyone die definitely delete netflix.,-1
"136 major sacrificebut clueless timeenter, caroline",0
im ready,1
die die please dont say,-1
die diedont even think it.,-1
"die, die. noooo.... either dies, die.",-1
122 if...? holly never made,-1
"steve dies, die. life hands, netflix",0
"die, die get ready lifetime trauma guy",-1
"die, dieyea no .",-1
well well well!!!!!,1
"134 dont die, killing u word",-1
135 die die,-1
coolest shit ive seen,1
"die,i die hit different",-1
peak,1
die die ke?abeg no die ooh,-1
always count nancy glock. thats goat!!,1
"136 steve dustin die, die.the duffer bet.",0
,1
first thought also fake,-1
dont care anything want byler,1
"interview, finn said dustin gonna die dustin steve together, so, may refered steve gonna sacrifice life baby",-1
sorcerer,1
im ready cry december,1
135 scared most.....!!! die...i die! team steve harrington dustin henderson forever,0
much spectacleactionspecial effect distracting weak final plot look like.,-1
new year definitely gonna best one no one dy else r gonna find ugly cry new year,1
second part together seems like new season omg,1
soo gooood!!,1
113 seems steve dusty didnt die.,0
holly dies?,-1
bro steve not making,-1
bro steve dustin cooked,0
sooo better not die. max please wake vol 2. wow nancy!!,0
holy mother god.prayers begun steve,1
people watch without netflix subscription real straw hat !,0
going die? steve dustin,-1
yurrr,0
"die, not watching final",-1
eddiee,0
ok obscurus,0
peakin crazyyyyy,1
yes,0
hope kali wont disappoint time,1
"netflix remember accidently killed dustin steve no problem shoot vol 2 , dont not one harmed",-1
many crash murray survive?,-1
nobody die plz,-1
excited volume 2 love stranger thing,1
murray not dead !!,1
netflix bro peak,1
nobody going die netflix afraid consequence anything. everyone protected lvl 99 plot armour,-1
yoohoooooo,0
let goooooooooo!!!!!!,1
"2 shot robin, might wraps.",0
"welcome derry standar, show kind mediocre now.",-1
epic.,1
die die coming back peak,0
steve dustin... please dont die,-1
moment door reminded dark tower stephen king.,0
mind flayer doesnt make comeback im crashing ou,-1
man thats crazy,-1
nancy walk em wheeler,0
hope netflix doesnt cancel point lol,0
"die, dieyou die, dieboth dont die pls",-1
"138 look this.can anyone identify, 2? mind cant.also who falling at.. 141?",0
oh god im freaking out!!!!!!!!!!!!,-1
"mean die, die. want heart attack new year?",-1
watched 5 time row,1
way nancy firing gun omg,0
im going full oprah winfrey season. cant die cant die cant dieeverybody cant die!!!! except vecna mind flare.,0
upsidedown v inside,0
wow got goosebumps.,1
mike el forever,1
best series modern television. vibes. characters. soundtrack. ive waiting for.,1
moca commentry bro waiting,1
jonathan monologue oh back,1
"die, die quote season 3 stolen heart heard here, trailer.",-1
got anywheredoor st5 doraemon,0
die die?....whyyyy?????,-1
upside song fun,1
steve dustin dy turn tv,-1
134 called shock jock cuz shock not cuz get shocked yayyy,0
love stranger thing,1
,0
"henderson steve duo back but line die , die no man pls not",0
setting timer 10 day,0
surprise u,1
woohoo!! are!,1
054 know nancy wheeler scene brings shooting season free firee,0
know robin safe dustin wont robin episode 5,0
"fym u die, die not chance",-1
funky music scene gonna make u cry,1
waiting,0
season 5 bad,-1
"die,i die??? mean?",-1
look great! mileven forever!,1
steve dustin support up45,1
"die , die..... gave u trauma real",-1
there anywhere door,0
earth vecna kneeling to!??!???!!??,-1
aint no way volume 2,0
noooo dusteve. neither die,-1
hopper less screen time,0
welcome derry hbo already stole chain late lil kid show,-1
uhh yessss zaddddyyyy lesss gooo,1
witnessing historic moment,1
everyone die die,-1
"background music quote die, die damn got",-1
im hyped,1
see part arrive.,0
absolutely peak,1
yes robin,0
steve dustinplease dont die,0
hope vecna win battle.,1
"steve, dustin no! neither dying, end story.",0
upside track gonna hit 0010,0
omg,1
holly wheeler lover assemble,1
old generic shit,-1
great,1
volume 2 release date,0
134 already lost eddie cant lose bro,-1
holy shit??,-1
"eleven sacrifice dies, guaranteed, thats teach brilliant mind write story write, but someone sacrifice themselves, audience already seen time time again, find extremely boring uncreative uninnovative.",-1
steve dustin not die im not letting,-1
"die, die no, no one dy happy.",0
getting insane,1
jonathan dead,-1
else came within hour,0
look el mike??!! 109guys help im getting insane byler doubts!!!!,-1
peak show,0
man wasnt looking forward season but holy crap. say let cook.,-1
"136 duffer brother ruin christmas everyone, there going hell pay. although, british, ill probably soothing cup tea write strongly worded letter netflix.",-1
,0
",, ,",0
"die, die nah die heart dy oops make no sense",-1
028 anywhere door!!! doraemon x st collab,1
dont want dustin steve,-1
"die, die die",-1
die dieyou die die,-1
stand,0
"steveduatin die,i diemeif die also die",-1
steve dying noo!,-1
"crying?!!? die, die hit right heart. please nooooooo",-1
netflix stranger thing good.,1
trailer... going epicccc,1
1 hr,0
,0
walk em wheeler,0
finally 2025 gonna end well steve not gonna die,0
steve die die dustin die die nooo please die died fastly,-1
"anything happens steve dustin, wage war duffer brother",0
welcome derry ended guess would,1
nobody else freaking giant pulsating glowing orb?? el apparently going full phoenix force powers??!!,0
"die, die.uhh no one said anything dying",-1
ahhhhhhhhhhh,1
"die, die???? huh",-1
120 ted?,0
lfg!!!!!!,1
editing firethat music sync,1
"die, die no hell no",-1
hell that?!,-1
"everyone please dont dieme pls someone, die",-1
omg!,0
stop watching chainsaw man reze arc,-1
"hope end, story not like game thrones...",0
"142 kneew it! theory upside mirrored dimension x hawkins. go sky inside upside down, probably end upside downed dimension x! think ud like disc, middle mr. clarkes drawing wormhole. mindflayer cant travel hellscape, henry seen flying season 4, needed physical bridge cross. might even paralleled johnathan steve climbing radio tower. excited!",1
million time better meghan show,1
1 hr gang,0
delightful derek erica????,0
steve dustin going sacrifice themselves????noooo mann,-1
holy peakness,1
posted birthday woo,1
120 crazy whattttt helllllllllllll,-1
"think happy ending, havent paying attention ramsay bolton",0
think creamed little bit.,-1
,1
ok need see nancy actress turn next female action hero. like new alien movie ripley,0
nancy demon timing,0
mike finally going upside,0
"120 come vecna dont play,great shot",1
hey whats goin will? no one mentioning this?,-1
"steve die, diedustin die, dieme dont die!!",-1
steve,1
128 part reminds maybe upside coming end.,0
im already seated. thank you!,1
sucki,-1
,-1
thought supposed easy part. was.,1
cant wait,1
none youu gonna die command,0
nancy aura season crazyyyyy!!!!!!,1
die die die gonna case missing duffer bros.,-1
one. last. adventure. literally.,0
sarah connor wrong wide history time,-1
"die, die giving chill",-1
hope end tease korean sequel spinoff,1
"steve die , diedustin die dieme cant die",-1
watching watched season 1 trippy,0
"t straight look 100 time better volume 1, bro, im hyped! yea guy ik vol 1 build",1
no way fielding set,0
made eleven cringe season.,-1
holy shit,-1
crazy early,0
tinguri web series. nice tinguru,1
cant waittt!!,1
yesss paldoooo,1
die die,-1
"guess everyone die , die",-1
leave steve dustin alone !,0
hopefully netflix wont make child imagination,0
im ready but im also not ready,-1
dustyn cute u guy dont know obsession w stranger thing wish real,1
"early, hope volume 2 better volume 1",1
"?you die, die die, ninth final episode vanishing netflix subscriber",-1
054 nancy walk em wheeler,0
,1
guy feel like prophet t confirmed many predictionstheories,1
"favourite combo steve , mike el. music intense made watch 12 time trailer",1
"within 2 hour gang, gather",0
bigger anyone imagine. amazing duffer bros. cant wait...,1
vickie robin dead im gonna cry,-1
"dont fing die, die medontno",-1
let goooooo!!!!!!!!the countdown begin stranger thing friends!!!,1
"die, die.no, no, not this. smh not today.",-1
oh yeah!,1
havind really bad feeling jonathan going diee,-1
steve dy riot.,-1
die die die die,-1
one didnt blink entire trailer,0
"die, die.oh god noooo",-1
"duffer brother whole team ... sky limit ... keep building it..... steve dustin reunion..... everything wanted damn.... white eye , yes get another byers power show ... cant wait cant wait nov26",1
byler attendance check,0
steve dying im not ready!!!,-1
,-1
theyre repeating format every season. hope better season 5 vol 1. final season god sake.,1
mileven broke up?,0
not seeing looking trailer yesterday!,-1
"die , die no",-1
gonna awesome,1
please dont let die die next not horse,-1
love season nancy hair gun keep getting bigger lmao,1
stranger thing droppin day show 122525. album title broken but chosen,0
derek vecna,0
heartbeat going faster watch post credit scene series not ending... duffer brother,1
kali attacking hopper,0
please dont freaking die!!!!,-1
"die, die.netflix gonna deliver u depression christmas!",-1
yeeee.,0
delightful derek,0
049 wasnt dead vol 1?,0
vamoooooo,0
nancy rambo,0
yeah steve dustin gone,0
black screen next scene steve dustin dead end beginning play background everyone cry,-1
less hour gang,0
everyones acting like life depends tbh mine does!!!!!,0
need od erica sassy girl,1
look like stinker ngl,-1
"so, rumour true. havent yet seen single shot finale episode!!!.. gonna peak.",1
59 minutes.,0
vecna giving grinch vibe cant take serious season.,-1
im not ready,-1
"betting money byler not canon, but want see show take finale",0
wow,0
nancy always walking,-1
steve,0
swear vanishing duffer bros really happen die die come true,-1
die die no please,-1
less hour gang,0
die diethis gonna peak,1
aaaaaaaaaaaaaaaah,1
no shut,-1
"die, die shiiiit year ?? better not",-1
please no one die....i dont want cry new year eve,-1
really hope im falling typical trailer tactic but see joyce holding cry cant help but think hell jonathan?,-1
dustin anf steve r back 137,0
peak,0
,1
else early???,1
sure death steve hairington,0
help stawp wasnt ready no enough,-1
die die ????,-1
peakkkkk,0
forever st lover,1
steve harrington dy wrap,-1
steve dustin,0
vol 2 gonna goted!!mark word !,1
none dy,0
"die, die two get blood them, duffer brother die",-1
pure goosebump,1
point christmas side quest main story,0
t peak already,1
"no sign byler ,,,, finally... mileven endgame.",0
welcome derry,0
agh cant wait,1
going peak,1
umwatched b4 1hr really waiting,0
hype,0
many time watched this?me yes,0
think nothing would happen steve dustin dustin still stiff face steve..so still rift going hug scene didnt come..may saved near death experience make dustin hug steve cry emotionally..i hope,0
everything weve ever assumed upside dead wrong?i sense plot coming guy,-1
050 thought wheeler couldnt get cooler,1
die die no pls no,-1
cant wait nonsense end.,-1
"time, new world tuff",0
"die , die dustin henderson steve harrington",0
"cant lose steve dustin. theyre bros life. dustin gotta live, eddie.",0
"die, die. damn instant tears!!! lovely see two back together again.",1
"guess voldemo..ehm, vecna die 11 cry couple minute trying poop, killed power love friendship? would unexpected",-1
atleast dusty steve together,1
dustin better not die. he favorite male character,1
58 min omg,0
055 walk em wheeler strike,0
mean die die??????? meeaann please dont tell violent death dufferd reffering vicky .. girlie not look good position rn,-1
crazyyyyy,1
erica!?,0
"no plsss not die, die",-1
getting time travel vibe,0
im excited!,1
peak,0
"finally! waiting trailer..... die, die. oh nooooo no!",-1
done derry volume 2 need pick slack.,1
"naah man whats die , die shiiii die , goddamnit die",-1
027 visuals liminal space ohh god love sm,1
"die, die, please dramatics, let hope make alive!",1
intense thing ive ever watched.,1
8 go badddd take hopper like that???,-1
"duffer brother shawn levy trust. dearest, byler, please dont betray us. love, delusional",0
,1
part nancy shoot military iconic,1
"steve dusting die, dead forever always",-1
135 no god please no,-1
ted walk em wheeler gonna smoke vecna,0
no dont say die die,-1
run hig,0
"steve die, die. dustin die, die.someone duo die, telling shxt def break hearts!!",-1
less one hour squad gather,0
die die.,-1
jez badass show ever woooo cant wait but wait,1
yeah not expecting another trailer,-1
getting hotter hotter,1
goated series reason,1
omgthats going insaneeeee,-1
steveveveveveveve dustinnnnnnnn noopooooooo,0
watching hour,0
"die, die? dont dare!!!",-1
120 wheeler house holly memories??,0
im cry already im not making final,-1
go crazy el,0
,1
oh goddididhf,-1
die die wow,-1
"033 listen guys, upside like corridor worm whole demogorgon travel normal hawkins. venca kidnapping 12 child strengthen wall wormhole. said mr. clarke wormhole extremely unstable. saw wall surrounding whole hawkins center upside hawkins lab, cause thats portal dimension x located. whole upside passage wormhole. remember eleven send dimension x mean opened two door one upside one dimension x but whose door located upside hawkins lab shown trailer.",0
bylerrr,0
shit shit shit shit scared excited time,1
oh god,-1
know scared steve dustin dare,-1
gonna die,-1
mike safest character rn,1
dammmn finale shouldve released theatre,-1
"steve, dustin, vickie dead",-1
vecnas going crazy,0
someone not making volume 2,-1
nooo please,-1
hope max gonna wake,1
die die?,-1
steve dy riot!,-1
dustin steve die die dont dare fuckin die,-1
going memorable christmas ever experienced.,1
not even ready much gonna cry episode,-1
drue brutalno,0
"steve dy , netflix dy",-1
"legend watched less 24 hour released, gather",0
end,0
no one die,0
click eletrocute demogorgon 135,0
steve dustin,1
"136 die, die well no?",-1
cant wait.,1
ive got goosebumbs this. ive never goosebumbs form movie,1
"fck yeah ! thats real trailer, no spoil !",1
hey henry dustin dont die ok,1
dont die dont die,-1
wow. but watching volume 1 volume 2 exam 2027,1
red guy vecna getting red mean dragon theory might become reality,1
going epic feel like one hero rise another one falls. cant see series ending without losing someone. welcome derry didnt disappoint hope one doesnt well.,1
mike dead asf.,-1
"excited af, lessgoooo",1
hope die.,-1
"die, die get tf dont pmo stop right two",-1
telling hospital attacked people still working,-1
"die die i, make duffer die",-1
going telling kid,1
holy peak,0
yo netflix derek still delightfull?,0
went marvel,1
dont want end oh lord,-1
"die, die excuse",-1
die die ima cry bro,-1
yes girl give u no byler content,-1
steve die wont watch show thats gonna give negative review ill hate show,-1
cant believe favorite series coming end,-1
die diedont u dare,-1
"die, die",0
ohhhhhhhhhhh,0
first hour,0
vecna find holly max,0
,0
either dustin steve dying sure,0
damn master piece,1
time passing like wind.......,-1
disturbing lack jonathan outside upside,-1
"die, die.... nooooo favourite duo",-1
"vecna find max holly hide cave but instead working henry finally decides face memory flashback showing memory henry getting infected mind flayer, picking container partial it, going upside first time, holly max running vecnas memory also explaining upside down, he doing, mindflayer want ect. cook no?",0
"need season 6, pls",1
139 el protecting sister probably destroying wall ????????,0
im scared max holly but excited ep6,1
"die, die",-1
showtime,1
chill,0
bouta squid game season 2,0
william ur socerer,0
steve please dont die,0
whove watching since day one like comment.,1
cant wait volume 2,1
"whole time,everything weve ever assumed upside dead wrongdustin",-1
omgomgomgomgomgomg,0
"nancy v armysteve dustins die,i dievecnas cool transformation max holly escapethat heart thing hawkins labdamn not theory predicted",-1
steve not scene group back together repeat steve not scenesedit nvm saw 108 least know he safe leaf upside least,0
dont dare duffer brother let steve die!!,-1
ein letzes mal,-1
watching welcome derry stranger thing look noob,0
realizing might loose favourite 2 charackters said die die,-1
i... not... ready,-1
omgomgomgomg omggggggg,0
"die, die dont f chance ...",-1
die die,-1
going full twist turn,0
new world,0
die die,-1
117 thats fing human fallinggggg!!,-1
hype unreal,1
found 56 minute release. didnt expect,-1
"percy jackson fan, say gonna pull luke, sacrifice save everyone?",0
expect extremely conflicting view want end. but dont think survive mace sacrifice,-1
040 feel 008 made deal vecna,0
superb,1
"die, diewe too.",-1
017 dialogue everything assumed upside wrong something going head . whats gonna happen,0
holly max nancy please safe,1
veccna,0
die suing netflix,-1
back,1
yessss goat back,0
hell nah man die die gonna ruin new year ! 138,-1
yes godd,0
"die , die u not dying",-1
iron flavored ice cream vanilla frosting filled pizza,0
"die, die already killed me...",-1
final ride. excited affff,1
"die, dieoh hell nah",-1
"stranger thing season 5 part 2 going peak tv part 3 four season streaming netflix. steve die, diedustin die, die im dreading hearing two say word other. im dreading going lose goated character badass hit netflix series. cant wait christmas new year eve part 2 part 3 stranger thing 20162025",1
"die, die no one dy get mad die .",-1
excuse dustin steve yall say!!!?!!?,-1
go,0
dustin no,0
nancy damn hot wheeler,-1
osm,0
die die ohh hell nahhh,-1
crazy!,1
nothing happen steve harrington love india,-1
volume 2 shut,0
"way start week!! duffer gonna make heartattack christmas new year eve, send bill? trailer one gasp another, omg",1
"not robin 3 clips...boy, scared",-1
steve dustins relationship peak,0
oh god murray alive ! sure goner truck crash ! 049,1
no way steve dustin dying .... god please,-1
introducing nancy wheeler rambo,1
giving vibe,1
nah dont dieeeeeeeeeeeee,0
happy im early,1
not dustin steve,-1
oh no please,-1
136 die idie,-1
could miss 54 minute,-1
"wth wrong die, diejust dont please dont",-1
030 best duo ever,1
"trailer second part premiere welcome derry finished, clearly netflix wanted wait patiently surprise us.",1
holy peakkkk,-1
die die?? nooooo not dustin steve plss,-1
"die, die",-1
please dont break heart,-1
fearful thing going happen cant anything dustin harrington,-1
guy ive weird feeling el gonna die mike going live happily ever after!!!,-1
"136 duffer brother bout make cry christmas day, dont yall dare play",-1
141 hopper saying comeon,0
vickie get killed demo dont get happy lesbian ednding im finding matt ross duffer im gogin give light tap back,-1
whole time everything knew upside dead wrong. bro chill cant wait dec. 25. 25. christmasjesuss birthday stranger thing 5 w,1
cant wait,1
die die,-1
dayum,0
"die, die no!",-1
die die,-1
"not even final episode trailer, thing seems getting lot crazier.",-1
die die hit different now.,-1
hour?! pls like!,0
jesus christ !,0
steve cant die need coworker spinoff robin.,0
135 hint ?,0
people saw within hour,0
pls dont die steve dustin plsss,0
"116 oh no, damn tight outfit millie talked",-1
llllllllllllllllllllllll . double tap listen...,0
,0
whereeee bylerrrrr,0
vecna not main villain,0
not netflix?,-1
else watching school hour,0
"die, die",-1
"die, die.how nobody dy please",-1
vegna kal el ....noooo!,-1
wow..,1
steve die diedustin die dieme please nobody fuking die,-1
"bored show, average, but time cant wait new drop, even though know work out. obviously.",-1
say no body die please,0
steve better not die!!!,0
024 peacemaker stranger thing confirmed???,0
bro drop volume 2 alreadyyyy!!! dont wanna wait longer,-1
crazy dude,-1
indian attendance quickk,0
nancy hot gun,1
note steve dustin no one die show doesnt ball,-1
cant wait vol2!,1
peak,1
yes vecna. see aura,0
u die die netflix gonna die,-1
"die, die",-1
holy f. steve dying,-1
"die, die. no cant accept that. nobody dies.",-1
"die, die die, die istg anyone em dy im suing netflix dying too!!",-1
true st fan came instagram reel,0
cant jucking wait,1
"way netflix, nonweekly episode release diabolical vv",-1
who falling 0118 ?,0
ready but im not ready,-1
max!! need improve ur stamen ! u gotta run time!!!,1
"robin,hops,el,008,dustin,steve,jonathan sure dead",-1
hour mate,0
"way didnt give damn holly, but im invested story. robin, erica holly thats want see.",1
save dustin,0
,1
going crazy 145,1
"die,i diedont die plzzzzz",-1
"die , die ????????",-1
"die, 1 die?!?! either die, netflix dy",-1
baaaaack,-1
"die, die ill pretend didnt hear that.",-1
like .03 second lucas kidding right,0
"dustin pacing around room, hand head oh god oh god oh god oh god",0
already rewatched unhealthy amount time,0
"dustin steve die, die convo",-1
like everything nothing,-1
finally steve dustin become friend,1
"die,i die..pls noooooo",-1
mean everything upside wrong? omg,-1
nancy walk em wheeler,0
wow,1
054 isnt stranger thing season without nancy badass gunning skill,0
nah bruh trippin see dustin steve die act 2,0
cant wait,1
yeah steve dying bro,0
"die, die. netflix duffers, want pay therapy",-1
season three quote canttt,-1
bylermas coming yeahhhsteve dustin dont die pls,1
136 noooooooooooooooo,-1
know better like 2 3 hour long episodes.,0
"011015 up. . . side. . . down. . . shot shown direction cool.ill admit stopped watching season 3 cousin last two episode season 4 camp played u last two finally rewatch, plus watch season 4 volume 1 season 5, might not get everything dont really mind spoiler might get watching trailer season ahead, but trailer look awesome.first camera mike look up, max come side wall side then, max holly shown looking something camera looking down.i didnt really notice anybody point thought really cool.",1
netflixindia release stranger thing seson 5 final episode theatre india also,0
"honest havent watched even single episode stranger thing web series farnot even one. surfacelevel information social media. but watching trailer today, reason felt deep inside something big going happen something intense final. feel like major chapter coming end. there inexplicable sense restlessness cant help but feel dont want die.....",0
"die ,,, die,,,, . og couple back",-1
trailer would better ate hotpot... really enjoys hotpot but im assuming joyce said money tight,0
118 dont tell robin gonna die,-1
1 hour gang attendance,0
there worrying lack jonathan scene theyve left upside down.,-1
30 day never felt long ...i need vol 2 now!!! cant wait more!!!,1
dying feel personal,-1
perfect thing watch christmas night party stuff! perfect christmas day,1
whatever take,0
gonna epic yaaaall,1
goosebump,1
guyss feel vickie gon die..,-1
unpopular opinion want robin survive,0
mike first time upside,0
"dang it, still no eddie return",-1
mindflayer bro,0
cant believe end neverending story,-1
"okay, saying failed, never stood chance cry joyce arms...this scene someone died went missing",-1
26 duniya khatam hai,0
"die, die",-1
holy shit cant wait,1
44 min posted,0
im back chicago,0
think jonathan gonna die want trailer plus ring wanted give nancy add theory gonna die later season,-1
die die nahh,-1
woohoo,1
ohh gawd,-1
oh gosh,-1
like whole season gonna happen next 4 episode,0
less hour,0
"die, dieme no",-1
"die, diesteve dustin, best duo ever",1
"steve dustin, die die",-1
intense omg im not ready,-1
"harry potter arc cedric handsome man dies, steve dead cant take it.",-1
im still scared hooper,-1
almost time suffering end,-1
"dont break heart steve, dustin character fan",-1
oh not okay,-1
look like upside shaping new running hill living it!!!!!,1
"die, inope.",-1
nothing better happens robin girlfriend,-1
swear pull squid game 2 u im gonna tweak,-1
will power one time thing? hoping would team el number 8 fight vecna,0
stranger thing 5 alone slap harder gta vi delays.,-1
"110 way mike looking eleven, byler not gonna happen ?????",-1
steve dy definitely gonna cancel netflix,-1
135 shock jock!!!!!,0
"want eleven diei want dustin diei hope vecna sealed not died. protector hawkins.flash forward, present . mike happy reunite friend legend upside down, passed next generation. stranger thing new thing new cast different spin",0
im praying dustin steve survive last duo adventure,1
vecna glitching looked insane,-1
crazy bro,0
omg,0
"no die die, let meth head skeleton girlfriend die but not two",-1
"calling it, johnathan one dy cuz no idea else character.",-1
fine dandy but anime war 2 start december 20!! know know!,1
maybe someone main group actually die time,-1
lettt fricking gooo,-1
steve dy season 6chapter one vanishing duffer brotherschapter 2 destroying hawkins.chapter 3 memorial everyone.chapter 4 reincarnating steve harrington.,0
die die no die die !!,-1
"sure, let write argyle show bring back unpopular character season, even though totally didnt to. guess ego couldnt handle one misstep season 2, need desperately try redeem character.",-1
mother god,0
please dont die,0
112 yes knew likely vicky,0
"na na na naaa, na na na naaa!! hey hey hey gooooodbyeeeeee!",1
,1
no one talking el asking kali help!,0
"shock,jock guy 134",0
fcked,-1
gonna insane,1
"max get there, shes much already",-1
wait wait wait not ready ooh god,-1
cant wait longer,1
"die, die",-1
hospital scene nooo,0
made stressed.,-1
"119 robin, please dont die!!!",-1
cooked,0
not die die please not prepared,-1
no no no noo please dont 136,-1
53 minute early,-1
think max wake hospital scene,0
no not steve,0
134 thats one demo killed,0
die die,-1
know episode gonna insane,1
tamil audiance,0
max holly free yayy!!! but steve dustin.....,1
dont die,0
team harrington assemble !!,1
vecna saying time 25 december,0
hour gang,0
woooooooooooooo,1
die die please dont,-1
no dialogue trailer mike,0
ending year gonna crazyy,1
"holy shi netflix release fricking series early, wanna watch",1
,-1
nancy back not hurting size ball carry around day,-1
sent school bathroom watch omg ahhh,1
cannot,-1
stfu no one dying...,-1
witnesse insane thing right thats called strange thing,-1
lucas die,-1
bro everyones cooked istg,0
epic trailer!!!!,1
107 ohh god ....so coolthis intense,1
nonono not steve dustin shut uppp,-1
steve plsssssssssssssssssssssssssssssssssssssssss,0
die die!,-1
"126 time, holly ?",0
new honest trailer funny geroot want shove root kid mouth thats nasty,-1
"okay im terrified. terrifying. great. brb, im crying.",1
lesgooooooooioo,0
mr whatsithenry taken mindflayeronevecna shot 120,0
first hell yeah second dont die please,1
sorry but nancy taking army abit far fetched....,-1
nancy jus becoming rambo,0
guy demo heading straight robin 118,0
holy mother god.,0
vecnas heart ?,0
die die,-1
jonathan,0
oh god,-1
think vicky die,-1
"oh god, nancyyyyyy",1
pure goosebump,1
,0
"die, die duffer brother warning you,. dont anything them.",-1
vecna not true villian aware will painting season 4,-1
"5 seasons, mike wheeler finally upside but not hurt istg",0
yuhhhhhhh,0
"steve dustin definitely not die but do, itll kinda iconic tbh",1
damn thats fire,1
imagine vickie dy,-1
let fricking gooooooooooooooooooooooooooooooooooooooooooooooo,-1
"135 okay, wth, why????139 but whyy???",0
"die, dieif happen die",-1
co incidence today finished welcome derry strange thing 5 vol 2 trailer,1
"die, dieenough",-1
dont u dare touch bros!,-1
not dustin n steve,0
,0
2 hour gang,0
less freaking goo baby vol 2,-1
cant believe gonna less month,1
caught less hourr,0
"032 version tv show dark, dark mattertime travel ball???",-1
steve dustin,0
"die, die bro better not die.",-1
finally steve dustin back together tt,1
absolute cinema tv! cannot wait!!!!,1
no vickiee,-1
hope everyone dy n vecna win ..lets go!!!,-1
but doesnt look like stranger thing trailer,-1
rrrraaaadddd,0
052 oh murray.,0
trailer fake..!!,-1
going scary everyone survives.,-1
"die, die bro stop. stop now.",-1
wow scale !!,1
,-1
gonna epic!!,1
sure hope good guy really dies. give shome weight.,-1
let gggggggooooooo!!!!!,1
"sponsored dubai! come sand, stay youve kidnapped.",0
well steve dying trailer sure,-1
early,0
"die, die im gonna lock cry death",-1
people 1 day let gather,0
omg,0
not,-1
123 holly back wheeler house mean max yesss,1
wait dustin steve going die???,0
dont regret spending pocket money netflix,1
busted,-1
turn nurse next lucas holding max demodogs actually vicky,0
"time travel, time travel",-1
oh oooh!,0
robin two clip please dont die twin,-1
steve swear die!!,-1
"die, die... not dustin steve",-1
oh godddddddddddddddddddddddddddddddddddddd,1
"damn find episode come christmas evening hoping watch family christmas morning, oh well",-1
die die,-1
comment forever,1
wdym die die!?!,-1
"linneas return, robin girlfriend spot demodog, mr. whatsit turn 001, dusteves return, volume 2, not ready, repeat, not ready",0
"pleassure serving years, thank you. john cenayou die, die. steve dustinplease dont",0
mokka commentary??,0
like watched within 2 hour releasing,0
steve not truck,0
not expected 2017 first watched show,-1
"omg, one think nancy fire",1
die die,-1
got chill nancy omg! 054,1
ahhiauahagahgajaga,0
lit trailer,1
god damnit stop giving u blue ball already freakin killing me!,-1
season 5 volume 1 uff holy best acting,1
die dy now?!,-1
die die no please no 107 109 mileven 112 ohh please nogodd hope lucas dont die,-1
holy hype,0
cant wait no one die please,1
steve gon die,-1
"thought steve going die, but guess dustin might going too.",0
ready,1
less goo,0
"die, dieno no no dustin, meant die, die, duffer die.",-1
basically johnathan going die save steve dustin,0
"die, duffer brother die.",-1
fck crazy shit,-1
fulll makachikiiiii !!!,1
no dustin steve please noooooo,-1
136 die die......... bro nooooo,-1
jamie,0
1 hr,1
already know gonna die,-1
die die....you guy taken oath seriously.,-1
omfg,0
ohhh goddd cannot waittt,1
time,1
omgggmgmgmmgmgmm,-1
nancyyyyyy,0
sup,0
1 hour gang attendance,0
u die die suppose mean going die what. please dont,-1
stranger thing child safeit welcome derry child dead,0
give u already!!,1
"please finish story cause, forgot previous story.",0
early,1
nancy walk em wheeler,0
think peak time,1
glad gave u og duo back,1
hope jonathan proposes nancy!,0
gonna epic,1
"hey guys, might sound like silly question. but stranger thing really worth time watch?like would guy rate show? heard mixed review fans. iv seen many show different sources. hbo, netflix, amazon prime, hulu. genre like action, sci fi, horror, comedy much more.",0
die die noooo please die sue !!!!!,-1
best trailer yet one released.,1
absolute cinema,0
seriously ! die die!,-1
cannottttt wait,1
die die. no shut,-1
legend,0
nancy thing,0
still shocking see eight three damn season,-1
dont die,0
remembers season 2 episode 7 ?,0
plz dont die,-1
brick bc said greatest coming soon!!,1
insane,-1
naaa steve dustin,0
nancy fire shot goosebumping right body,1
"118 ridiculously hilarious demodog go straight soldiers, completely ignoring vicky.",0
"die, diedont die",0
50 minute post release troop!,0
hopefuly improvement volume 1.,1
"please opposite game thrones, great ending become one best show history.",1
"no no no...steve dustin cant die. no, thats not happening !!!",-1
demodogs come back dart needs. good guy,0
die die aww cute,0
die ass!!! must live shut up.,-1
no l nlo,0
finally nancy something gun epic,0
die die,-1
last goosebump,1
nah tf max jumping window. like thought like unreal world theyre in.,-1
"die, die line broke",-1
"vecna said time thousand time point. like, ever really time???",-1
,-1
im scared shitless but best possible way!,0
014 hell knew holly wheeler gonna open portal,-1
"finished watching volume 1 exams, got this, okay, could wish next",1
"steve dies, fuckn unsubscribe netflix sure",-1
im sad see end coming soon,-1
steve dustin dont saying,-1
exactly 10 day reminder put,1
thing like stranger thing blend song show,1
no one dieing fku netflix,0
"waiting days, thank you!!!!",1
"welcome derry really gave yall competition finale, well wait see top",1
keep calm,0
"die ,i die",-1
people within hour,0
aaaaaaa im excited,1
steve ur scaring u,-1
shove salt vinegar pringles full tube arse,-1
cant wait see rest,1
hopefully isnt bad first volume,0
steve dies. istg,-1
im far autistic bro nobody want speak next 10 year,-1
steve dustin cooked,0
disappointing ending great show,-1
steve dustin baaaaaaaaaaaack holy f..........!!!!!!!!!!!!!!!!!!!!!!!,1
many fake death going do?duffers yes,-1
die die no die,-1
im sobbing cannot end,-1
"steven dustin mean die, die ?!?",-1
"one side many trained soldier , side goated nancy",0
135 damn! demo gonna mad,-1
stranger thing emotion agree,0
look like vecna grow wing,0
byler bone mileven canon,0
49 min ago,0
oh wow hi,1
"really said vecna wont leave alone, ill become worst nightmare.",-1
time!!!,1
"die, die",-1
oh wow,1
im loving it!,1
backkk,1
"die, die ok, but maybe let not.....",-1
stop trailer early theyre showing lot.,-1
shave el again?,0
let goooo people right holly using portals.,0
im not ready but also ready time,-1
die die oh god im cry right,-1
pure goosebump,1
immediately clicking notification,0
"felt goosebump nancy pulled automatic rifle, shes lowkey cooking them.",1
entire gang literally avengers!!!!!,1
nobody die,0
136 please nooooo,-1
wtf mi mind blowing much,0
steve dustin combo together want,1
"die, die , got real, swear god, someone else going die too.....",-1
woke sleep surprise..when dustin said everything upside dead wrong..i godsmacked..poor el fighting bad..i dont think el mike would meet again..nancy badass is! not ready anything thats gonna happen steve dustin..why give quick..no,-1
watch best trailer ive ever seen life?,1
"die,i die.",-1
hopefully every last one hawkins hero survives vecna upside dimension,1
every damn trailer get goosebumps.,1
holly good actor,1
whatever take,0
hey man studying hopped youtube minute caught banger look like gonna amazing but s3 flashback u die die cant true fr,1
byler pls,0
omg im not ready,-1
108 bylers gonna take scene context feel nape neck.,0
nancy bad as cannot wait,1
die die....haunts,-1
cant wait!,1
146 vecna bone like really big bone,0
no steve no,-1
"youre gay wizard, harry! istg series end ending game dd will imagination im gonna pissed.",-1
"going amazing, stranger thing best series ever!",1
omg no steve dustin,0
"steve die, dustin die, dustin die, die",-1
"steve die, die.dustin die, dieme die, duffer brother die.",-1
dont understand die die mean stave dustin game series completed please continue movie stanger thing series aura leval 100000 continue series one best series world much l love series but time feel sad know im sad last season please guy continue movie im writer anything help help,1
"u die,i die u die,i die u die last day netflix",-1
swear steve dustin die,-1
no die die excuse,-1
026 holly heroic teleportation door,0
steve,1
"oh shit yeah, lezz ggggoooooo",-1
hopefully steve dy,-1
going best christmas gift ever! thank netflix stranger things!!!!!!!!!!!,1
video,-1
die die s3,-1
"die,i die no",-1
nancy huge gun hell yeah,1
w,0
guyss already giving chills... imagine last episode. season 5 going destroy us. absolutely dying together! stranger thing final season insane!,-1
erica?,0
omg love,1
032 watch thing called heart upside something,0
ah yes dark s4,1
die die...............instant tear,-1
mindflayer please,0
steve die die dustin die die die die,-1
wild.,-1
"die, die...",0
hope see will power,1
feeling vickie gonna die smthg thats robin hospital,-1
"even god particle rippling thingy, like dark had. hope doesnt end similar fashion.",-1
stop wishing death please,-1
exited,1
steve dustin fan,1
rey em plan cheysaaru babumind potundi......raa swamitelugu audience,0
omg wait going over.... cant wait witness mysterious ending.... maxxxxx,1
cant wait,1
saying never stood chance oh goddd,-1
praying god robin steve dont die,0
"much awesomeness take in... remix diana ross plus gunshot time music die, die",1
pls dont let steve die,-1
copying dark,-1
want mike end eleven,0
word epic underrated masterpiece series,0
ok wild guess but heard first. bet vecna end free flayer end dock ock helping destroy it.,0
die! die ...,-1
whole 80 vibe went hell,-1
"im crashing out, going saitama arc, raising full as family 2026 anything remotely harmful happens steve.",-1
10 day chat!,1
"die, die..pls dont nobody die",0
true stranger thing fan get 2 hour,0
"confirmed steve johnathan die 1. truck murray driving 2. nancy, dustin , robin , lucas, people see truck",-1
bro upside insane!,0
"hero watched video less six hour released, gather",0
054 nancy applying pressure,0
oh god im excited,1
crazy,-1
dusty steve duo cant,-1
wished series never ended ! wish could wait season 6 ....,-1
"hot damn, battle nancy",-1
holy shitttttt 119,-1
anyone legend watching 2 minute clip 1 hour,0
endgame,0
"die, die",-1
1 hr gang lssgooo,0
hindi trailer?,0
no one gonna mention wtf thing 045!!!!!?????,-1
get heart broken christmas im writing email duffer brother,-1
anna boss!!!!,1
"nancy grown series. aint gonna marry dude, far strong independent era.",1
die die promising dialogue,0
die die!!!!!!,-1
im,0
know dont want die..... derrick! want live whole season.,0
119 swear robin dy,-1
found stranger thing brawl star hey anyone watch start vol 1 2?,0
"volume 2, havent seen anything finale.. wonder thats going be..",0
cant wait,1
"oh hell nah, die? die!? nah, aint gonna happen!",-1
greatest show time,1
look ahh welcom derry way better,1
"omg ! .....you die ,i die",-1
watched video today,1
"guys,will dragon people talk lot, threeheaded dragon,tiamat?",0
nancy badass! also neither die?,1
mileven endgamee also eleven better venca inn,0
avenger wali feeling hai bhai,1
050 need fight world order save worldhow fed is.,-1
136,-1
look like series getting deserves. epic arc heroism conclusion real battle good v evil.,1
byler?!?!,-1
"everyone talking die, die but demogorgan going towards vickie robin .......",-1
best world building harry potter starwars !!!,1
10... freakin... days...,-1
totally madness,-1
die die,-1
soooooooooo stupid. miss season one.,-1
cant wait,1
upside timeline.,0
less hour gang!!,1
face vecna changed bit.,0
ok guy steve sorry,-1
anyone watching video? shitty comment nowadays,-1
endgame !,1
gotta crazy time!!!,1
wtf watched,-1
"hour, ik ur hyped",0
guy nobody talking abt got no byler scenes?? 109,-1
"no steve, die, duffer brother die",0
omg,0
wheres derek?,0
055 nancy walk em wheeler,0
hour bro im licky showed top soon refreshed,0
hero watched 59 minute,0
die die inside,0
oh goodness im ready!!,1
gonna break internet sure,-1
die dies3 vibe,-1
"there no scene jonathan group trailer,,,i hope survives lead happy life nancy!",0
die dieme no one die please,-1
yo no way,-1
"excited new episode! dont know happens will. but know that, going showtime!",1
"hair body freaking standing,,,, literal goosebump",-1
super bhaijan ek number,1
"ok whatever spinning gate was, looked insane , kinda reminds black hole ... yea",0
saying line die die mean one die survive.,-1
cant wait volume 2,1
im confused rn,-1
ive seen stranger thing,0
"nope, not ready",-1
054 nancy walk em wheeler,0
nancy wheeler badass,1
not fav character saying die die,-1
theyve waiting use upside know,0
visuals sumptuous no one die please,-1
"not single screenspace shown trailer jonathan byers except 043 1sec, twist?",-1
1 hour,0
next year. theyre going halloween horror night house. guarantee it.,1
dead light,0
fight vecna el fight mind flayer think,0
stranger thing fan attendence like comment,1
yes watched less 1 hour,1
hell gojo pulling red middle,-1
not steve saying dustin die die! no no no no stop stop,-1
yipeeeee duo back together!,1
trailer say little nothing plot.it suggests dark atmosphere suspenseaction.,-1
cant wait watch,1
die die netflix also die,-1
getting serious,0
nancy mother,-1
"final campaign, campaign started all, nearing end.the final battle hawkins near....",0
oh god.,-1
less go,1
nancy rambo wheeler,1
oh getting much better,1
byler endgame also scared dustin steve,1
hope steve dustin survive,1
upside diana ross,1
117 dimension x,0
"character development nancy one best thing st, defenseless girl first season totally badass 4 5 season",1
dont die,0
"heartbroken die , die",-1
absolute cinema,0
whatt g,0
im thinking either steve dustin going die,-1
time,0
"insane volume 2 is, imagine final episode",-1
oohhhhhh sooo excited,1
die die thats exactly not supposed,-1
avenger assemble,-1
46 min ago babe,0
would max holly chance escaping ?,0
"die, die???? noooooo!!!! please!!!!",-1
w,0
"steve die, die dustin die, dieaudience die, duffer brother gonna die u",-1
die dieohh not!duffer brother danger,-1
omg,0
holy smokes. who nervous deaths???,-1
no please dont die,0
die die,-1
please dont die,-1
oh boy....,0
nancy goin crazy gun,0
.,0
mean die die,-1
"watched 1 hour army, vote",0
steve dustin u gonna die im gonna sue duffer brothersi cant handle broo,-1
omg,0
"die, die.omg love",1
volume 2 leader,0
steve,-1
109 byler happening jus look mike face eleven,0
"steve die, die dustin die, die dont die!!!",-1
bylerrr,0
nobody going die steve,-1
054 nancy giving rambo,0
aaaaaaaaaa,0
dont want end!,-1
im scared af,-1
nancy going full rambo mode got best part trailer,1
"love die, die stood rushed comment talk see literally everyone else quoting lmao",1
good,1
literally goosebump,1
"die, dienooooo not dustin steve",-1
hi,0
every youtuber let brake everything missed,-1
kid grow become worse actors? make no sense,-1
"damn, graphics..",-1
dont want end.,-1
like comment eddie come back life,1
bruh wheres mindflayer guy,-1
136 nobody dy,1
holy mother god,-1
dropping random monday cant aaaa,-1
"steve die, die.dustin die, die.me oh, hell no! neither you!",-1
gonna longest 10 day life,-1
thats sick,-1
1 hour,1
die die please nooooo steve dy dustin dy dustin dy steve dy . r cooked,-1
video littlery goosebump,1
got goosebump,1
im annoyed trying enjoy trailer soon dustin steve said die die someone started cutting onion right front face,-1
106 going die,-1
"yup, steves gonna die",-1
let go nancy wheeler,0
"die, die, riot!!!",-1
heyy you.yes you.stop scrolling.dont lose hope.one day everything alright..,1
ok..that confirms steve dustin die.why?,0
45 min early!,0
"die,i die",-1
lol finally brought back sister half fandom hated,0
favourite show ending,-1
30 min upload,0
136 goosebump,1
omggg cant waittt,1
ive never clicked fast life!!,1
steve dies...,-1
biblical,0
womanpower,1
"people want diddy series, like",1
thats folks. end!!!,-1
mother holly god,0
"nope cant die , harrington dustin",0
"die, die. noooooooo",-1
vecnas cooke vro,0
107 robyler omggggg,0
die die no broo,-1
steve dustin best duomost iconic duo,1
peak stranger thing,1
must bhojpuri version scene go viral,0
die die....!,-1
give nancy baddie chain,1
"die, die.well thats case, im right joining",0
oh goshhhh cant wait !! hope no one dy,1
steve gonna die?,0
136 duffer dare not well hope recreation famous scene dustin said noe steve saying oh god incredible,1
im gonna cry love,1
oh god please not dustin steve,-1
omh omh,0
welcome derry stranger thing,1
dont die pls dustin steve,0
dj vu die die said two goat,0
jonathan?,0
"die , die",-1
"1 million views, 300k view",0
noo cant believe over!! grew show 33,-1
vol 2? ready?,0
give fuckin show bruh please,-1
no wonder steve jonathan still fighting nancy pull military like,0
"will, eleven, eight v vecna finale would feed family",1
wheres theory guy?,0
almost end...,0
die die tf?,-1
nooo dustin steve,0
istg dustin andor steve dy,0
byler canon,0
enjoying goated ahh trailer realizing last season like tf u mean im expected see no new year?!?!????,1
no one gonna die,0
"die, die , anything happens them, ill sue netflix. gawd",-1
steve dustin,0
1 k like per minute,1
power promised 3000 year ago?,0
upside going back time,0
steve gonna die,-1
"shoot, hot one interview wasnt joke.",0
omgg,0
anyone else notice delightful dereks absence?,0
time save world all... appreciate christmasnew year gift.,1
"steve dustin die, die. happens right never using netflix again.",-1
"die, die dustin harrington steve henderson",0
please release fast dying experience,1
wtf intense,-1
stranger thing dropping trailer right welcome derrys finale genius!,1
woah,0
nancy walk em wheeler back,0
112 dart?!?,0
....,0
helll yeahhhhhh,1
cant wait see max,1
oo steve please dont godont leave u,0
hopefully little theyre keeping role last episode secret,0
dustin everything ever assumed upside dead wrong.something crazy coming...cant wait....,1
early,0
total goosebump,1
steve die diedustin die die um no ?,-1
dustin steve finally stopped arguing,0
"steve die, die dustin die, die u either die , duffer brother die.",-1
realised something,0
send erica upside down! fix all.,0
"die, die.were gonna die",-1
"die, die stawppp please",-1
well show know build hype,0
waiting saying run!!!,1
red orb wormhole?,0
kali,1
009 kissing scene??can someone tell me?,0
10 day go live 11 day midnight,0
"getting robin, mike trio?? hell yeah",1
watch ipad...orrrrr wait im home new year day watch together oled lol,0
026 anywhere door,0
theory ?,0
omg,0
"guys, auditioned s5, tuff, yk?",0
"yeah man 105a demogorgon reached vickie....118 robin too....there no way vickie going survive...she going die robin arm saying something like dont worry, not going die yet....remember got date??",-1
die diewe ride together die together bad boy life,0
miss u dustin steverip,0
"die, die abt like no? no?????",-1
"nancy rambo shit getting cringe af ngl , shot one glass bottle season one since john wick ok writters get",-1
"die, die .....no no no no no no no no nooooooooooo",-1
skibidi sigma byler endgame,0
im tweaking,0
"noooo... die, die.. going wronnggg",-1
cant watch depressed lost kid gonna epic,1
"guy rejoice, not single bit mike mentioned, byler dork shutup",-1
op,0
please take steve out!!!!!,-1
going epic,1
welp. screwed.,-1
"105,119 pray robin girlfriend",0
"hum trailer nehi dekhenge, hum comment karne aye hay, trailer ki kya zarurat thi, sab spoil ho jayega",0
omg im screaming...... finally,1
byleer,0
vecna look monster rib cage maybe piloting child held,0
omfg look unreal!!!!!!!!!!!! soooo excited,1
idiot internet claiming vecna good guy.,-1
holy shit,-1
byler byler byler byler byler,0
"buckle up, one last trip hawkins yall",0
pennywise solo,0
bomboclatttt,-1
meow,0
bylers please hold,0
aw think steve dustin die,-1
"dusting steve dies,we riot button",-1
going die...,-1
,1
"die,i die",-1
43 minute gang,0
1h,0
yo wdym die die,-1
bro,0
oh. my. lord,0
netflix need change preview,0
noce,1
bro im hyped helly,1
"die, die. yeah bye dustin steve yall missed",-1
everyone watched instant notification drop like,0
,1
lfg dont want show end,-1
time......for new world.,1
im getting endgameinfinity war vibe music trailer,1
imagined scene henry slowly transform vecna show holly wow!,1
"mark words, upside bridge connecting hawkins dimension x",0
max holly yasss,1
fire,0
mythical refresh pull.,0
"134 let goo shock jock theory debunkedit foreshadowed steve would electrocuted shock jock since first episode nancy hinted him, telling not get electrocuted turning power climb tower radio station",0
yoooo,0
die die,-1
ughhh,-1
055 walk em wheeler,0
doremons magic door? 024,0
steve gang,0
"not watching every interaction mike eleven multiple times, figure pairing gonna endgame",0
"hero watched video less one day released,gather",0
oh,0
steve dustin..absolutely not.,-1
"136 die, die die, die",-1
come bylerrr,0
istg,0
die fuckin riot steve!!!!!!!,-1
"die, die doesnt sound pleasing",-1
im chocked,1
loving nance gun team!,1
wow wow wow,1
"much want see rest, not ready emotional damage dammit cooked guy",-1
"die ,i die. wdym netflix",-1
hour,0
1 hour gang,0
105 vickie gonna die sure,-1
die die part not ready infact noone ready,-1
holy shit!! got chills!!,-1
"die,i die thanks netflix.. im not gonna watch",0
noo steve noo,0
"die, do, no dont, neither please. also look insane, cant wait masterpiece",1
peak thing incoming,1
,1
dont die,-1
james digga die,-1
", . , . ,",0
let cook,0
"die, die not omg",-1
cant wait bro 11 day wait,1
im glad exam finish 23rd watch 25th stress free,1
door real,0
rip steve,0
well steve dustin dead,-1
025 going rescure peacemaker ???,0
time,-1
bro im freaking hyped watch finale era but also feel sad know duffer brother let one character loved die,-1
43 min ago... crazy,0
dont dare touch steve say unison,0
"oh nahh wdym die, die",-1
046 crazy brake throttle,0
dustin steve dont dieee,0
"steve die, die dustin die, die please dont die",-1
omg cant wait but scared,1
omg finally,1
netflix said gonna give best damn christmas present youve ever received,1
upside,0
waiting waiting bro,0
no not mama steve dustin!,-1
delightful derek??,-1
trailer know series never forget,1
season gonna miss henderson steve combo,0
054 let goo nancy wheeler,0
"die, die, volume 2 gonna break u",-1
,1
die die fine. bruh. got sobbing,1
please release upside remix,0
less hour released!?,0
excited finale,1
noo nanathon 138,-1
135 steves death?,0
213,-1
throwing,1
yeah steve cooked,1
steve diei die,-1
ah shit,-1
die die nooooooooo plsssssswe going witness swag every one,1
steve dustin backkkk,0
053 wheeler became john ramboo. literally,0
"harrington henderson mean die, die sybau",-1
1 hr gang like,1
135 nahhh bro nahhhh,0
balright,0
"no dying time around, pls. thnks.",0
031 mother god,0
peak coming,1
take dustin steve dying... but both?! hell naw,-1
damn,-1
meu deus,0
die die,-1
nancy badass wheeler... holy sheeeeeet... love,1
136something telling steve dead,-1
holy mother goooooooooooooooooooooooooooooooooooooooooooooooooooood,1
"die, die mean",-1
mother god.father upsidedown.,1
steve no man dont die!,0
nancy rambo,0
"die, die, like titanicyou jump, jump",0
!!!,0
eleven got shaved head again?,0
"die, die, bro even die die anyone steve dustin",-1
ohh cmon please dont buzz eleven hair,-1
byler endgame,0
"die, die noooooooooo!!!!!",-1
"max please wake volume help everyone last volume, please!!!!",1
speechless goosebump excited smiling amazing im excited christmas,1
cannot wait boxing day,1
another 1010 season season except season 3 910 ngl,1
die plssssssssss dont this.,-1
"die, die!",-1
"why, dont make birthday traumatizing meeee, love character much!!!",1
r.i.p steve chain,0
"steve die, die dustin die, die dont die!!! nah bro, no fking chance!!!",-1
42 minute ago probably earliest ive netflix drop thats fun ig,1
"40 minute trailer 280,000 view",0
series never die,1
excitement skylevel,1
steve dustin icant,0
cant wait anymore this. 25 december feel like long time.,1
"part dustin hug mike, he defo hugging steve died",0
one last code read,0
netflix production look cartoonishly bad,-1
dustin steve scaring,-1
die die.hell na no please,-1
walk em wheelerssss,0
omfgggg backkk,1
050 look like old sarah connor v young sarah connor,0
time new world! eu todo arrepiado,1
ready!!!!!!,1
"die, die kidding me?",-1
max sacrifice holly ill not alive till 2026,-1
107 thats soooo badass!!! letsgoooo will!!!,1
broken christmas day but im it. let goooooo,1
side down..,0
omg yesss im excited,1
jump jump final flash thankxx 60 subscriber,1
"jonathan doesnt noble sacrifice save give ring steve marry nancy, shall riot!!!!!!",-1
hope see mindflayer,1
feel like avenger end game,0
guy holly house assume escape steve dont die!,0
"within 1 hour, going best christmas new year ever",1
mother god.,0
watching,0
drop season alr mannn,0
"die, die not ever touch oh goddd",-1
"die, die tht line hit mee",-1
vecna servant true queen.,0
fu...king awesome,1
much process within 2 minutes.,-1
who back volume 2?,0
eu amo,0
india,1
gonna epic!,1
upside not thought,-1
touch hair steve dustins head face consequence netflix.,-1
never early trailer but im god damn hype rn.,1
plz dont king steve,-1
yessir,0
u die...i die,0
omggg chillll dawggg,-1
"die, die",-1
137 please dont let happens every fan end trust,-1
"die, die",-1
holly max duoa duo never expected well,0
possible shit excitement ? asking friend,-1
steve harrington proving he standard!!!,1
who ready see eddie return!,1
watching family make christmas bearable.,1
"hero watched video less 1 hour released, gather",1
"kali el teamed upvecna kalel, no!!!",0
friend,1
going nutsssssssssssssssssssssssssss,1
"die, die haunting me!!",-1
nancy handling gun fav one,1
"dustin loos steve too, steve going die, cry",-1
steve die die !,-1
dying watch first volume but cant cause im freaking exam uni dont want rush,-1
omfg no no no no no no no,-1
"steve die, diedustin die, diemeanwhile okay neither die ?!?",-1
30 minute dedicate,0
"die, die no no no no no",-1
"wow, nancy willing shoot soldier",-1
expectation peak level,0
steve dustin better not playing emotion swear fr pls!!,-1
noticed barely showed mike..,0
steve die. netflix subscription die.,-1
please save steve dustin,0
"guys, think saw vecan isnt real vilain",0
"please netflix whatever do, need vickie robin get date enzos.",0
aaaaaahhhhhhhhhhhhhhh,0
hero 1 hour assemble,0
epic shiii,1
w,0
"oh, not gonna merry christmas.",-1
dark stranger thing,0
die dienah season gonna crazy but finale gonna insane,-1
hmmm,0
"shit doesnt look like stranger thing bro. happened show tho. no one die, duffer brother coward anything",-1
brrroooooo,0
stranger thing season 5 not let pas exam,-1
"die, die bro mean",-1
ngl vol 2 look like gonna even banger,1
eagerly awaiting next episode dont want separated series. hope happy ending,1
omfg,-1
nancy literally 1 woman army point nancy walkemdown wheeler,0
finally camee,0
seems like majority vol 2 upside,1
steve diee,-1
meu deus ceu,0
gang real,-1
jonathan gonna die 100,-1
ooof,-1
die die,-1
lfg!,0
bro im excited let fricking goooo,1
u die die.. missed volume 1...l3gendary duo back,-1
turning cod?? pls no,-1
"die, die noooooo",-1
"show went top, it.",-1
40m,0
138.. that.. jonathan nancy????,0
wooooo steve dustin back....wait...what.....no no die die dont die pleaseeeee,1
"alr, bet gonna break internet",0
absolute cinema,1
aaaaaaaaaaaaaaaaa aaaaaaaaaaaaaaaaa aaaaaaaaaaaaaaaaa aaaaaaaaaaaaaaaaa aaaaaaaaaaaaaaaaa aaaaaaaaaaaaaaaaa aaaaaaaaaaaaaaaaa,0
soooo cant wait!!! nancy look like rambo daughter gun hair,1
054 nancy not die,0
everyone literally wait,1
deligthful derek not shown??,0
die die bro please dont,-1
walking em wheeler,0
vickie going die isnt she..,-1
nancy became sarah connor?,0
"die die steve dustin come hopper much more, body gonna drop season",-1
stop rewatching around,-1
dayyummm,1
walk em wheeler,0
steve dustin bout new glenn abraham lmao,0
"ayyy duffer brothers, even touch steve dusty bun, im suing yall f",-1
needed long trailer,0
yooo,0
pray babysitter,1
trailer came week five day early. left dustin steve came agreement said die die. dont think anything else! netflix already something characters. im going jump plane january go united state there no better ending im going go straight netflixs office criticize it. scriptwriter going write series 2025 got. writing best characters! best series!,0
"steve die , die.dustin u die, die...it hurts.....",-1
holy shit,-1
"die, die dont u",-1
"die, die no please no stop",-1
seems like dustin gonna die,-1
hell,-1
im soo excited.,1
108 accent slipping,0
die die nobody dy thatll better heart,0
year christmas new year eve memorable ever,1
vecna throne.... im impressed,1
set playback speed 0.3x.thank later.,0
havent seen stranger thing forgot season 5,0
please stay away steve dustin,0
let gooo,0
omg omg omg omg,1
legend 40 min 031,0
want alive character,1
king steve,0
ahhhhh,0
"dont want die, but got horrible feeling someone going",-1
ok,0
omggg,0
steve dustin ...lets see whose gonna,-1
die die ? dont even dare touch steve dustin!!!!,-1
robin byler,0
doakes surprised gif,0
please dont die dustin steveand everyone...,0
,0
"last scene vol1, hoping see will! hope he not trailer much scene would spoilery not hell taking back seat again, would indescribably disappointing.",-1
nancy going sarah connor sarah connor,0
die... die... omg,-1
red entity reminds anchor control game.,0
"die , die",-1
"welcome derry, best series year!",1
no want season 6 well,0
amazing,1
dont touch dustin steve!!,0
im gonna pas,-1
im watching video,1
end dead im gonna sue duffer brother,-1
boy ted walk em wheeler derek smfo turnbow?,0
peak!!!!,1
wish christmas would come earlier,0
dead wrong knew itttt,-1
holy shi stake higher,0
"die, die. not ready okayyy not ready!!!",-1
"135 demogorgan like kid beef past life what, torture every time, jerks?",-1
spy dimension door,0
erica ??,0
t getting peak,0
everything assumed upside wrong!?,-1
136 happens gonna make duffer brother vanish meet hell keep torturing,-1
literal jaw dropped,-1
dd player get ready epic throw dice,0
"12 million demogorgan v american army, avenger level war, let goooooooooooooooooooooooooooooooooooooooooooooooo",1
"no one gonna die, but cant prove",0
nancy become trained military guy par actual military lol atleast little realistic,0
finished welcome dairy comming,-1
"die ,i die, yeah screwed",-1
1 hour gang,1
goosebumbs loading,0
im scaredddd,-1
"die, die. die",-1
nancy always strapped wheeler,0
finale released imax screen,1
plz tell u dat no one die volume 23,0
"stupid army, brought gun nancy smokeem wheeler fight",-1
ohhhh crap,-1
"man, hilarious, theyre cooking",1
make wonder win gunfight hopper nancy. become major badass!,1
"there one thing nancy gonna do, find gun",-1
yes yes yes rock best show ever,1
please..survive stevee,0
please dont die,0
"stranger thing paglus favourite character die die! 136by way favourite character , steve , dustin, vecnano offence",1
"die, die. no please",-1
im hypeeeedddd,1
thats genuinely crazy,-1
let go babyyyyyyy,1
duffer dead anything woman touch robin,-1
121 time new world... ...,1
wow,1
guy noooo worse thought,-1
113 talking here?,0
"37 minute ago insane, entire thing insane, what!?",-1
ohh,0
daaku nancy,1
dont touch steve,0
"die, die..",-1
steve dustin dont die!!!!!!!!!!,-1
043 dark mfkn metntioned raaaaaaaaaaaaaaaaaaaaaalso. much closer cry blyer delusion becoming reality,-1
insane.,-1
"hoping see mindflayer shadow form,but well wait volume 2",0
protejam steve e dustin,0
048 livesssss,1
king steve fan drop like,0
holly get,0
bro istg steve dustin die,-1
hope anything see discover commercial 27 time,1
going hell u bro,-1
good god intense trailer.steve dustin better make through.wtf angery red sphere energy?!?!? nanacy badass wheeler!!!!,-1
"38 minute late, f",-1
rate nancy put call duty warzone operator cause shes turned full shooter mode,-1
holy fcking sht,-1
bbbbbbbbtyufbbbbb,0
"dont see lot later scenes, im worried",-1
7 47 15 th dec .... 37 minute released,0
omg,0
pure chills! end beginning play,0
"seeing two favorite character saying die, die",0
118 demodogs might get robin girl ginger hair,0
people proud watched hour trailer released.legends!,1
predictions....not getting clue...cant understand anything...anyway waiting 26th december,-1
ohmyogdohmygodohmygoshhhhhhh let ! freaking! goooooo,1
38 min,0
"die , die dustin henderson steve harrington",0
eleven vecnas dad confirmed!!! 054,0
murray nailed,1
yes fck yes omg cant wait longer,1
"steve dustin upto no gooooood, appearing together whole trailer alone. one def gonna die",-1
136 ruin christmas night one...last christams gave heart but next day netflix threw away,-1
isss soooo peakkkkkkkk!!!!!,-1
"moment steve dustin dies, netflix going",-1
student shooting perfectly army sense less,0
way henry turning vecna myy god !!!,0
goat series,1
cant waittttttt,1
yesssssssssssssssssssssssssssssssss 38 minute ahahahaha,1
oh yes finally,1
back,1
finna best christmas everrr? ima get gift eat watching stranger thing,1
less hour gang,0
nancy aura ob van crazy,0
121 not safe bro,-1
"die, die. bout no one dy please?",-1
epiccccc,1
yesssssss,1
1.42 heck dimention x cracking,-1
upside diana ross new running hill,0
cant wait passively listen scrolling phone.,1
better watch back vickie robin die,-1
bangerr always,1
7 47 15 th dec .... 37 minute released,0
stranger thing didnt really hit hard last episode aura farming,0
0026 make sense! something related clarkes wormhole lesson door,0
fym die die,-1
upsidedown,0
"steve motherfuckers, anything happens him, killing all.",-1
vecna looking like took ozempic,0
resubscribe netflix watch series...i not single series episode,-1
holy shittt,-1
three main kid gonna die.... hoooooo god,-1
nancy lady gabbar !,0
bro crazy,-1
time new world,0
cant wait finale,1
bro steve dustin finally bros,1
t gonna peak,1
guy die die callback s3 russian elevator steve open one container dustin refuse step back incase explodes something. mean theyre getting along not theyre definitely dieing,0
v.diddy tweaking 118,0
less gooooo,1
finally!!!!!!!!,1
die dieno wayy die dustin steve,-1
025 holly wheeler max mayfield trap inside venca mind head door,0
thats cool,1
"die, die . yo wtf",-1
walk em guy !,0
"better not turn back rewrite time, thats ask.",0
nancy teenager high school girl ss1 badass female didnt even experience military training actual military combat yet still not hestitate fight whole army,0
flabbergasted,-1
holy sht! go,-1
took ted derek one solo,1
bro nancy,1
please god no 135,0
naaaaaaaaaaaaaaaaaaaaaaaa,0
omg hour,0
100 confirmed steve dy episode 5.,-1
hero dont wear cape carry entire series emotion fans.steve king,1
"thought 2 minute would much, but perfect! barely anything shown, but getting u excited",1
cutting onion,0
"volume 2 going end me, wont able bear",-1
"hope vecna kill all, extremely fcking annoying.",-1
please no one die,-1
notification needed,0
136 not steve copying dustins hat,1
anyone know demogogon jumped eleven 138????,0
dont die,0
failed . never stood chance,-1
619,0
136 shut steve,-1
think mike die,-1
steve dustin dead confirmed,-1
"goated, cant wait vol2. im excited scared",1
holy stranger thing,0
cant wait ...see,1
omg,0
"die, die",-1
people watched video less 40 minute gather here.,0
plz netflix dont touch steve,0
107 scene prob say run runnnnnnnnnnn,0
oh god not okay,-1
el,1
csmmmm,0
136 no....,0
wtffff,0
steve fan assembled,1
"steve dead , leak said die dustin barely survive",-1
11pm but oka die di neither please no omg,-1
die dieim sobbing nooooo,-1
ozempic vecna looking snatched ever,0
link make steve survive,0
nancy ou rambo??,0
everyone died die die scenegod know,-1
ozbeklar bomi,0
"vecna, noseless bastard! dont u dare touch steve dustin!",-1
not steve!!!,-1
insane got goosebump fear time mann,1
expecting see tiamat,0
im stressed exam but hell yeah,0
early gang,0
die die,-1
die die,-1
im crine mike el clip clip,0
"swear , duffer brother try touch steave dustin , ill make sure never start another show",-1
finished welcome derry waiting st s5 vol 2 waiting final ep,1
"die, dieabort! abooort!",-1
dont plea die die,-1
die dieim cry,-1
"die, die broooooo nancy freaking cool!!!!!",1
less 10 day away!!!,1
ending..... childhood,-1
baby vecna,0
finally duo back,1
one watched 40mins,0
lame story....very bad acting,-1
"steve die, die dustin die, die dont die!!!",0
wdym die die wdym!!!!!!!,-1
"die , die",-1
love alr,1
oh god peak,-1
holly peak,0
die die,-1
"001 , . netflix",0
oh.....my.....gawd...,-1
endgame,0
iam get excited pls dont make everyone die,1
mileven endgame omggg,1
nancy walk em wheeler,0
peak hello?,0
bro way fixed vecna design never not blow mind look amazing,1
"die, die screaming",-1
die die steve dustin r damn back 137 pls dont die,0
136 139 supposed mean,0
insaaane,0
helllll noooo,-1
112 thats max... right?,0
no one die,1
steve dy die,-1
meh,0
020 cooked bro,0
die die,-1
"055 nancy badasssssssand die, die omgggggg no not dyinggggg",1
"holy shit!!! trailer, least!",-1
rip steve harrington,-1
"108 guy see steve, less goooo",0
ohh chill,0
want watch thissssss,1
"die, die let not t",-1
055 genuinely shocking nobody talking way nancy firing gun better men spent 10yrs military,-1
freaking cant wait!!!!,1
let edit volume 2 trailer. editor trailer.,0
end 2025 year,0
g!!!,0
god sake marvel level,1
108 wohooooooo steve survives,1
chills...,0
want end beginning end stranger thing,0
dustins getting slimed like bob fear,0
"die, die helllll nawwwww ohhhhhh looorrrddddddd",-1
steve dustin omg stop,0
"hit theatres, crowd wouldve gone wild even upside wouldve heard roar . goosebump",1
no one going die.,-1
dutsin stave die.. sorry netflix last series. unsubscribe sure,-1
dont know itbut keep getting better!,1
wonder anyone importance die time gonna ex machina dem,-1
die die die die theyre dead,-1
aura,0
120 part look crazy,0
"108 lessss gooooooooooooooooooooooooo steve survives, see",1
,1
demo jumped straight robin noo plssss,-1
nancy walk em wheeler,0
god wait masterpiece,1
music sync firing bullet awesome,1
let goooo,0
know vecna building tesseract kid,0
beat visuals everything perfect ba duo ko kuch na ho,1
yessss,1
bos,0
let go finally,1
8 defo turning heel point,0
happen steves hair,-1
,0
"11 pm, ton stuff dead tired watched trailer im wide awake, like yeah, could study now, but brain absolutely not page...",-1
oh yeah vickys gonna die 100 trying save max lucas,-1
guy volume 2 fire,1
thats call trailer,0
lowkey cant wait volume 2!!!! 333,1
super,1
die die,-1
gonna eat good..,1
gonna crazy vecna eventually win,1
id like imagine duffer brother waiting use song,0
die dieno. respectfully effing no!,-1
35 min ago toe tickling,0
jsh,0
robin dy sue,-1
end era,-1
"oh dear, oh dear, oh dear! 10 day go!",-1
cant wait!!!!!!!!!!!,1
goosebump scenesss,1
started watching show last week finished 5 day literally season 15 new fan cant wait next volume,1
,1
spoiler !! jonathan no u !,-1
rip stranger things20162025,0
would love character die show. time stakes. no.more plot armor,-1
"die, die. bout dont die",-1
u die die.... nooooooooooooo,-1
need eddie back!!,1
run em nancy wheeler,0
"die, die.if happens done netflix",-1
hope stick landing half could really make break well show remembered!,1
omg plss,0
023 everything wrong,-1
steve dustin please dont dir,0
,0
nancy rambo byers,0
im excited!,1
im,0
end coming.,-1
tamil,0
duffer brotheryou nailed man,1
holy smash,1
goosebumps!,1
"die, die whats procedure delete episode whole netflix server!!!",-1
watched less 1 hour released,0
"havent even seen first 4 episodes, im completely dark",-1
omg showing much !!so sad ending,-1
dustin steven cant die,-1
steve please dont die,-1
ill damnedi guess one early one,-1
jonathan died,-1
136steve die diedustin die die please dont die one,-1
peak,1
"show cinema. no, predictable garbage. regret ever liking show",-1
cool!,1
ohhh yeahhh broooooo itsss timmmmmmmmeee,1
rahhhhhhhhhhh,0
omg,0
steve dustin guy better not.....,0
w,0
dont see much robin im scared,-1
"dear duffer brother netflix, dont dare touch eleven . girl much",-1
first hour button claim deny comment 67?,0
"die, die no no no die",-1
26th december new year day ill keep correcting netflix objectively correct date seeing majority viewer not pigheaded american,0
damn,-1
"literally lowest screen time despite main character now. keeping cryptic, see.",-1
"die , dieboth die",-1
die die im gonna cry,-1
141 yall need see this!!!thats el!!!!!!!!!!!!!!!!shes ready!!!,1
cooked,0
nancy walk em wheeler !!!!,0
woah oh gosh,-1
wahaoooo!!!!!!,1
uhul,0
guyss die die,-1
107 sorcerer here!!!,0
018 feel like theyll integrate dimension x season 5 vol 2 vol 3,0
pls tell max back,0
excited but also scared dont want mike el max even lucas dustin steve nancy robin die,1
one word peak,0
derry rhis,1
"136 either dies, never forgive duffer brother",-1
go viral,0
oh yeah!!!!,1
omg !!!,1
die die.who gone die?we gone die wach volume 2,-1
peaker thing,0
"either will, 08 gonna die",-1
"rahhhhhhhh, cant wait",1
omg im excited v2,1
die die? come onnn,-1
im scard excited,1
"plot twist henry good guy along, mind flayer controlling henry",0
tuff,-1
soooooo freaking exciteddddddddddsd,1
die die gave goosebump,1
steve end sacrificing save dustin,0
bandwagoners.,0
sooo ready,1
"think gonna see 015 , side , well instead",0
,-1
dont keep waiting.,-1
die die steve harrington . dustin no please .,-1
,0
"swear god, kll eleven . girl deserves happy ending . please dont make ending cruel klling her. ill never watch show happens.",-1
cannot wait!!!!!!!,1
love show,1
"die , die oh god im not ready",-1
"die dieplease god no.duffer brother take whatever want but not that, please",-1
"man, going freaking crash im edge seat seeing vecna planned!",1
"swear, lay hand steve dustin..",-1
checking in!,0
holy peak!!!,1
33 minute ago uploaded already watched trailer. never happened before.,0
dont like little lucas im seeing goat better not dead,-1
started show kid ending like hurt,0
swear god steve dustin better not die. please stay alive. duffer brother im,0
dont go dying,-1
got dustin steve back,1
holy shit mind flayer coming earth????,-1
nancy wheeler giving sarah connor beautiful since linda hamilton shes starring,1
ever since ive watched show first time 2023 ive waiting moment.,1
34 min ago crazy.,0
013 holly opening portal huh?,0
omg omg omg omg omg,1
anyone think whole dragon theory will painting come true??,0
looking forward seeing kali action again.,1
nancy walk em wheeler,0
imagine final trailer,0
"gotta say, vecna new power suit much intimidating tentacle naked version. previously parasite, he darth vader rouge one",-1
,0
u watched less 2 hour gather comment section,0
guy nancy dy,-1
"die die, line",-1
136 dont u die boy,-1
013 escape camazotz,0
look soooo good im excited watch christmas!! whats better time festive holiday,1
steve h dustin nooooooo,0
shit get real,-1
055 nancy badass omg,1
right side now?,0
heart cant take,-1
holy shit trailer insane,1
steve dustin duo backkkkkkk,1
murray still alive!! thought cooked,-1
gatekeeping ted walk em wheeler come back arc,0
no pleqse omg,-1
omggggg im not ready,-1
vecna not true villain?,0
omg soo good but im scared holly,1
"die, die whattttt....",-1
hope get better second half. really not enjoying bland gunfest weve far. shooting gun becomes dramatically less exciting dont anything.,-1
omg omg omg,1
die now.,-1
volume 2 literally gonna insane! cannot wait,1
"die, diecome on, wasnt easy like that.right??",-1
gonna good,1
im excited doomsday trailer,1
cant wait final episode,1
.,0
time,0
"not showing jonathan, erica derek trailer crime. think jonathan die episode 6 7 also die die scared hell",-1
love much maxxxxxxxxxxxxxxxmmmmmmmxxxxxxxxxxx,1
button,0
papa want movie,1
creamed pants.,-1
rip steve dustin,1
"point, anything happen!!a masterpiece indeed....",1
"come on....december 25th, cant wait anymore....",1
no not dustin steve please,0
"die, die die, die, die.",-1
"dropping finale welcome derry, love netflix",1
steve finally said line,1
2 min 13 sec but goat delightful derek isnt seen,-1
"cant wait eddie get save all, probably face vecna say flame wait... oh wrong movie",1
noooo cooked,-1
054 literally screamed. nancy wheeler badass,-1
omgomgomgomgomgomg finally heree,1
jonathan voice line boy aint making,-1
steveeee nd dustinn,-1
"die, die excuse me!?",0
mike dead...,-1
054 nancy walk em wheeler,0
finally got see steve dustin friendship,1
watched 1 hour,0
1 hour gang,0
dont know excited scared!,0
hyped!!!!,1
big upside reveal..yes pls!!!,1
trailer two minute but feel short,-1
steve dustin.dont die !!!!,0
die die mean,-1
u guy holding back scene better not die,-1
really hope confesses mike.,0
no steve no duffer brother,0
whats name song?,0
dustin steve,1
omgggggggggg vol2 trailer alreadyy?!,0
omg watched?? whole trailer better volume 1 iam screamingggggg,1
go plan final exam,-1
"die, die?",-1
112 thats dustins demodog !! yellow mark,0
omgggggg,0
nice,1
"way die, die hit time yeah, im not ready",-1
goosies everywhere!,0
byler cook im happy,1
less hour ago,1
"die, diewere hoping line",-1
"die, diefor god sake dont dieeeeee",-1
die die swear duffer brother touch dustin steve sueing,-1
die die no pls dont die!!!!,-1
death flag waving,-1
damnnnnthese guy not come playyyyy,-1
omfgg,1
netflix dont dare,-1
122 vacna glitching,0
die did..noooooooooooo,-1
"emphasizing die, die much?",-1
world henry creel transformation scene,0
u freakingggg kidding meeeee!!! im screamingggggggggggg,-1
dustin steve die die,-1
goosebump feel stranger thing drop new trailer bruh,0
pure goosebump,1
wanna watch this?,0
cant wait volume 2,1
best season ever,1
"steve dustin say u die, die know bad shit go",-1
"finally steve dustin duo back 135 die, die",1
no problem dustin steve dying but make sure go hero!,0
omg cant believe series gonna end month like remember watching stranger thing quarantine kid omg nostalgia crazy,1
dustin steve dy gona legit bawl eye,-1
let goooooooooo,1
die die steve dustin im watching,-1
"touch steve, robin, dustin, lucas, max, bonus episode called vanishing duffer brothers.",0
nice knowing vickie 106,1
"die, die",0
omg!!!,1
go upside down.,1
107 dont tell robbin gf going die,-1
"die, dieshut",-1
omg guy think dustin one dy bc cant steve bc dustin cant lose two parent,-1
wow,1
holly definitely power,1
no byler crumb but ok still delusional,0
ok,0
take jonathan lol,0
,1
never seen l trailer bro,0
im early,0
omgg,0
die die,-1
came home school bring masterpiece? w duffer brother w netflix,1
not ready,-1
swear god steve dustin dy gonna cancel subscription yearly,-1
peak,0
holy shit hype insane!,1
"youre within 4 hours, like comment!",0
"steve dustin die , die",-1
cant believe show ending,-1
im really glad max holly getting together,1
die dieuhh guys... live! live!!!,-1
"mean holly might die, camerea panning holly vecna saying time.",0
ehehehehe,1
"guy pls, little heart",1
"steve die, dieme die, show die",-1
017 think upside bridge connecting dimension x real world wall separating it044 think mind flayer particle collecting release energy blast tear wall dimension x real world collide,0
no plsss crazy im not ready omfggg,-1
"wtf u die, die mean oh heul nah",-1
"die, die ill die eother die im also dying",-1
im good long lilly wont die.,1
peacemaker door,0
never clicked fast,1
goosebump peak,1
def cooked christmas new year ..,1
nancy pro shooter always!!,0
die die scaring,-1
"die, die.stop it.",-1
"now, talking yayyyyyyyyyyy",1
going video claiming solved vol 2,0
new concept guess upside dustin said assumption wrong,0
dont die time,0
rip steve harrington best character show!,1
dont want end!!!,-1
"byler better happen yallsteve dustin better stay aliveif u ruin christmas birthday giving u shitiest ending, im canceling subscription good, disney money ps, birthday 25th day volume 2 come careful.",-1
absolutely cinema,0
041 kali el,0
no plsss crazy im not ready omfggg,-1
30 min late already many like,1
like comment want steve survive,0
"think upside lap dustin last steve,then came back real world..they said die die real world.",0
wonder place could inside monster vecna showed nancy season 4 145,0
leave steve dustin alone,0
oh eleven,0
die die,-1
webseries pure cinema,0
"think jonathan gonna die. think, guy ??",-1
vecnas plan definitely break barrier two worlds. people complaining ending s4 long forgotten writers.,0
die die die,-1
like comment steve survive,1
im scared wtf,-1
die die,-1
die die,-1
"nancy really loved guns, prove wrong",0
im not ready.,-1
hope steve dustin stay alive,1
come bru,0
136 og steve dustin combo,1
yooooo 31 minutesss,0
bylerholic,0
holy mother pure adrenaline,-1
"steveyou die,i diedustinyou die,i diesmeill die die",-1
one best trailer series,1
finna best christmas gift frfr!,1
"die, die.dont dare..",-1
"correction! die, die",-1
beatiful,1
"watching trailer oh im ready volume 2 watching trailer, especially scene 135 take back, im not ready",0
christmas gonna peak,1
final,1
guy like comment steve survive!,1
031 hell,-1
trust believe lose dustin steve time begin villain arc.,0
t peak!!!!!!,1
think died revived watching,-1
man trailer epic sound design trailer per infinity war endgame,1
vol 2in 25 december?or 2026,0
fav character dy im suing duffer brother,-1
"die, die er excuse wtf",-1
coolest trailer ive ever seen,1
"die. dieif dies, duffer brother dying",-1
prediction wrong guyss???,-1
046 showtime show beat better call saul !,1
die die no bro im cry,-1
max going holly hero feel,0
vecna,1
free girl max holly,0
noo please steve dustin nooo. dont deserve sacrifice themself. pray god doesnt happen,-1
absolute goosebumps!!,1
finally,1
hyped,1
holy airfryer,0
29 min,0
"volume 1 quite bad, volume 2 seems go path. tired acting harry potter, direct connection voldemortvecna. rest cast underused. vencas pets, demagorgan opening petal yell around. stranger thing usually derivative, taking lot showsbooks, poor dialouges, but season, writer simply not courage write fearlessly. frustrated storyline government generaldoctor going eleven. season hard fail. stupid mess season.",-1
could youtube hide 39 minute 17 second released,-1
holy,0
gonna epic!!,1
wtffff soooooo good bro cant wait week plus this!!!!!!!!!!!!!!!!,1
1 hour ur legend,1
30minutes,0
watch 0.5x notice lot... normal speed,0
broooo whatttttttt steve dead allah he dead,-1
ill never,-1
im shaking,0
early f,-1
u meannn u die die,-1
026 anywhere door,0
u die die wait wait wait wait noooooooooooooo,-1
"die, die no. nobody dies.",-1
sadie sink favourite actress hollywood,1
hero still surving side viewer,0
dont want steve dustin anyone die no please,-1
fuk ive watched,-1
108 think say run! run!!!,0
oh heck yeah,0
"die, die hearttouch",1
nancy gun mean something horrible happened,-1
"beginning end, last thing see explosion inside mind unleashed volume 2.",-1
"greeting dear brother sisters, may grace lord jesus christ all. im confused, would ball be? mind flayer get relevance final episode least finale?",0
028 going ?,0
u die dieu die die brotherhood,-1
song choice perfection season,1
phenomenal,0
oh hell nah steve cooked,-1
know lenghts episode 57?,0
30 min,0
yeah dustin steve not making volume,-1
analysing every second trailer gather,0
die die oh hell nahh,-1
holy gonna insane,1
genuinely vol. 2 gonna save life bro. putting trust everyone specifically shawn levy,1
dammmmmmmnnnnnnn,1
got less mike robin time whats going onnn,0
damn vecna hot,1
guyss!!!!,1
"noooooooooooooooooo robin , saw look girlfriend face emotion , no way die , die , no way , trailer absolutely fire , cant wait . im worried robin , dustin , el steve everybody might lose cry watching s",-1
1,0
028 doraemons anywhere door,0
like dark friend amazing,1
"die, die, no die",0
wait steve no wtf,0
"steve die , diedustin die , die dont dareeee",-1
nancy gun let gooo!!,1
al want christmas is. stranger thing volume 2!!!!!!!!!!,1
2 week,0
omg cant believe not gonna watch volume 2 finish final 30th december 5 day released,-1
yes quote average stranger thing fan,0
die die think tf not,-1
theyre cooked guy,0
steves gonna die isnt,-1
steve,-1
nasty ahh transition vecna,0
jonathan?,0
needed trailer watching john cenas final match,0
nooooo steve,0
im cry watching trailer idk whats gonna happen watch final episode,-1
weeee gooo!!!! gonna best christmas gift ever!!!,1
"die, die 135",-1
something steve ready consequence netflix,-1
holy shiiit,-1
cant wait,1
,1
1 hour gang,1
finally dustin steve back!,1
omg mean robin girlfriend die !,-1
amazing!,1
aag lagne wali h,0
"die, die.nah bro, no fking chance!!!",-1
"die ,i die",-1
,0
"well, folks... going get ugly.",-1
oooommmmggg,1
"past 2 season best trailer netflix show ever, im dying hill get it?",1
kali sweep tell,0
gonna blast,1
bro please holly max arc gonna interesting watch cant wait,1
shaking right now. trailer,1
eye sauron.,0
yeah steve definitely gone bro,0
ive watched like 10 time,0
please release right dont put 10 days.,0
ohhhhhhh,0
"hey netflix, bout let nobody die season ?",0
one dialogue 100 confirm,0
"no, netflix, im not ready.",-1
wooo,-1
"die, die noooooooooooooooooooooooooooooooooooooooooooooooooooooooooo",-1
beautiful,1
trailer... still wonder would win fight pennywise vecna,0
not giving..,-1
not steve dustin please,-1
bro,1
"man, dustins team first half minute find power core upside upside down hawkins lab? seriously, trailer fact kali join force eleven family sent chill spine! stranger thing last four episode legendary!!!!",1
drop theory guy !!! hurry,0
wonderful,1
"die, die noooooooooalso steve wearing cap... waouhhhhhhhhhhhhhhh",-1
go,0
vecna v scarlet witch,0
nancy taking trained guard stupid.,-1
raise hand felt chill soon saw dustinsteve duo,0
king steve,1
die die crazyyy,-1
"steve dies, episode 9 named vanishing duffer brother",0
"die, die",-1
cant wait watch,1
girl watching finale theaters. hyped.,1
omg,0
"die, die.no no no no, wait wait wait!!!!!!!!",-1
superrrrrr,1
im fully prepared but also scared omgggg,0
"106 robin, mike together?? uhmm wonder could",0
stranger thing literally harry potter new generation.. generation witnessed them..,0
cant wait,1
henry glitching vecna looked cool yet freaky,1
christmas come already im sooo excited,1
think dont best new yearbecause super character die,-1
early?,0
time...this gonna best december u guys!!!,1
tear watching trailer....,-1
die ! die ??? whyyyyyyy????,-1
elite refresh pull,0
ive watched millionth time already,1
except two shot jonathan mfs???,-1
steve dustin max top,1
iconic,0
"bro pleaseee cant even tolerate line ,uh die ,i die",-1
dameeee,0
goosebump,1
yall think this? duffer brother kill steve dusty start riot hunt brothers!!!!,-1
yahrhehehjwjkw,0
byler endgame stay strong,1
episode 6 going epic,1
yaaaaaawn.,0
finally wait almost,1
question netflix give spolier max gonna wakr,0
054 nancy shoot em wheeler,0
nancy wheeler turning prime sarah connors....,0
not vickie danger de demogorgon going max.. feeling might no make going crush robin,-1
hour early gang,1
whole time everything assumed upside dead wrong! im fuking curious whats upside down?,-1
damn... i... damn...,-1
im getting chills...vol.2 gonna epic,1
ayoooooooooooo,0
112 max alive,1
"die, diechristmas bout worst day oat",-1
eleven going end vecna,0
toilet,0
137literally eye got filled tear steve say die die,-1
excited see vickie byler volume,1
underrated,0
guy like comment steve survive,1
best christmas present ever,1
dustin steve die!!!!,-1
john 316 god loved world gave begotten son whoever belief shall not perish but everlasting life trust jesus repent turn,1
mother god,0
think gonna better itwelcome derry.god good series but waiting december 26th stranger thing season 5 vol 2 everyone gather ready,1
cannot wait!!!,1
vecna f proactiv. yall gonna pay.,0
brave boi,1
anything happens favs new episode disappearance duffer brother drop jan 9th. stay tuned,0
byler screwed,-1
stranger thing bouta crazy,1
"119 okay, cant wait longer scene",1
25 min ago please,0
omg,0
hell jonathan?!,-1
"die, die hit hard.",-1
"die, die die ill flip upside",-1
derek guy survive?,0
"die, duffer",-1
acting sound phoned in.,0
"die , die give goosebump",1
like ai but not,0
mike first time upside,0
finale news year drive crazyyyyyy,-1
"die, die too. adore end.",1
shit milevens got new damage control shot,-1
"die, dienobody die",-1
eddy,0
136 die die mf alive,-1
madre,1
"die,i die nooooo man",-1
atleast know steve dustin gonna make,0
bro im cry 118 demogorgon came straight robin shes cooked,1
who gonna die?,-1
not ready die die,-1
netflix die die,-1
"whole time, everything weve ever assumed upside dead wrongbro if...????",-1
cant wait,1
please season complete create season 6,1
atleast dustin steve stood together not arguing like last damn volume,0
many foreshadowing,-1
cnt wait u wach this!,1
stop talk much jamie absolutely steal scenes!,-1
godamn duffer brother geniusssssssssss,-1
steve dressed like biggie cheese,0
vickey stay safe girl,1
cant wait,1
"die, die oh no gonna hero sacrifice already tell",0
meh,0
feel like getting possessed mind flayer,-1
bro lucas cooked time definitely dying,-1
"die, die.",-1
"yoooo hearing die, die im f scared volume 2 pls dont die yall !!",-1
die die peak word,-1
nooooooo steeeeveeeee nooooooooo,-1
"die, die.please duffer brothers, two option dustin steve either survive finale let die together mean together. cant let one watch others death miserable.",-1
"die, die no! neither dying!!",-1
leak max holly true,1
vecna time whats gonna happen,-1
no game throne plz no death,-1
im excited but not ready whats coming,1
go!!!!!!!!!!!,1
let gooo!!!,1
ahhhh im freaking help,-1
studying every microsecond trailer,0
time,0
not ready im not ready,-1
omg crazy!!!!,-1
"hero watched video less four hour released, gather here!!!",0
"finally, netflix ive waiting long!",1
netflix know steve dustin dy im suing,-1
"die, die please nothis trailer fkd really",-1
nancy gunnnn ahhhhh,1
touch ted wheeler delightful derek swear need bacon,-1
"die, die. bro noooooooo",-1
1 hr gang mark attendance,0
136 vanishing duffer brother gonna happen but cant prove,0
die die,-1
"yeah jonathan byers youve good run pal,its",1
party time!!!,1
"die, die bingo card brooo",-1
omggg,0
oh god oh godddddddd,1
"die , die not die otherwise duffer die!",-1
"die, die supposed theory.",-1
guy think robin gonna die. scene shock jock,-1
holy got chill,0
ohhh no,-1
"ngl dont think ship matter anymore, wanna survive",-1
"die , die",-1
,1
nancy shooting,1
26 min ago toe tickling,0
"hell no, neither dustin steve die, dont allow ttdustin steve, lucasmax mikewill.... duo dont get happy endings, riot.",-1
im hyped,1
getting max back?,0
holly mother fing god! better expected!,1
119 bro couldnt decide skin use,0
cant wait see vol.2,1
wheres delightful derek???!!!!,0
let go,0
"die, die fuckjghjfhjf no die, die cant thishjdfhdh",-1
milk,0
nancy walk em wheeler,0
pennywise patrona de vecna,0
guy not ready plss pls,-1
tbh watching welcome derrys final episode trailer look mid,-1
every like comment get 1 chance steve surviving season,0
anyone hear johnathans british accent slip,0
"nice easy guys, 10 days!",1
holly opening dimension doors?! also animosity mike eleven?,0
bruh not s3 u die die dialogue... almost foreshadowing,0
not ready,-1
woahhh,0
saw shooting episode complete.,0
nancy walk em wheeler,0
noooooo dont die,-1
hero watched video less hour released gather,0
trying hard make epic finale,0
show time,1
"phrase die, die, reason cried...",-1
peakkk,-1
"die, die true brotherhood. everyone want best friend dedicated that.",1
chill got watching plot twist end volume 1 cannot wait but might binge new year,1
"something unbelievable going happen sure still praying safety steve dustin.you die, die",-1
steve dy duffer brother,0
whats death talk dont play,-1
"die, die really highlight trailer. stranger thing maker aware steve dustins friendship mean fans. .",1
cant wait,1
less gooo love stranger thing,1
anyone watched masterpiece 3 hour edit no one watched 3 hour nah hell nah,-1
terrfied,0
damn,-1
dyamnnnnnnnnnnnnnnnnnnn,0
ted ultimate golfer wheeler,0
023 whaattt heckkkkkkkk!!!!duffer brother cooked,1
"wtfyou die, die.",-1
let gooo,1
eleven dying,-1
true friendship. die die. add live live,1
"voltage, unless wanna fryik foreshadowing voltage boutta end",-1
no one dy pls,1
dies?,-1
"die, die rip steve episode 5 shock jock",0
,1
steve dustin better stay nuclear bunker stay alive,0
s3 dustin told steve die die.. hope no one dy,-1
om fuckin god going good,1
new season far terrible. not sure yall smoking. shoulda ended sooner.,-1
"thing concerned die, die",-1
nancy wheeler woman,1
soooooo much spoil sadly,-1
welp steve safe,1
watched three times? 3,0
true fans!,1
"die, die",0
lfg,0
"die , die?!!! none dying please!",-1
die die ? oh hell nah,-1
enjoying trailer till steve dustin death pact. neither allowed die!!,0
140 byers come save,0
bang! come,1
die,0
dont die steve u die brother duffer die promise,-1
ogmmg,0
stranger thing 5 volume 2 shaping biggest finale yet! every shot hyped feel like end era. bring christmas!,1
max sacrifice holly im gonna cry,-1
byers narration? oh seated,0
absolute cinema,0
glad say first opened youtube first video watched start day,1
"die , die .totally not acceptable",-1
die die,-1
look peak,-1
"loving show since beginning enjoying whole family. wished theyd tone blasphemy way many. course, every taste different respect that.",1
finally!,1
everyone reading journey since beginning absolute pleasure! im gonna miss all!,1
aghhhhhh saw 25 min releaseee,-1
good get,1
"new rockstars, need breakdown!!!",0
"die, die !dustin steve duo back let go!!!!!!!!",-1
nancy drillin shi wheelerrrrr,0
t peak,0
popopopopopopopoo,0
picked perfect song trailer diana ross. nice!,1
omg! omg! omg!! cant waaaaait,1
confirmed one favs going die. die die,-1
die diedont...,-1
"dang, dropped...holy crap",-1
no one die pls,0
think max aura framing volume,1
wonder many time vecna said time show,0
"whattttt !!! die, die !!!",-1
die die??? noone dies???????,-1
"legend watched video less 1 hour released, gather here.",0
110 need teami think itll easier team. friends. best friend,1
duster dont die !!!!,0
032 time travel theory success,0
"dustin die, die fan die",-1
"106 118.... robin first back demos, close military...oh cooked",0
steve dustin probably cookedyou die die,-1
im veryyyyyyy excited season 05 volume 2,1
mike finally going upsidedown!!,1
finished s4,0
126 time. new world,1
think holly gonna die clearly see vecna behind holly,-1
knew it. he saving kid world domination,0
hope elden ring go sale soon,1
please not steve dustin pleeeeeease,-1
cant wait anymore,1
vicky cant die,-1
025 doraemon door?,0
"die, die audience cry",-1
let go peace...,1
seated.,0
"bro, shock jock theory steve harrington dying shock part trailer voltage appears probably demo shocked. maybe steve dy there. dont want happen",-1
"die, die. please nooo",-1
bomboclatt im not ready ahhhhh,-1
"no one dies, no one dy no one dies, no one dy no one dies, no one dy no one dies, no one dy no one dies, no one dy",-1
oh god,-1
insane refresh pull,-1
scared steve dustin,-1
got goosebump,1
"022 u meannnnn thinking wrong 9 years, im exciteddddd",1
hear steve dustin say,-1
nooooooooooooooooooooooooooooooooo,0
let gooooooooooooo,0
"here, else here!?",0
robin!?!?!?!,0
nutting,-1
people watched one time,0
not enough jonathan,-1
"die, die",0
early gang,0
30 min gang,0
vecna says.... time,0
"christmas, mariah carey pulled back freezer",0
goodnesssss...10 dayssss,-1
holy spoil,-1
better get pennywise v vecna volume three.,0
im,0
,0
omgggggg ahhhhhhgghgg,1
ahhhhhhhhhh,1
109 milevennnnnn,1
excited hyped see volume 2,1
welcome derry volume 2 stranger thing back back,1
,0
"die, diewhat tf supposed meancannot freaking wait!!!!!",-1
wdym die die noo none u not allowed die,-1
"uploaded 23 min ago! crazy trailer, cant wait!",1
dustin steve,0
3 hero gonna cooked vecna,0
136 not ready,-1
die die,-1
024 anywhere door doreamon,0
"yall talking nancy but.. die, die goddamn no netflix",-1
need whole team guysss last battle,0
die die no god plss nooo,-1
nancy badass character,1
yall owe khali apology,0
well okay,0
"no! dont die, die me, steve harrington dustin henderson!!!",-1
endgame,1
bylers gather here!!,0
indian st fanssssslets skip schoolworkcollege next friday,0
plz end dd game,0
"die, die",-1
"die,i dieno please,they dont die legend",-1
omg,0
less 25 minute gang,0
rip steve,0
indian,0
man wanna watch bad. but.. im gonna wait im mom.,0
back,1
giving chill cant believe last time,-1
excuse,-1
hope see el telekinesis powerful like chronicle movie,1
"dead, dead die dont know",-1
dhitttyy balllss,0
"im glad ending, kid look older do.",1
watched first 4 hour absolute stranger thing legend.,1
die die,-1
let goooooooo,1
die die . wtf ?,-1
30 min gang 100,0
dustin gonna die?,0
"die, die",-1
feel like st make u badly sob like,-1
ahhhhhhhhhhhhhhhhhh,1
yepiiiiiiii,1
why no one talking abt white door? im curious abt,0
nancy gun,0
trailer look badass. really wish would lay nancy highly skilled marksman take military though.,1
watching trailer soon dropped.... never early trailer..netflix crash christmas,-1
die dieno thanks,0
pls dont die u steve,0
holy hell show bad,-1
"die, die.this duo officially back",0
hero 90k view 20mins welcome upside,1
steve no!!,-1
steve dustin. either one gonna die telling u.,-1
100 gave chills!!,-1
look great cant wait watch 8 episode,1
"steve die, diedustin die, dieme dont die!!!",-1
"die, die. no no no no not that. steve, dustin, swear god emotionally traumatize ill never forgive either one you. im still not eddy death two cant die well.",-1
byler bone yessss mileaven endgame,1
"dustin steve die, im going really upset. die? no peace duffer brothers. . please, no!",-1
hell yes,1
oh goshhhh,-1
"steve die, diedustin die, die broooo ig dont die",-1
136 im not cry are!,1
runnnnn runnnnnnnnnnnnnnnnn!!!!!!!!!!!!!!!!,0
nancy rambo!,0
no steve no!!!,-1
"die, die. stopp bro",-1
poor vickie,-1
"die,i die",0
dustin steve die die,-1
cant wait see moment tedd walk wheeler show true strength,1
steave nd dustinwe got em back!!!,1
126 cry he literally repeating dustin said s3,-1
10 day remaining. duffer brothers...if steve dy dustin dies...you next,0
guess die?,-1
anyone except steve dustin,0
"steve dustin die, duffer brother die",-1
something happens steve dustin istg netflix,-1
christmas cant come soon enough!!!,1
"drop episode runtimes fo vol. 2, please!",0
welcome derry top stranger thing,0
"omg, dustin say nothing upsidedown know correct? theory keep busy 25th",0
flop elevan attitude girl,-1
opened youtube whats,0
superrbbbb madd,0
024 054 yeah showtime nancy wheeler 136 nooo139 nooo pls,-1
robin jonathan murray goner unfortunately,-1
108 sorcerer let go!,1
insane!!!,-1
omg,0
no steve no dustin plz no,0
hype vol 2!!!,1
max scenes? prayed time like,0
aint looking good robin,-1
trailer give goosebump,1
u watched early,0
finally!!!!!!!,1
but wheres mind flayer at?,-1
need stranger thing yesterday!!!,0
cant wait!!!!!!!!!,1
hour hell yeah,0
wonder who gonna die bet,-1
,0
amazing trailer,1
steve noooooo!!!!!,-1
"please not die, die",-1
im ready,1
pray steve,0
"anyone die, duffer die",-1
wait byler!,1
"starting think holly gonna safe, maybe robin gf gonna gone, mike nancy parent worried, dustin steve hanging thread , might wrong but. might right. even brother might doomed",-1
"stranger thing volume2 fire ,i cant wait .",1
die die . oh hell no . think going die???,-1
steve dy ww3 begin,0
plss donttt lettt anythinggg happen steveeehhhhh,-1
oh god,-1
no wayy going miss thinking another fale trailerr,-1
,0
one last adventure,0
pennywise clown,-1
watching 0.25 speed catch something,0
respect one like please,0
oh god oh god oh god!!!!!!!,-1
026 yo anywhere door!,0
volume 2 come!! hope find time christmas watch this.,1
"die, die no no please",-1
side down. boy turn,0
"10 day christmas, already edge seat shocking trailer.",1
cant believe watched trailer within 15 min uploaded,1
waited dustins steves reconegtion die die holy fckn goosebump,1
crazy!,-1
christmas gonna lit time different way,1
heroess gather hereee,1
fire,1
hope close deal wb. dont fail.,0
"didnt expect trailer season five, volume two",0
mean everything assumed upside wrongg,-1
000 talking vencna took kid,0
ive watching show since little end. cant wait. ive following guy since season one.,1
wow,1
"die , diethis trailer damn good",1
"die, die !!?? no please protect themmmm",-1
let goooooooooooooooo,1
didnt watch stranger thing grew it. endgame vibes.,0
"girl nance taking freaking military though let gooo!! also, steve wearing backwards cap! cap match bestie!! steve dustin back!! but im not ready die, die duffer really want wreck holiday year omg",-1
anyone got theory large swirling vortex hawkins labs? love hear people thought,0
"die , die ahh",-1
holy shit,-1
power dont worry others,0
dont say im one praying no one dy,0
strangor thanga,0
creazyyyyyyyyyyyyyyyyyyy,-1
136 hell anything happened steve dustin!,-1
holly need run bruh,0
cue 50 million thing missed trailer.will watch though,0
robin please dont die man,-1
not die die,-1
bylers not lose hope,0
theory find upside version themselves.,0
"wiw using power againf,dang,thats cool unfamiliar see",1
"die, die. ong one em dying",-1
no no not die die,-1
"okay eddie, real, never finally show up!",0
im really looking forward max holly storyline...,1
steve dy raiding netflixs headquarters,-1
crazy elll,-1
omg watching derry finale! exciting,1
no no no steve dustin,-1
much thing going,-1
somebody falling,-1
"hero watched video 2 hour release , gather",0
waht earth witness,-1
year commenting every trailer st still got no like,-1
19 minute already 1650 comments...rookie numbers!,0
"confirm via imdb, frank darabont direct shock jock, shawn levy direct escape camasotz",0
wonderful,1
need christmas already!!!,1
not ready die die,-1
team,1
soft launching steve dustin death rn ?,0
21 min toe tickling,0
nancy pop gud,1
"watched 1 day, know much waiting itedit yo istg didnt expect even 100 likes, 2.5k crazy!",0
steve not gonna die finale come,1
"die, diepls, noooo",-1
steve gonna sacrifice dustin,0
let hope steve dustin make volume 2...,1
plzz shouldnt diealso whats u die die,-1
136 bro spoil us??,-1
cool,1
"one last adventure everyone, buckle",1
136 die die,-1
im 20 minute early,1
wow,1
054 nancy back gun!,-1
ted walk em wheeler better allowed unleash entire potential time vecnas done,0
0142 venca went full kerrigan,0
053 nanncyyy goattttt,0
....,0
noiooo,0
nancy finally going full sarah conner... fitting.,1
025 got reminded door suzume,0
"el, love",1
holy sht,-1
wow,0
lezgoooo,0
,0
yeaaahahhhh im readyyyy babyyyyyyyy,1
robin sooo dead!!!!!!!!,-1
hero watched video less 11 hour released. gather here!,0
die die,-1
legend remember patrick security guard season 1,0
"054 thats bit much, firing unarmed demogorgon different firing trained soldiers. already recovering scene mother attacked demogorgon broken wine bottle...",-1
literally watched 4 episode 3 time,1
steve dustin fan assemble,0
else multitasking stranger thing exams?,0
025 peacemaker reference???,0
theory right along 019,1
excited let goooo,1
die diee hell nahhh,-1
fed google recommending fake ai trailers. time netflix finalyyyyyy,-1
hold tf,-1
yes released,1
dont dare touch vikkie,-1
please keep steve dustin alive robin,1
oh gonna..,0
max return dead,0
not yet,0
look epic,1
"everything knew wrong, christmas day flip entire stranger thing universe upside down.",-1
supposed wait 10 days?,-1
cant wait!!!! hope volume 2 good volume 1,1
ficccckkkk,0
best christmas gift ever,1
omg steve cooked,1
send duffer brother hell either steve dustin dies?,-1
mindflayer posseses 019,0
let goo! get comment 2k like backflip,1
"die, die",-1
"hollllly mother gooood wwhat f, top 1 series. best final season time",1
netflix turned world upside dropping,-1
here!,1
vecna sort reminds davy jones pirate caribbean,0
gonna absolute banger fr,1
cinematography chef kiss,0
"die, die no pleaseeee!!!!",-1
let goooooo,1
holy crap,-1
,-1
105 know enzo date warning,0
not dustin steve season 3 reference,-1
mike upsidedown first time. oh yeahhh,0
"ted walk em wheeler going slime vecna finale, trust",1
hi,0
look like first 4 episode appetiser time main course,1
yall seen disappointment mike eye near eleven byler happening,-1
aaaaaah!!! excitedddd!! 26th come alreadyy,1
cute,1
yesssss,1
11 min ago watched,0
everything make sense upide,1
im excited,1
new mission saving delightful derek .,1
first,0
woah nacy going sarah connor,0
die die,-1
legend watched less hour like here!!!,1
one whose going miss vecnas aura,-1
dude literally confirmed robin death single shot,-1
steve die duffer gonna suffer,-1
"always love urban, put together aesthetic like battle outfits, like steves backwards cap season, robin beret last season? necessary? no, but theyre cool fitness character. aside purely cosmetic part also love practical, layered look take on, feel like something uniquely st, like evolution kid mask goggles season 2",1
"die die die die. stop come dont play, one dy gonna crash out.",-1
best season series far...,1
,1
20 min ago toe tickling,0
oh goddd,0
not ready,-1
"die, die .. pleaseeeee",-1
epic!!!!,1
"die, die noooooooo",-1
no no no no nowait wait wait wait,-1
024 peacemaker dimensional portal ?????!!!!,0
something gonna happen dustin steve sure,0
cant believe mind flayer return one last showdown,-1
nancy fighting soldier chef kiss.,0
isnt enough water body sustain steve dustin dying.,-1
aghhhhh,0
aaaaaaaaaaaaaaaaaaaaaaaaaaaaaaaa,0
many emotion watching trailer . cant wait anymore,1
oh vecna sooo getting mike,0
134 shock jock,0
136 steve dustinyou die die..tell thats not gonna happen,-1
"die , die naahhhhhh",-1
"die die, netflix also die.",-1
blob exactly similar one shown dark.,0
steve,1
holy shit,-1
20min gng,0
steve dustin better survive,0
byler endgame hi byler nation!!!!,1
daamn bro cant wait watch volume 2,1
136 139 not ready,-1
gun toting nancy back,0
naah gonna legendary episode,1
"legend watched video less 24 hour released, assemble true stranger thing fan",0
hour gang,0
die die oh god no.,-1
"mayb duffer brother fooling us, no one dy biggest plot twist pls lord",0
nancy firing ar no recoil worst stock sound effect absolute peak stranger things. netflix really flexing deep pockets.,-1
crazy,-1
"dear goosebumps, calm down!!",1
dustin steve die die,0
eddie munson return episode 6! heard first.,1
way barely tell going happen but still hyped. peak trailer,0
"excited much, vickie learns truth upside down, dustin steve legendary line, will new powers, max holly escaping camatoz, kali comeback much more! also steves new look hair jacket season 4 badass. but erica, joyce jonathan. jonathan two scene erica joyce no one. also happend murray attack truck robin hospital behind soldiers? really hyped!",1
holy shit,-1
upside inside,0
"die, die. die, die.they gonna die sure",-1
holy f.... whatshit..,-1
baby cant wait !,1
release episode today coward,-1
"die, die no please",-1
,1
guyyyysssss omgggggg,-1
cant wait last episode,1
"now, clicked fast sad disappointment.",-1
going crazy,-1
fuckora,0
"spoiler miniatures, havent started volume 1.",0
floating 107 ??,0
"god hope max wake stay alive lucas, steveee, shayla will, dustin, robin honestly everyone point.. otherwise therell another season episode like vanishing duffer brothers, massacre netflix god.. many",1
nancy wheeler absolute cinema 053,1
duo steve dustin back yeah happy!!,1
pls dont die steve,0
hopefully volume 2 fill void welcome derry left,1
"last gonna see prime steve dustin,",1
"nono, cant saying die, die. not accept",-1
charles leclerc gonna bring masterpiece!!!!,1
fking dare...note steve,-1
"netflix ,if die , swear dustins mother dead",-1
knowing millie solo scene filmed iceland make think eleven going pas away,-1
many time watched this?me yes,0
listening running hill time stranger thing,0
im scared cant wait,-1
"die, die... please dont",-1
"chill guys, die, die certainly red herring",-1
wtf insane im gonna cry chill throughout body word cant even begin explain 2 min 13 sec made feel,-1
"el, kali will?henry youre cooked.",-1
fan like,0
yeah steve dying,-1
woahh,0
"theory hearing others elevn go back time opening portal, order save everyone ehat happened after. see time get involved end... maybe get side close it, would change.",0
3 episodes? gonna nuts. cant wait see kali again.,1
die......i die,-1
hope duffer brothers. make 136,0
"nah, cant deny much fast tapped",0
031 guy dont u thing scene similar dark??!!???!!!,0
20 minute gang,0
god particle dark back?? time travel?,0
ahhhhhhhhhhhhhhhh,1
die die no someone die,-1
"die, die",-1
"nahh, im not watching trailer. want every bit special watch season.",0
"way steve dustin recreated scene die, die",-1
wonderful!!!!,1
epic!!,1
drisnya,0
"die, die",-1
vecna glowup,0
die die nooooo,-1
broooo... please dont let em die,-1
anyone die fighting,-1
"die, die reunion",1
108 vecnad?!?!,0
like button steve harrington,1
yay,1
joyce holding might sorcerer but always baby boy first 3,1
054 mother nancyyyy,0
oh yes!!,1
136 die die,-1
136 giving negative feeling,-1
epic oml im excited,1
dont die,-1
god mother ? strange,0
15 min ahh watch,0
"die, die please dont",-1
nooooo stevie boy,1
g cant wait,1
damnnnnnnn,-1
felt goosebump watching trailer.,1
everything ever assumed upside dead wrong ?!? im curioussss it?!?,-1
115 there?,0
"litrally steave harington school,i poop teacher face heheee",0
finish stranger thing hope one piece got 5 6 season like,0
,1
"die, die",-1
yeah,1
dont bring back mind flayer im done good,-1
embracing power let freaking gooo,0
managed get 2 min released!,1
"die,i die",-1
"die, die.if die, die.",-1
cry,-1
"die , diehell noooo",-1
going epic,1
no wayyyy brooooooo 15 min ago,-1
less hour,0
die,-1
started also end william,0
soo goodddd guysss.. cant wait volume 2 . !!,1
prediction who going sacrifice themselves1. max save holly2. mike save eleven3. jonathan save steve nancy4. joyce save,0
"die, die please dont die",-1
oh fudging gawdddd,-1
vecna peak scene 146 omg,0
stranger thing webseries,0
"die, dieif touch dustin steve mike istg",-1
cantttttfgifdv,-1
"die, die",-1
die dienoooooo please nooooo,-1
ready watch turning vecna !!!,1
,1
want see power in?,1
"die, die uh no one dies?? better onewhat die?",-1
volume 2!? what!?also busy jamming diana ross missed kali trailer!,-1
20 min gang,0
dont talk die mfkers steve dustin,-1
"die, diesteve stg",-1
"girl shaved head saying friend dont lie universe hawkins battlefield dimension stranger thing isnt show, generation. eleven didnt open gates, carried trauma, power, sacrifice. duffer brother didnt direct episodes, directed childhood. vecna fear, hawkins home, final volume isnt ending memory sealed forever. thank millie, finn, sadie, david, joe turning monster emotions. upside made u feel alive one last time.",1
brooooo posted vol 2 trailer welcome derry episode 8 dropped. bro im still bawling cry eye rn welcome derry rich,-1
watch trailer within hour like 132,1
omg.......i cant wait agree,1
grand,0
no.,-1
"finally , nice see vecna pissed.....after cat walking away episode 4",0
dustin noooo,-1
135 nah man,0
"die, diestop throwback",-1
peakkk,-1
die die noooooo,-1
cannot wait last battle.,1
steven mean die die?????!!!!?!?!?!?!??,-1
dustin hug ?,0
holy mother god not ready,-1
dimension doors!!! holly power !,0
die die,-1
oh godddd,-1
die die,-1
136 bruh swear die dieee!!,-1
holy shit trailer peak,-1
omg,0
una locura,0
peak,0
plz no one die,-1
"die steve, die",-1
but video think everyone read book scorched manifest rule amazing powerful book changed life literally shocked reading read book know im talking,1
bro peak,1
2 phase ?,0
no steve dustin,1
im not ready anyone die,-1
void upside witnessed?!!!!,0
coming vecna men ? coward like father ?,-1
noahhhh uuuuuu,1
17 minute agoooo omggg,1
t gonna peak,1
peakkk cinemaaaaaa,0
no way,-1
"eleven , always iconic",1
136 plss dont make die,0
im sat,0
damn,-1
holy moly,-1
"die, die meanwhat mean",-1
no steve please dont die 136,-1
"dustin steve cannot die, please.",-1
ive never seen epic exciting trailer,1
absolute cinema,0
poopy laki taki,0
16 min came insane,0
steve die?,0
"die, die",-1
end beginning.... ooh im back chicago.... feel it... another version me!,0
mean holly wont make it???,0
peakkkkkkkkkkkkkkkkkkkkkkkkkkkkkkkk,-1
16mins,0
got enough money wb stop drip feeding content im canceling two premium sub cuz youre acting like cable company not netflix,-1
054 nancy walk wheeler action finally,0
hi,0
omg 120,0
20 min ago anyone?,0
omggggg,0
15 min,0
exited,1
wait see,0
shit gonna good,1
please want djos end beginning song play end this.,1
ac los de latam,0
peak,-1
heree,0
one last adventure,0
,0
omg,0
possible militiries still not understood real enemy,-1
caught 15 min,0
peakkkkk,0
"die, die dont think steve dustin gonna die",0
steve dustin no dialogue haunt night,-1
world going end 2026iykyk india,-1
hbjkhbkjhbkjhbjkhbkjhbkjubkjugkjygkjugkjugahhhhhhhhhhhhhhhhhoiifjhyfjhyfjhyfhiyfhu,0
008 going clutch,1
134 die die nooooooo,-1
119 obviously possessed mind flayer,-1
hero watched less 4 hour assemble,1
duffer brother want whole hawkins gang guys......,0
lack derek not delightful,-1
"steve dustin die, dieme dont die neither",0
love theme song new one,1
finally !!!!!!,1
"die, die cut show",-1
byers,1
think gone saddest season syeve ko matt maro,-1
,1
hi.,0
robin cooked sure.,0
thing confirmsescape camazotz going incrediblethe set photo vecnas 12 tentrils affirms world changethere bigger monster way,1
"will silent scream eleven bleeding nose, hawkins lab upside ye sirf series nahi hai, ye ek generation ka trauma courage friendship ka record hai. duffer brother ne nostalgia ko weapon banaya, millie bobby brown ne silence ko superpower banaya, aur stranger thing ne proof kar diya ki monster bahar nahi yaadon ke andar hote hain. volume 2 goosebump loading.",0
fooooook yaaaahhh,0
didnt search video. video searched you.,0
dont dieeeeee........,-1
welp let say bye bye vickie cooked,-1
oh gosh,-1
e,0
buneyyy,0
"die, die got hard.",-1
13 min guy,0
"uhhhhh, finally!!",1
cinema,0
die! die,-1
oh shit! real!!,1
let gooooo,1
15 min gng im already sad,-1
"people complaining actor ages, but whats 80 bunch adult playing teen",-1
136 no plsss,-1
steve dustin please dont die!,0
everyone who 5 hour reply comment claim og ticket,0
chilling bed watching day school peakkkkk,1
cant wait anymore !!.,1
way show end determine 2026 goes.,-1
omg im screaming im not ready die die im concerned,-1
oh gosh no not dustin steve knew something bad going happen,-1
"somebody gonna die, st............",-1
dont think even want christmas present watching,-1
bro masterpiece,1
,0
anyone else turning half way give away much?i mean take chance. im going watch anyway,0
not expecting t,-1
steve vai,-1
robin turning electricity sort sad emotion...... shock jock steveeee,0
steve definitely dying,-1
ready not ready,-1
omg,0
"die, die. no!",-1
145 dragon head,0
holy shitpacobeans,0
bro shot vecna glitching henry one freaking cool,1
swear last four episode gonna even shocking emotional ending episode 4 ever was. literally cant wait,1
let gooo,1
cant wait christmas,1
lrsen lrm bu lgncyad,0
"die, die got flashback season 3",0
body ready,1
feel like anevent lifetime. didnt feel long time,0
no way,-1
die die,-1
053 nancey walkem flippin wheeler,0
who gonna next,0
im ready season 5 volume 2,1
stevetony plsss,-1
treat,1
"die, die.im not ready this.",-1
hi guy,0
absolute cinema,1
050 bullet sound j perfectly syncs music,1
finally new scene steve right side up. thank 136,1
051 nancy back bad girl era..,1
die die get flashback season 3..,0
let go!!!!!!!!,1
"die, die",-1
"die, die back gang!",-1
yes yes yes yes yes,1
going best end year,1
damn,-1
always get feeling dustin die instead steve?.,-1
"dies, else dies????????????????????!!!!!!! duffer pls dont!!!!!",-1
christmas present many ppl care,1
lol im finally early,1
die die aaaaaaaaaaaaah,-1
"stopped trailer 058, spoiling much. ig enjoy raw.",0
nancy!! woman,0
136 big no one,-1
steve dustin save button,0
b like v endgame,0
lowkey patience nxt volume im like dying,-1
steve dustin,-1
die .... oh god,-1
cant wait...,1
"course upside remix, like kate bush one last season traditioni feel like vecna said time many time show took shot every time would dead",0
think might cry mess christmas day,-1
054 nancy rambo first blood 1982,0
1 hour gang,0
best duo steve dustin back!!!,1
fight continues,0
people got notification,0
byler byler byler byler byler,0
see eddi 138,0
123 holly run max,-1
"die, die cooked",-1
let gooo,1
dont want anybody die,-1
"die, die.and duffer said song played never moviesseries meansend beginning steves gonna die know",-1
108 ruuunnnn!!!!,0
bloody endgame now.,1
okay not anywhere door!,-1
"weird lack will, hopper mike trailer",-1
drop now!!!feels like century,0
vecna not villain noah schnapp basically confirmed interview watch he gonna helping,1
"die, dieohh noo",-1
"die, die??????? wtff",-1
im readyyyy . wait dont think,1
lmao time steve sacrificed stranger gang,-1
die die. giving chillsss,-1
everything upsidedown dead wrong yeah cooked,-1
everything upsidedown dead wrong yeah cooked,-1
boycott noah schnapp zionist,-1
watching trailer realised watching stranger thing long time never asked damn purpose vecna?,-1
omg hero back,1
bro orange orb?,0
118120,0
season 3 dustin steve parallel?,0
really hope none dy omg cant waittttttt,-1
"steve dustin die, dieme netflix, im sending therapy bill",0
die die literal chill dont touch baby,-1
049 murrayyyyyy love murraayayyy ahahhahaha love,1
"steve almost gonna die trying sacrifice dustin save saying, not time!",-1
volume 2 gonna best christmas present year.,1
nah man gas,-1
"die, dieme hell no, chance no one die",-1
"die, die",-1
seems like el mike broke ??,-1
like stranger thing fan,0
holyyyyyyy shiittttttttttttt,-1
cry throwing peak iam dying,-1
peak dont want endwhy get show,-1
finally,0
netflix wb,0
oh no no noooo not dustin stevee,-1
steve,1
let gooo,0
"die,i dieif either die,we die.",-1
,1
loved peak,1
one last adventure,1
telugu fan assemble,0
stop spoiling everything bros...,-1
holy shit,-1
136 duo back !,1
gasping,0
cannot wait hope no one dy please,1
steve dustin safe would not put trailer going actually die,0
nancy clock em wheeler,0
clock ittttttt,1
yes maam,1
dropping volume 2 trailer random monday holy shit tho look incredible oh god im hyped jesus christ dude gna cool,1
amazing,1
"die , die pure goosebump",0
let gooooooooooooooooooooo,0
steve dustin,1
look insane oh god,1
die die gave chill 136,-1
finally actual trailer not concept google keep forcing notification,-1
netflix dare steve dustin die make new web series no fall netflix,0
mileven endgame,0
not die die hell no plsss,-1
"time die, vecna 127",-1
"nearing end, think well halfway happy finale.",1
,0
idc anybody say steve aint dying,-1
not die die,-1
leave like watched 4 hour,0
014 holly max back!,1
christmas gonna foqin memorable bruhh,1
damn kid cant act...,-1
nancy gun repeat nancy gun,0
die die line season 3,-1
trailer doesnt wow factor first one. sure itll amazing though,1
"steve die, diedustin die, die not ready",-1
vecna lover like,1
"die, dienetflix die, subscription service dy",-1
134 steve dustin die die cant please,-1
"die, die",-1
steve dying 100,-1
dont think ready,-1
boy came long way ..,1
retcon incoming... forsee ton dissappointments... mark word,0
bro im exited but freaking sad scared waaat,1
less 10mins ago gang,0
nancy bing badass woah!! woah!!!! woooooaaaaahhhhh!!!!!!,1
quite spoiler vol 1,0
watching trailer knowing last season actually made cry,-1
oh goooood,1
excited,1
031 another pennywise like power,0
"steve dies, die.",-1
die die,-1
ready this!,1
iso bolte ha absolute cinema,0
die dieplease no one die,-1
steve die die,-1
"die, dieyou better not",-1
wasnt ready,0
die ill die....back season 3....deep!!!!,0
136 goated moment,1
"136 cant... wont... please let nostalgic line not foreshadowing. wont recover, otherwise.",-1
everything weve ever assumed upside down... turned... upside,0
loveee,1
loved volume 1 trailer started steve volume 2 start first scene,1
bet will saving green cabbage fireball last episode.,0
3 v 1 clutch,0
steve dustin dont die please,0
omggg im sooooo excited,1
"not touch steve dustin, requesting behalf whole world.",0
everything upsidedown dead wrong yeah cooked,-1
mind flayer?,0
"believe justin mean upside prison mindflayer. like barrier dimension x rightside up. basically foreshadowed lot. inside particles, never vecna. russia, dying demo made sure release particles. vecna basically pawn, trying best prevent worse, also assume want kids. someone fight together",0
let plan christmas let plan stranger thing s5 v2,0
il speechless im excited part 2 need,1
omgggg end almost,-1
mannn crazyyy,-1
finally!!!!!,1
steve must stay alive,1
die die,-1
nance fuckinn wheeler,-1
didnt see coming. stranger thing,-1
ready!!!!!!,1
trailer fill dread,-1
125 oh holly youre cooked,1
"11 minute ago , im unemployed",-1
ohh girl nancy aint playing yes gurl get,0
everything upsidedown dead wrong yeah cooked,-1
fuking master piece,-1
dustin said die die,-1
no no no no no.....,-1
let gooo,1
early,0
peak,0
3 month netflix subscription. piracy win,-1
cant wait,1
135 shock jock??,0
wohooo,1
,-1
no please dont dieeeee,-1
"136 die, die. stop stop dont make cry. istg dare",-1
drop stranger thingssssss,0
yov netflix steve dustin mela kaiya vecha avlodha,-1
robin totally gonna lose girlfriend. gonna like tara willow again.,-1
end near,-1
omgggg,1
die die,0
bro going create new world,0
8 definitely gonna die,-1
reached fast craze stranger thing,1
cannot waittttttt,1
,1
finished itwelcome derry boom! trailer dropped next vol,1
steve dont say,-1
one fav die another fav die,-1
"die, die even mean? yall arent killing dustin steve right?",-1
"last season guys, remember that.",0
yes yes yes,1
fck!!!! not ready whats coming,-1
omgggf,0
10 min gang,0
im pretty sure max 08 gonna sacrifice,0
hopefully dont got ending one. not year please deliver,-1
know watching show year kali toast right? nothing could clear,-1
"finally, netflix thank",1
something crazy going happen,0
136 thats line make heart broken,-1
"please not steven dustin!!! nobody dies, please!!!!!",-1
im scared...,-1
10 minute ago,1
peakkkkkkkkkkkkkkkkkkkkkkkkkkkkkkkkkkkkkkkkkkkkkkkkkkkkkkkk,-1
die die...i hope not thinking,-1
hard watch,-1
diana ross ahead time,0
holly open doorway another dimensions!!!!!,1
big st fan season 5 part 1 weak..i hoping trailer would exciting but basically show vibesscenes part 1,0
oh man look good,1
cant christmas come sooner?,1
electrifying expecting huge volume 2 wat abt dustin steve die die stranger thing season 5,1
"die, die. already cry",-1
steve fan attendance,1
think heard next big hit 010,0
first ten minute,0
wow catched trailer 5 min,1
yeaaahhhhhhhh,1
holy shit go,-1
141 wtf happening,0
054 nancy eliminating military epic,0
hell derek,-1
scared them!!!,-1
thank vecna,1
yep. wonderful,1
"know insignificant story but since dustin getting bullied andy, would really cool see steve step teach boy lil lesson, acting like elder brotherly way.",1
praying steve dont die,0
random monday hello??,0
,1
"die, die please no",-1
"136 no, no one dy",0
upside,0
hell erica,-1
"die, dieoh god dont touch them..",-1
2025 year stanger thing,0
,0
no one gonna die..,1
goosebump goosebump goosebump,1
053 badass wheeler,1
120 broo fred benson vecna turned,0
go one last time guy,1
nancy cool,1
,1
"please, no one die",-1
im dead!,-1
dustin steve pls dont die,-1
survive dustin steve,1
"die, die",-1
confirmed tha volume 3 theaters?,0
dont think steve andor dustin die. otherwise wouldnt added trailer think .also appreciate sound effect video? whoever work sound trailer series need get raise praise. bullet going beat? damn,-1
guy vine choking scene138,0
holy mary mother god,0
welcome derry absolute cinema series.,1
heard first guy favorite show gonna death me. reason death??? goddamn show,-1
"die, die. not making till last episode, done series.",-1
nine minute,0
steve dustin cant die pleasee,0
gonna one best christmas,1
die die? die die!!!!!!! whatttttttttt,-1
gawd!,0
im not ready,-1
die die oh godddd noo,-1
stranger thing fan 10 min attendence plzz,0
ahh not ready thiss!!,-1
no steve please nooo not,-1
music trailer sucks.,-1
crazy shit,-1
waiting st volume 2,0
max holly back,0
peak netflix finally coming,1
"jonathan???? , omg",0
ahhh im excitedddd,1
"okay, hype real!",1
dare make steve hair harrington wear cap.,-1
brain struggling process cannot wait volume 2 but im also sacred feel like volume absolutely break u,1
die die,-1
nah pls noo please noo,-1
oh lawdddd. gonna insane.,1
waiting,1
plz save steve dustin plz,0
wait another crash netflix,1
8 released lol,0
dayummmmm fireeee,1
like didnt use trailer,1
hope wont disappoint ending,1
"milevens milk one scene... also, not vickie",-1
excited volume 2 but time dont want show end,1
"god, take back time, way show premiered first time. make nostalgic, make sad show gonna end. show take u another world, far away day day grind stress, feel bit alive fun, one show. miss all.",1
well. bout get crazier....,0
please tell song name????,0
"die, die excuse dustin",-1
nancy gun,0
dark reference,0
nancy cooking,0
whaaattttt,0
dropping day welcolme derry end noah ark kinda petty lol,0
netflix cooked,0
upside n side,-1
eddie munson return episode 6!,1
came less 30 min like,0
ahhhhhhhhh,1
go think steve die episode 7,-1
watched 1 hour release,0
ready!!!,1
endgame,0
"die, die. please no",-1
135 die die,-1
wow cant wait masterpiece,1
"die , die , scene, u nightmare??",-1
,0
holy shizzlesticks,-1
eleven..eight..will...lfg!!!!!!!,1
die die,-1
"die , die scaring shit",-1
release finale theatre please,0
pure cinema pure cinema!!!,1
"die, die almost cry cooked.",-1
vecna wheeler house eeekk,0
getting new upside rule reveals ??? hell yea,0
"showing alot, gonna watch once, want go knowing little possible",0
die die better not happen,-1
u die die hit hard steve dustin,-1
hell yeah,1
"wtf! die, dieplease dont. dont",-1
die die no please,-1
"really sad final season series. accumulated many memory together, wish wouldnt end, but unfortunately...",-1
legoooo,0
die die,-1
,1
steve u die die dustin u due die bonding,0
026 anywhere door,0
omg!!!,1
nancy wheeler fire,1
"woke up, thank netflix",1
ayeeeee first 10 grp!,1
go!!!,1
die die ahhhhhhhhh,-1
"die, die",0
doraemom door there?,0
steve dustin conversation broke heart 1.36,-1
nancy walk em,0
7 minute,0
cant wait another blast,1
"edits, needed song trailer",1
"die, diestopmy baby",-1
mother fuckin awesome wish die,-1
going massive,1
plsssssss cant waitttttttt,1
getting real,1
oh god nancy . youre fire girl.... badass sorcerer will...,1
bro im english class rn t tuff,-1
derek,-1
"die, dieduffer brother better not...",-1
"die, die",-1
casually woke chose chaos morning!!! weve waiting week type promo trailer got it!!!!,1
netflix pls see coment,0
let go yall,0
ill miss show much,-1
vecna everytime plan time come something better man,0
im calling steve dy,-1
callback die die,-1
omg! let go!!,1
peak netflix,1
omg,1
look like dustin steve going get bettet,0
google really quite since dropped,1
"die , die t better not true",-1
"got much holly, max, dustin steve im scared",0
thought would see 11 use power alot but oh well,0
king steve fan assemble,0
ahhhh not ready,-1
oh god,-1
oh god,1
merry christmas!,1
anywhere door,-1
within 7 minutes!! max!!,1
best christmas present life,1
telugu fan assemble steeve ki dustin ki emaina ayyindhi ni yabba stranger thing inko episode add chesi duffer brother death ani pettukovalsi vasthundhi chachare fan chethullo,0
dont want wait anymore. im excited much. want see now.,1
holy shit.,-1
guy else seeing finale theaters?!?!,0
"118 omg, see robin behind military?",0
die die plz no one die,-1
pls dont goat steve dirty,-1
early holy,0
let go hell yeah,1
kid typical laughably unrealistically strong fantasy genre plotarmour. got nancy singlehandedly bossing shootout whole army special force troops. show like no ball none og kid likely die.,-1
spoiler vecna dy,-1
think nancy wheeler pubg player,0
holy shit 120,0
thats eddie sure,1
anyone else excited volume 2 christmas lol?,1
let fn gooooooooo!!!,1
fact went like no not.,0
,0
look mike gave el ...oh mileven never bone,0
"wdym die, die ?? anyone dying?!",-1
die die,-1
7 min,0
,0
wow 7 min,1
yooooooooooooooooooo,0
5 minute gang,0
code red! vol 2 turn world upside down!47reply,1
damm come 4 minute ago,0
people rock world.,1
jesussssss,0
"die , die!!",-1
gonna epic,1
peak,0
die die,-1
whoooooooooooooooooooooo eeeeeereeeeeeee fun,1
,1
feel illegal early,-1
die die,-1
"im not gonna watch volume 2 teasernetflix drop volume 2 trailerme immediately cave left speechless die, die",-1
6 min. let gooooooooooooooooooooooooooooooooooooooooooooooooooooo,1
"kali, el gonna like 3 musketeer season",0
"gonna rollercoaster, ok netflix",1
,1
"die, die.....",-1
not expecting today lol,-1
hello,0
ouuuuuu,0
let goooo,1
"die, die",0
doraemon easter egg,0
god. trailer. not ready,-1
time blast,1
"volume one good, but get amazing. scared dustin steve right now.",1
"die, die whyyyyy????",-1
u die die yes lessgo,-1
054 walkem wheeler,0
oh god,1
one last time baby !!,1
excited,1
great waiting,1
"lovve , goosebump , indian crazy waiting , single problem college exam , but leave , st5 matter",1
"die, die die, die stop im gonna sick",-1
steve dustin saying die die,-1
"not die, die",-1
"die, die",-1
steve die dieme dont die,-1
t peakkkk,-1
nancy fighting soldier chef kiss.,0
ho ho ho bitchin,0
f .... mean u die die,-1
last 20 sec,0
wheres byler feeding,0
wait another long 10 day,0
steve dustin going die guy gg,-1
time rightside up....,0
wow,0
gng mean die die,-1
118 anyone notice someone falling???,0
steve dustin die diethis dangerous foreshadowing,-1
guy im not ready,-1
10 minutes!,1
omgggggg,0
yesss,1
lfggggg,0
"die, die bitch nooooooo",-1
"steve dustin die, another episode chaper 9 vanishing duffer brother",0
omf,0
woahhhhhh,1
ohhh yeaahhhhh finallyyyyyyyy yayyyy,1
holly crabbbbbb,0
"die die, cant",-1
steve bs jinda rhe,1
,1
it!,1
,-1
steve dustin going together im calling it!!!,1
die die no not dustin steve,-1
absolute cinema,1
love all!!!!,1
insane,1
omg think max fighting vecna save holly,0
volume 1 avenger infinity war.volume 2 avenger war volume 3 avenger endgame ahh,0
volume 2 literally everyones era,0
u die die not ready scene,-1
"141 eleven really tryna say gotta show yall now, cause stole shine.",0
yooo 6 minute agooo,1
"die, die... hurt u",-1
indian watcher attendence,0
christmas gonna ruined,-1
anyone else hear security siren alien mixed trailer?? maybe im crazy but thats cool,1
nancy fire,1
wdym die die ??,-1
excuse die die??,-1
nancy shot gun deadly combo,0
holly cooked,0
no dying 136 please,0
"die, die also die cannot accept",-1
hell yes! murray walk em wheeler together!,1
got 5 day release! blew fast! cant wait till christmas! thanks sharing posting lydia,1
peak trailer!!,1
whose waiting christmas year,1
omg im not ready netflix keep,-1
137 u die die,-1
least robin trailer,0
die die die die,-1
got,1
john b 2.0 baby 135,0
voluke two trailer yesss,1
w duffer bros,1
steve dustin better not die,0
want happy ending,1
please god koi bhi character gyb nhi hona chahiye except vecnaa,-1
holly shit,-1
holy mother godd,-1
135 perfect match,1
5 min ago,-1
dont steve,1
"die, die steve dustin. ughhh 135",-1
no one dieee,-1
omg omg omg!!!,1
final peak,1
137 jump jump jack!,0
die dieplzz nooo,-1
im ready second part!,1
"steve die, diedustin no, die, diei hope neither die",-1
legendary refresh pull,0
055 thats goat nancy walk em wheeler,0
holly cooked.,0
"die, die foreshadowing death",-1
"trailer not lot steve liking, die die part make even worried",-1
unbelievable,-1
think showed way much trailer trailer shouldnt even exist,-1
"die, die",-1
cant wait 10 day,1
gonna cooking rest season,1
"die, die",-1
woow!?!,0
lot willpower coming soon,1
054 nancy,1
dont fcking die two,-1
054 nancy gunnnnnn amazing,1
steve dustin duo,1
"die, die !!! ohhh shut guy give stress plz dont die",-1
die die,-1
wow,1
nancy walk em wheeler,0
,0
"die,i die im thinking",-1
cant wait,1
die die,-1
nice,1
no steve please,-1
"die, dieneither u die plsssss",-1
138 dustin said die die,0
im sure kali traitor,0
release date?,0
"die, die.. please nooooo",-1
"noo dustin steves line!! die, die",-1
omg,0
nancy slime whole military,0
die die,-1
no die die plsss,-1
,-1
go teasing steve death stop!!!!! nancy hot though,1
"steve dustin looking saying die, die sigh wont good christmas",-1
holy mother,-1
eddie munson comeback please!,1
left derry im ready come back hawkins,0
damn going good,1
"die, die...",0
"die, die let gooo im gonna cry",-1
"seeing vecna inside wheeler house, holly cooked.",0
"die , die",-1
die die wtf,-1
136 die die look like steve dustin back,1
steave die die,-1
omgggggg,0
"got 4 minutes...!!!,!",1
let,1
,0
omgggg omggggg,0
"dustin,nancy robin truck. wheres steve",-1
"die, die omg",-1
132 kali attack hopper?,0
waiting 25dec,1
bylers feeling,0
notice showed 0 mike scenes? byler endgame,0
holy moly!!!!!!,1
nooo hindi pwedeng mamatay si dusty bun!,-1
die ?,0
let gooooo,1
yes yes yes ready,1
"die, dieor no one dies, no one dies!!!!!!!!!!",-1
look literally like peak stranger thing,1
die die bro happening,-1
yesssssssssss die die,-1
hell,-1
watchhhh???!!! cant wait 10 dayssss mannnnn...,1
die die hell nahhhhh,-1
get get hide byler want know see,1
soooo peakkkkkk 106,-1
literal chillssss,1
one last time,1
omggg,0
die die,0
1 minute ago toe tickling...damn holy shittt,-1
hyped,1
give u jopper scene im begging,0
"die, diethey die, duffer brother die",-1
legend watched within 5 hour assemble,0
steve die vanshing duffer brother,0
murray goat,0
wheres byler.,0
die die,-1
omg even real !!!!!!!!!!,-1
hope steve doesnt die justin,0
man,-1
"no, dont die",-1
"die, die.",-1
die die duo back!!!!,1
go,1
literally cant wait,1
im excited im gonna spontaneously combust,1
"die , die",-1
robin dy im suing,-1
steve end song enof beginning,-1
steve never say word die,-1
oh,1
w stranger things!!,1
normies,0
mean gotta wait two week,-1
oh dawwgggggg,0
"whole times,everything weve assumed upside dead wrong wdym 9 year wrong?! cant wait",-1
take em down!!!,-1
better get byler christmas,0
lfg!!!,0
"die, die",-1
way repeat die die insane,-1
best show ever,1
peak bro,0
hols shitvthis pesk,-1
die die.,-1
u die.............i dei,0
"steves dustins die, die, none die please?",-1
"die , die",0
die die call back s3 but im scared one gonna die!!!,-1
omg pleaseeeee end well,1
ready vol. 2?,0
alright steve stop talking tabout dying bro..,-1
die die steve dustin moment,0
wait,0
clicked notification quick,0
im soooo ready,1
die die already makin cryyyy,-1
"one word describe this, peak!",1
"question john wick replaced hopper, would series lot shorter?",0
dont die,0
"die, die think im dying",-1
im ready this!,1
next week,0
love st since young love cast cant wait season 5678910,1
vecna puppet mind flyer,-1
ready,1
im early woo,0
"die, die......ong lit",-1
140 die die !!!,-1
first,0
steve bhai ke liye like kro,0
class watch idc either way already watching stranger thing look good cant wait 25th,1
let go,1
will season,1
think steve gonna die season last,-1
peak!!!!!,1
die die actually no thanks!,0
"139 die, die",-1
damn deadlight tf,-1
"itlll insane jane,08, fight together vecna",-1
imagine series finale world end,0
"die,i die",-1
die die,-1
,1
im ready,1
die die,-1
omg ready!,1
best stranger thing trailer yet...,1
die die,-1
steve dustin die die,1
itll best day life ngl,1
,1
im sorry but doesnt look good st lost charm,-1
,0
screaming cry throwing,-1
im cry throwing time,-1
peakk,1
upside boy turn,1
135 excuse me??????????,0
greatest show ever,1
hellllooooooooo early commenters,1
,1
"war , volume 2 coming 3",0
"vacna victim sure. goodbye max, goodbye eleven goodbye",-1
going cook vecna!!!,1
diana ross upside playing golden,1
favourite series,1
"die, die.",-1
girlfriend dania recommended stranger thing me. im happy did. one best series ever,1
die die,-1
mind flyer main villain,-1
end louder beginning,1
want everyone alive,1
die die not ready,-1
die die pls nobody die,-1
stravenger thing,0
next week!!!!!!,1
uh die die epic,-1
die die,-1
willll,0
craziest plot twist ending volume 1,-1
okay maybe steve isnt safe...,-1
ready!!!!!!,1
omg early istg coincidence omg,0
well well well,1
136 steve dustinyou die die..tell thats not gonna happen,-1
"yo, really put mike together?",0
ive got upside song head wont go away new year.,0
136 wtf no plz,-1
let goo ready sad awaited end stranger thing,1
"die, die shut stay alive sake",0
dustin steve die would fire netflix,1
yeesssss,1
boy solo series,1
,0
yayyayyayauaua,1
better not let steve die,-1
die die. peak cinema truly,-1
wwoooww,1
duo back die die,0
alright let go,0
nancy fighting soldier chef kiss.,0
whole trailer gonna decide christmas year memorable miserable,0
anywhere door cameo,0
team,0
"136 fuckn called it, knew line would come back",-1
"die ,i die",-1
yes less 10 min gang,0
aaaaaaaaaaaaaa,0
"die, die....",-1
oh shit!,-1
nancy walkem wheeler!!!,1
die die?,-1
number 1 show world stranger thing,1
saw within 4 sec let goooooooo,0
die die,-1
025 salvation run!!!,1
code red,0
saw 2 minute ago,1
dropped let goo,0
earlyyyy,0
im ready but im not time,-1
iits peak,0
cant believe 3 episode,-1
yeahh baby,1
,1
pennywise not stand chance creature,-1
gotta brace end,0
shesshh,1
love sooo much swear die,1
december 25 cant come fast enough,1
,1
3000 view,1
cant wait,1
byler endgame please beg,1
yoooooo,0
die die,-1
"die, died",-1
oraa oraa oraaa,1
dustin said die die,-1
,1
christmas going fun,1
"die, die",-1
137 season 3 scene elevator reference,0
x ma blast starnger thing prodeuction,1
trixie katya review this???,0
u die die,-1
cant wait,1
im excited,1
netflix casually drop peak soon clocked,0
,1
soo excited dmnnnn,1
daaaamn not steve dustin please,-1
holly shit going 213,-1
yoooo let goooooo cant wait,1
deep sht,-1
mind blowing,1
let goooooo,1
watch el disappear end reappear,0
steve mean dustin dy die?!,-1
jamie campbell henry creel remembered generations.,0
let goooo!!!!!,1
"die, die. think well die vol. 2 come",-1
"die, die no netflix beg season joy",-1
let go,1
nooo youuu die ill die nooooo plssss nooo,-1
going crazy,1
125 vecna world,0
nooo youuu die ill die nooooo plssss nooo,-1
lessssssssgggooooo bbyyeeerrrsss!!!!,1
oi,0
yessssss,1
,1
die die,-1
die die no,-1
fan,0
trailer hit harder bullet take charlie kirk.,-1
nancy walk em downnnn wheeeleeerrrrrr!!,0
wtf nancy going toe toe trained soldiers. horseshit,-1
military people much skill but losing children.,-1
im catching trailer life stake weeks!,1
,0
nooo youuu die ill die nooooo plssss nooo,-1
oh lord,0
christmas gonna stay home christmas,1
yes !!!,1
basically byler,0
"die, die.no please",-1
let go one last time will!,1
im ready,1
cant wait ?!?!,1
surely cry jan 1,-1
let hoo,0
warp 2512 now?,0
absolute cinema literally absolute cinema,1
oh im ready,1
nooo youuu die ill die nooooo plssss nooo,-1
30th im ready,1
damnnnnnnn,-1
within 3 minutes. hit like.,1
045 wtf,-1
willl,1
nossa,1
0026 anywhere door?,0
try gain sub commenting,0
let go will!!!,1
im earliessstttt,0
,1
please time chemistry suzie dustin. please give screen time suzie,1
time el kali peak,1
"will, eleven, kali v vecna , henry , 001",1
first ooh,0
thats wrap,-1
dad excited,1
love u much,1
2 minsss 2304 viewss,0
yes get willl,1
"will, el kali beat serious vecna ahh lessfggooo",0
stay go?and im stranger thing 5,0
dare youtube hide entire minute!,-1
,1
byler endgame,0
really expected trailer release 5 day december 25,0
yes,1
fireeee,0
someone called vecna onion pakoda cant unsee,0
omg.......,1
omgggg,0
wow,0
going vol. 2,1
bro im not ready this.,-1
,1
gonna peakk,1
waiting doomsday trailer. but got instead. gold,0
054 nancy smoke em wheeler,0
less gooooo,1
vol 2. blow mind !!,1
gooooo,0
stranger thing,1
no way,-1
heck hydra?,-1
,1
love india,1
found exit!!!!!!,0
steve gang,0
let go,1
im ready cook,1
hour gang,0
let goo!!,1
let go will!!!,1
yeah babyyyy,1
damnnn!!!!!,-1
almost,0
holy shit,-1
let go,1
oh best christmas present everrr,1
hewll yeahhhhh!!!!!here go vol 2 trailer!!!!!!!,1
else pressed instantly,0
yesssss,1
,0
yes finally,1
1 minute,0
wise,1
supporting small channel,0
,1
omg,0
yesss,1
let go,1
cant wait,1
2 minute gang,0
max fan,0
cant wait .watching live from254 kenya,1
"code red, repeat, code red!",1
nancy gonna become terminator soon,0
watch bangladesh,1
best series volume 2 loooooooool,1
nancy walk em wheeler,0
yeahhhhhh,1
ye bachche hi sahi,-1
1st,0
elevennnnnn,0
wow,1
,1
gonna miss show?,-1
"let gooooo, im first moooom",1
here. we. go. volume 2 coming.,0
love india,1
stranger thing yesss,0
oh godddddd..its happening,0
gonna absolute cinema,1
let gooooooo,1
first comment,0
max escaping,0
let gooooo,1
let goooo,0
totally random,0
yes yes yes,1
let gooo,0
,1
no 8.,0
wiseeeeee,0
,1
yes,0
iam readyyy,1
yesssss,1
willlll,1
let gooooooo,1
wait,1
let go,1
holy shit ball,-1
first,1
omg wasnt even expecting waittt,-1
time,0
yesssssss!!!!,1
,1
cant wait roll,1
soon!!,1
let goooo!!!!,1
clicked soon notification popped,0
let go!,1
oh.my.god. 1 min ago aahhhhhhh,1
yes amen,1
y,0
69th comment,0
2min,1
im seeing ai trailer volume 2 banger released ooooooooooooo fu,0
holy shit happeing,1
,1
im not ready but,0
,1
finally,0
unexpected,-1
ahhhh,0
let goooooo,1
early,0
everything coming gta 6,0
peak. mind flayer controlling vecna?!,0
"long last, begin",1
come end,1
,1
omg musiccccccccccc,1
yup chat cooked.,0
!!!,0
holyyy shitttt abt insaneeee,-1
randomly dropped,-1
dang! nancy coming truck pewpew...,-1
stranger thing one favourite show,1
4 second ago,0
vai ser brabo,0
,1
yesss,1
yes,0
runnnnnnnnnnn!,0
woah,0
wooooohooooooo,1
huhhh finally,1
aaaaa,0
omggg,0
god damn,-1
f,-1
8 th,0
,1
hollyyy shittt,-1
im hype!!,1
w thy chaticles,0
"will, will,",1
cant wait volume 2,1
,1
,0
pin netflix please love u,1
love bd,1
clicked fast mileven forever,1
omg no way let goooo,0
first,0
omg,0
ohh god,-1
second,0
,0
omgggg,0
yes yes,1
let go will!!!,1
frist netflix gonna blow,1
body ready !!!!,1
let goooo,1
passada,0
omg,0
first,1
omg,0
omfg,0
great,1
2,0
,0
first comment please pin,0
omgg,0
first yopo,0
omg,0
second,0
whhattt????,0
finally,0
holy fart,-1
finally,0
early,0
first wtff,0
first,0
forst,0
